u,v,key,geohash,mesafe_km,highway,name,length
248138590,11889214430,0,sxk90e,0.28158226118478175,trunk,Rauf Orbay Caddesi,66.75986277100165
304052424,2245030843,0,sxk90w,0.028865004421788507,primary,D-100 Güney Yanyolu,176.7042582914863
304052752,304052424,0,sxk90w,0.20939348870034108,primary,D-100 Güney Yanyolu,226.9006176118694
579904564,11889214432,0,sxk90e,0.2706463717525284,trunk,Rauf Orbay Caddesi,50.77144057134165
905166498,304051898,0,sxk90q,0.1231130255900834,primary,D-100 Güney Yanyolu,508.69855300860263
905166602,2245056702,0,sxk90n,0.05599698544336826,trunk_link,,190.77114976629014
905166614,12142728022,0,sxk90q,0.16049979515027998,trunk,,451.30922524945925
905166687,905166947,0,sxk3py,0.08012867617323616,motorway_link,Çobançeşme Kavşağı,208.53388076650614
905166947,1857937358,0,sxk3py,0.07908917156987791,primary,D-100 Güney Yanyolu,160.39487537936552
909194266,2245070584,0,sxk90y,0.14785246602411112,secondary,,57.851339491957155
909194266,2245070578,0,sxk90y,0.13164546710079797,secondary,,13.71033937108809
909194333,909194349,0,sxk91p,0.1997953169111516,trunk_link,,305.31834295231164
909194333,8745909513,0,sxk91p,0.2864874996538402,primary,D-100 Güney Yanyolu,45.98934894598884
909194349,5777925705,0,sxk91p,0.1718428209420037,trunk,,227.96854740501203
909195158,2365290907,0,sxk90z,0.24852192896103908,primary,D-100 Güney Yanyolu,173.08814193701934
918481706,918481722,0,sxk932,0.17583233967375012,primary_link,,77.57613734265661
918481706,918481748,0,sxk932,0.16818886506292968,primary,D-100 Güney Yanyolu,78.6475391192568
918481735,918481722,0,sxk932,0.2140112379495369,primary_link,,13.96736240165051
918481735,918481748,0,sxk932,0.17198908528962448,primary_link,,109.39004353004013
918481748,2364065083,0,sxk932,0.20587209036007145,primary,D-100 Güney Yanyolu,124.61944381581148
918481860,2368203169,0,sxk91r,0.23770010364215177,primary_link,,330.3332881973763
918481862,2368203169,0,sxk91r,0.14628528425290738,primary,Çobançeşme Koşuyolu Bulvarı,342.5854942008214
918482342,2364065038,0,sxk932,0.2625802471962998,primary,D-100 Güney Yanyolu,261.6169425545776
958136015,8745909513,0,sxk91p,0.2922663736159823,residential,,32.23162299233407
958136017,958136015,0,sxk91p,0.2993701946588967,residential,Olgunlar Sokağı,38.80649880357725
958136239,958136102,0,sxk91p,0.10079189383500947,primary,D-100 Güney Yanyolu,91.73794647545813
958136239,958404971,0,sxk91p,0.10379037025067638,primary_link,,495.8044685308228
958136383,2364065047,0,sxk91r,0.17984608114626624,primary_link,,217.27758969565272
958136383,968158074,0,sxk91r,0.23446185832725672,primary,Çobançeşme Koşuyolu Bulvarı,296.96049075589445
958404936,958404939,0,sxk91p,0.2970294689207677,tertiary_link,,14.443650497957885
958404936,968158282,0,sxk91n,0.2697615580465273,tertiary,İsmail Erez Bulvarı,235.66733220293315
958404939,958404946,0,sxk91p,0.2842434312264313,primary_link,,36.237705006905905
958404946,958136102,0,sxk91p,0.09079020629394094,primary_link,,464.1265922157669
958405050,958405158,0,sxk91n,0.28931840354577437,residential,Başarı Sokağı,60.357798674263435
958405054,958405074,0,sxk91n,0.2991887819863798,residential,,58.72348226845853
958405065,958702684,0,sxk91n,0.14413720458843376,residential,,160.3485833336175
958405065,13736826264,0,sxk91n,0.09131371360588456,tertiary,Tez Sokağı,40.53733055607608
958405065,958702676,0,sxk91n,0.15671332942548855,tertiary,Tez Sokağı,105.58991641566301
958405070,958702684,0,sxk91n,0.21612482866971228,residential,,14.785588415622563
958405070,958405074,0,sxk91n,0.2666436656801005,residential,,82.54772512560358
958405070,958405255,0,sxk91n,0.17910707929787617,tertiary,Ahmet Doğan Yılmaz Sokağı,88.89680941038587
958405074,958405070,0,sxk91n,0.2666436656801005,residential,,82.54772512560358
958405109,2381937670,0,sxk91n,0.22557279946418662,residential,Suna Sokağı,119.35681286772041
958405109,4586888655,0,sxk91n,0.1919516179040865,residential,Suna Sokağı,17.058555571437637
958405109,958405259,0,sxk91n,0.18116809776308926,tertiary,,37.534514660219735
958405120,958404946,0,sxk91p,0.28437269279680394,primary_link,,56.92800915322111
958405120,958404939,0,sxk91p,0.2970590892328142,tertiary,İsmail Erez Bulvarı,46.63753868618663
958405158,958405074,0,sxk91n,0.2991887819863798,tertiary,Agah Efendi Sokağı,59.843760421353295
958405158,958405478,0,sxk91n,0.2944440818719,tertiary,Olgunlar Sokağı,92.53216235317316
958405179,958405736,0,sxk90y,0.28529418453737404,secondary_link,,7.966444302195002
958405179,958405488,0,sxk90y,0.2908727027151523,secondary,İncirli Caddesi,98.2282210936024
958405203,958405070,0,sxk91n,0.2797251543451659,tertiary,Ahmet Doğan Yılmaz Sokağı,180.51783184879457
958405203,958702679,0,sxk91n,0.2939899408112674,tertiary,Yunus Nadi Sokağı,56.213060982402226
958405255,958405259,0,sxk91n,0.16262409224666918,tertiary,Ahmet Doğan Yılmaz Sokağı,82.41416709764148
958405255,13736826264,0,sxk91n,0.09394547328309069,tertiary,Tez Sokağı,120.67523955877311
958405259,958405470,0,sxk91n,0.1379313403527424,residential,Sugözü Sokağı,38.39233562785727
958405259,958405478,0,sxk91n,0.20211190494485834,tertiary,Ahu Sokağı,121.9322526585622
958405259,958405109,0,sxk91n,0.18116809776308926,tertiary,,37.53451466021973
958405314,958405381,0,sxk90y,0.2901975648119978,secondary,,74.4080955971983
958405317,958405314,0,sxk90y,0.25379379066438607,residential,Gülderen Sokağı,65.29099150263897
958405321,958405333,0,sxk90y,0.28091685971604563,residential,Haksever Sokağı,72.22827998119018
958405321,958405317,0,sxk90y,0.27822979083338134,residential,Gülderen Sokağı,97.0700704814112
958405333,958405334,0,sxk90y,0.2432976696550142,residential,Haksever Sokağı,92.72357395993721
958405334,2365290898,0,sxk90y,0.24343847878647626,residential,Haksever Sokağı,79.47662219901773
958405334,13891516134,0,sxk90y,0.16277347107728096,residential,Turanlı Sokağı,123.89529772476955
958405334,958405490,0,sxk90y,0.28340010584938524,residential,Turanlı Sokağı,49.52594361557014
958405352,958703113,0,sxk90y,0.07580090133040421,tertiary,Karabal Caddesi,65.31932317770736
958405352,958702973,0,sxk90y,0.14531007494998724,tertiary,Karabal Caddesi,100.131932100435
958405380,958405381,0,sxk90z,0.29933903820648977,residential,Çağ Sokağı,67.64206190133217
958405383,958405317,0,sxk90y,0.26411235907068514,residential,Yolbaşı Sokağı,62.619213674206364
958405383,958405333,0,sxk90y,0.2383514068451034,residential,Tatlı Nar Sokağı,131.43632225428027
958405385,958405747,0,sxk90y,0.1306143184719621,secondary,Dr. Tevfik Sağlam,52.44845732892475
958405385,958405383,0,sxk90y,0.15065788714876832,residential,Yolbaşı Sokağı,69.91058743043328
958405392,958405385,0,sxk90y,0.14151062089841565,tertiary,Karabal Caddesi,15.635008469899276
958405392,9769272792,0,sxk90y,0.149065420713593,secondary,,172.03413636766956
958405403,958405392,0,sxk90y,0.128133504267163,secondary,,8.713583810928386
958405403,958405352,0,sxk90y,0.06781134476677365,tertiary,Karabal Caddesi,153.91532921175147
958405417,958405383,0,sxk90y,0.20440797690608964,residential,Tatlı Nar Sokağı,64.09648913756783
958405417,958405314,0,sxk90y,0.24777819380372323,secondary,,62.17994111573722
958405450,958405458,0,sxk91n,0.02904723521955406,residential,Yeşilsu Sokağı,52.37386135222947
958405450,968158244,0,sxk91n,0.0790797208612273,residential,Yeşilsu Sokağı,42.96301341420865
958405450,968158241,0,sxk91n,0.05905122822134814,residential,Mescit Sokağı,96.0920622248629
958405458,13736826260,0,sxk91n,0.011033429473368769,residential,Sugözü Sokağı,5.4066714909880575
958405458,958405450,0,sxk91n,0.049048126159661136,residential,Yeşilsu Sokağı,52.37386135222947
958405458,958405470,0,sxk91n,0.0550340127692498,residential,Sugözü Sokağı,149.39202932054187
958405470,958405259,0,sxk91n,0.17494855790168212,residential,Sugözü Sokağı,38.39233562785727
958405470,958702696,0,sxk91n,0.1234268238718072,residential,,87.00096765187982
958405470,958405458,0,sxk91n,0.0550340127692498,residential,Sugözü Sokağı,149.39202932054187
958405478,958405113,0,sxk91n,0.2991387421010261,tertiary,Olgunlar Sokağı,16.908421676595843
958405488,958405490,0,sxk90y,0.28769000060431327,secondary_link,,8.065599558544402
958405488,958405889,0,sxk90y,0.29677490158079667,secondary,İncirli Caddesi,103.14609334207562
958405490,958405736,0,sxk90y,0.2836145174519884,secondary,İncirli Caddesi,98.42746500577907
958405490,958405334,0,sxk90y,0.2572584660887843,residential,Turanlı Sokağı,49.52594361557014
958405605,2245070590,0,sxk91n,0.2886426779727375,residential,Aydın Yuva Sokağı,55.77085964135514
958405623,2365310144,0,sxk91n,0.21836671620532896,residential,Çağlar Sokağı,101.89589825591901
958405623,968158288,0,sxk91n,0.18150272313356142,residential,Mine Sokağı,73.42637886033339
958405736,958405820,0,sxk90y,0.2865288852095575,secondary,İncirli Caddesi,6.185014938078732
958405736,958703203,0,sxk90y,0.2706933517654814,secondary,Dr. Tevfik Sağlam,33.67422912100513
958405743,13891516134,0,sxk90y,0.14992580268834757,secondary,Dr. Tevfik Sağlam,161.03786541851812
958405747,958405749,0,sxk90y,0.1306872367821298,secondary,,8.323255890782896
958405749,958405417,0,sxk90y,0.14427657853157655,secondary,,61.38577025425478
958405749,909194266,0,sxk90y,0.1370920808514414,secondary,,23.40033702867286
958405771,958405403,0,sxk90y,0.11138688464148604,secondary,,49.81464241276425
958405771,958405747,0,sxk90y,0.11943420482005516,secondary,,26.743580040439607
958405820,2365290893,0,sxk90y,0.294699131201182,secondary_link,,8.296332907860686
958405820,958405531,0,sxk90y,0.2982403320966661,secondary,İncirli Caddesi,55.40279797061093
958702676,968172560,0,sxk91n,0.2444517825711441,tertiary,,69.24249204020636
958702676,958405065,0,sxk91n,0.15671332942548855,tertiary,Tez Sokağı,105.58991641566303
958702676,958702760,0,sxk91n,0.2166532878124897,tertiary,Tez Sokağı,41.463470179009676
958702679,968172560,0,sxk91n,0.27458295169467833,tertiary,,63.504146561406415
958702679,958405203,0,sxk91n,0.2939899408112674,tertiary,Yunus Nadi Sokağı,56.213060982402226
958702681,958702684,0,sxk91n,0.20793400681626922,residential,,116.43806759991207
958702684,958405070,0,sxk91n,0.22772147535303755,residential,,14.785588415622563
958702684,958405065,0,sxk91n,0.14413720458843376,residential,,160.3485833336175
958702684,958702681,0,sxk91n,0.20793400681626922,residential,,116.43806759991207
958702696,958405470,0,sxk91n,0.1234268238718072,residential,,87.00096765187982
958702747,968172610,0,sxk91j,0.24427777233201092,tertiary,Terakki Caddesi,37.89741844422353
958702760,968172558,0,sxk91n,0.2529029140712245,residential,,41.21855397639951
958702760,968158137,0,sxk91n,0.25006413426063506,tertiary,Tez Sokağı,19.870716802730996
958702760,958702676,0,sxk91n,0.2166532878124897,tertiary,Tez Sokağı,41.463470179009676
958702831,958703326,0,sxk90v,0.22331397716782944,secondary,Yüce Tarla Caddesi,35.135433941697755
958702844,958702852,0,sxk90v,0.2688346016029145,living_street,Gülbahçe Sokağı,112.08991081191809
958702847,958703163,0,sxk90v,0.22163618105418487,living_street,Zümrüt Evler Sokağı,128.5574911315497
958702852,958703163,0,sxk90v,0.20472836613313647,secondary,Yüce Tarla Caddesi,72.85673928533599
958702852,958702844,0,sxk90v,0.2688346016029145,living_street,Gülbahçe Sokağı,112.08991081191809
958702871,958703006,0,sxk90v,0.270552681525814,residential,Yeni İncirli Yolu Sokağı,51.02228401674115
958702891,958703154,0,sxk90v,0.08300500898217217,tertiary,Demirkapı Caddesi,87.20241209859391
958702891,958702893,0,sxk90v,0.1646980314346477,residential,Vankulu Sokağı,69.4810657073257
958702891,2382891996,0,sxk90u,0.2822378255525102,tertiary,Demirkapı Caddesi,309.57567607369674
958702893,958703044,0,sxk90v,0.1707575588550511,residential,Akatlar Sokağı,6.1844395814136295
958702893,958702891,0,sxk90v,0.16057563646473097,residential,Vankulu Sokağı,69.4810657073257
958702893,958703157,0,sxk90v,0.11418609645980962,residential,Akatlar Sokağı,95.84111437281362
958702899,958702900,0,sxk90u,0.1927898942761319,living_street,Tamburacı Osman Sokağı,65.57748003075814
958702899,958703288,0,sxk90u,0.18443111553375197,secondary,Yüce Tarla Caddesi,66.64087625710337
958702900,958702990,0,sxk90u,0.2565695774122701,residential,Zümrüt Bahçe Sokağı,67.51221442867619
958702900,958702899,0,sxk90u,0.22581866313452803,living_street,Tamburacı Osman Sokağı,65.57748003075814
958702911,958702982,0,sxk90v,0.29679036921073065,residential,Zümrüt Bahçe Sokağı,36.5411841535616
958702912,958702994,0,sxk90u,0.28126627693343637,secondary,Yüce Tarla Caddesi,66.60769632441482
958702924,958703219,0,sxk90v,0.29311454044179697,secondary,Yüce Tarla Caddesi,73.39327313665672
958702955,958702956,0,sxk90y,0.28926433639888793,living_street,Sarsılmaz Sokağı,59.6520820102257
958702956,958702957,0,sxk90y,0.2441701385403847,living_street,Sarsılmaz Sokağı,54.33462798424259
958702956,958703121,0,sxk90y,0.24507574365269308,residential,Türkiş Caddesi,112.59718210499238
958702957,958702970,0,sxk90y,0.2008884822391515,living_street,Sarsılmaz Sokağı,54.6933615837847
958702957,958703121,0,sxk90y,0.218190225076943,residential,Hüdaverdi Sokağı,95.80831225311476
958702970,958702973,0,sxk90y,0.1604783005875099,living_street,Sarsılmaz Sokağı,59.32290928348749
958702970,958703118,0,sxk90y,0.15983879999695957,residential,Akatlar Sokağı,126.06299833085757
958702973,958405352,0,sxk90y,0.11371768939309064,tertiary,Karabal Caddesi,100.131932100435
958702973,958703228,0,sxk90y,0.20715288914163127,tertiary,Karabal Caddesi,132.82541794943594
958702982,958703044,0,sxk90v,0.22417564870094342,residential,Zümrüt Bahçe Sokağı,111.84857937304136
958702983,958702982,0,sxk90v,0.28067979514942,living_street,Ünaldı Sokağı,79.1431620493252
958702990,958702994,0,sxk90u,0.28126627693343637,living_street,Kubilay Sokağı,65.01006119024908
958702990,958702911,0,sxk90u,0.2912762646835955,residential,Zümrüt Bahçe Sokağı,61.72355544188045
958702994,958702990,0,sxk90u,0.2565695774122701,living_street,Kubilay Sokağı,65.01006119024908
958702994,958702899,0,sxk90u,0.24394143783580366,secondary,Yüce Tarla Caddesi,66.83013821340475
958702999,958702994,0,sxk90u,0.28126627693343637,living_street,Kubilay Sokağı,88.2274108353898
958703005,12246600527,0,sxk90v,0.22971213426087284,secondary,Yüce Tarla Caddesi,73.05266101183997
958703005,958703006,0,sxk90v,0.270552681525814,living_street,Yeni İncirli Sokağı,78.73647803829965
958703006,958703005,0,sxk90v,0.20251470638755895,living_street,Yeni İncirli Sokağı,78.73647803829965
958703026,2245070454,0,sxk90u,0.2916078711190493,residential,Yeni İncirli Yolu Sokağı,73.32352970299017
958703042,12246600527,0,sxk90v,0.22971213426087284,residential,Vankulu Sokağı,52.95785757689149
958703042,958703142,0,sxk90v,0.14212545621225875,residential,Türkiş Caddesi,106.54825354906544
958703044,958702893,0,sxk90v,0.1646980314346477,residential,Akatlar Sokağı,6.1844395814136295
958703044,958703042,0,sxk90v,0.19386576482149076,residential,Vankulu Sokağı,53.86078036885246
958703113,958405392,0,sxk90y,0.12091717874943322,tertiary,Karabal Caddesi,86.8825128277513
958703113,958703118,0,sxk90y,0.08677043441587014,residential,Hüdaverdi Çarşısı Sokağı,92.12601572685755
958703118,958703121,0,sxk90y,0.212327554912077,residential,Hüdaverdi Çarşısı Sokağı,62.536928337473014
958703118,958702970,0,sxk90y,0.18471756727308572,residential,Akatlar Sokağı,126.06299833085757
958703118,958703113,0,sxk90y,0.08677043441587014,residential,Hüdaverdi Çarşısı Sokağı,92.12601572685753
958703121,958703200,0,sxk90y,0.24367364082665308,residential,Hüdaverdi Sokağı,71.37715508902559
958703121,958703118,0,sxk90y,0.15353466691076306,residential,Hüdaverdi Çarşısı Sokağı,62.536928337473014
958703121,958702957,0,sxk90y,0.218190225076943,residential,Hüdaverdi Sokağı,95.80831225311476
958703137,958703182,0,sxk90v,0.21341581905324059,living_street,Çamlık Çeşme Sokağı,57.66694285506416
958703140,958703137,0,sxk90v,0.24107389659201414,residential,Türkiş Caddesi,103.64878604704917
958703140,958703176,0,sxk90v,0.12544956971702442,living_street,Leventler Sokağı,65.65098216306022
958703142,958703159,0,sxk90v,0.10018520581147282,living_street,Bilginler Sokağı,49.46711597374789
958703142,958703140,0,sxk90v,0.14853838256930363,residential,Türkiş Caddesi,123.56952474225588
958703142,2382892012,0,sxk90v,0.15502696098400168,living_street,Bilginler Sokağı,58.449161614869425
958703154,958702891,0,sxk90v,0.16057563646473097,tertiary,Demirkapı Caddesi,87.20241209859391
958703154,958703157,0,sxk90v,0.07038995767472808,living_street,Bilginler Sokağı,68.90481600509838
958703154,958703323,0,sxk90v,0.0692509109821286,tertiary,"['Karabal Caddesi', 'Demirkapı Caddesi']",188.79685844798036
958703157,958703159,0,sxk90v,0.10018520581147282,living_street,Bilginler Sokağı,47.48443864649991
958703157,958703154,0,sxk90v,0.08300500898217217,living_street,Bilginler Sokağı,68.90481600509838
958703157,958702893,0,sxk90v,0.11418609645980962,residential,Akatlar Sokağı,95.84111437281362
958703157,958703325,0,sxk90v,0.03410177034953959,residential,Akatlar Sokağı,154.31830739225663
958703159,958703142,0,sxk90v,0.14212545621225875,living_street,Bilginler Sokağı,49.46711597374789
958703159,958703157,0,sxk90v,0.07038995767472808,living_street,Bilginler Sokağı,47.48443864649991
958703159,958703176,0,sxk90v,0.08431008059681223,residential,Hüdaverdi Sokağı,135.97435287452382
958703163,2382892012,0,sxk90v,0.19844064087716484,secondary,Yüce Tarla Caddesi,7.335087639771717
958703176,958703325,0,sxk90v,0.0927090374290032,living_street,Leventler Sokağı,66.7180635478175
958703176,958703182,0,sxk90v,0.18405385915104952,residential,Hüdaverdi Sokağı,106.53800481499437
958703176,958703159,0,sxk90v,0.07980540052299745,residential,Hüdaverdi Sokağı,135.97435287452382
958703182,958703215,0,sxk90v,0.20559387530025838,living_street,Çamlık Çeşme Sokağı,65.20638300233395
958703182,958703137,0,sxk90v,0.24107389659201414,living_street,Çamlık Çeşme Sokağı,57.66694285506416
958703182,958703176,0,sxk90v,0.18405385915104952,residential,Hüdaverdi Sokağı,106.53800481499437
958703186,958703182,0,sxk90v,0.21341581905324059,residential,Hüdaverdi Sokağı,120.8860976078222
958703200,958703121,0,sxk90y,0.212327554912077,residential,Hüdaverdi Sokağı,71.37715508902559
958703200,958405531,0,sxk90y,0.29333138981789886,secondary_link,,71.65432423643
958703203,958405743,0,sxk90y,0.23415706574134476,secondary,Dr. Tevfik Sağlam,24.20277328466422
958703203,2365290898,0,sxk90y,0.24713384163290336,residential,,23.06558117309106
958703211,958703215,0,sxk90v,0.20559387530025838,living_street,Çamlık Çeşme Sokağı,73.24291099053337
958703211,958703323,0,sxk90v,0.14221287242995417,tertiary,Karabal Caddesi,111.43585240472795
958703215,958703211,0,sxk90v,0.21735481465498166,living_street,Çamlık Çeşme Sokağı,73.24291099053337
958703215,958703182,0,sxk90v,0.21341581905324059,living_street,Çamlık Çeşme Sokağı,65.20638300233395
958703215,958703325,0,sxk90v,0.10828093539411052,residential,Akatlar Sokağı,113.00535402507148
958703215,958703226,0,sxk90v,0.25222480839526834,residential,Akatlar Sokağı,116.82010534485755
958703219,958703137,0,sxk90v,0.24107389659201414,living_street,Çamlık Çeşme Sokağı,62.21724746205296
958703219,958702831,0,sxk90v,0.256698217214463,secondary,Yüce Tarla Caddesi,63.398240037809856
958703223,958703219,0,sxk90v,0.2818593545142894,living_street,Tunaboylu Sokağı,211.05349915154383
958703226,958702970,0,sxk90y,0.2008884822391515,residential,Akatlar Sokağı,129.0965630543093
958703226,958703215,0,sxk90v,0.25222480839526834,residential,Akatlar Sokağı,116.82010534485755
958703228,958702973,0,sxk90y,0.20715288914163127,tertiary,Karabal Caddesi,132.82541794943594
958703283,13891532709,0,sxk90u,0.15092141896097386,tertiary,,11.086336036145621
958703283,958703288,0,sxk90u,0.17428766263393417,tertiary,Zuhuratbaba Caddesi,46.240191813171904
958703288,959578678,0,sxk90u,0.1450232088521356,secondary,Ak Mescit Sokağı,99.63414870936107
958703288,959578673,0,sxk90u,0.21039918266486182,tertiary,Zuhuratbaba Caddesi,78.05350057107634
958703288,958703283,0,sxk90u,0.17428766263393417,tertiary,Zuhuratbaba Caddesi,46.240191813171904
958703323,958703211,0,sxk90v,0.18616245895180777,tertiary,Karabal Caddesi,111.43585240472797
958703323,958703154,0,sxk90v,0.06210503349720926,tertiary,"['Karabal Caddesi', 'Demirkapı Caddesi']",188.79685844798036
958703325,958703323,0,sxk90v,0.12215939260636374,living_street,Leventler Sokağı,78.25872451502588
958703325,958703157,0,sxk90v,0.019677771755183898,residential,Akatlar Sokağı,154.3183073922566
958703325,958703215,0,sxk90v,0.10828093539411052,residential,Akatlar Sokağı,113.00535402507148
958703326,958702852,0,sxk90v,0.2075884588851398,secondary,Yüce Tarla Caddesi,38.80761960293516
958703326,958703140,0,sxk90v,0.1690541457697516,living_street,Leventler Sokağı,59.14525757848652
959578411,959578412,0,sxk915,0.12333867287705211,residential,Muhtar Halit Kral Sokağı,55.56632405274253
959578412,966218498,0,sxk915,0.10332011170993437,residential,Muhtar Halit Kral Sokağı,57.54876291371741
959578412,959578411,0,sxk915,0.16020996519127728,residential,Muhtar Halit Kral Sokağı,55.56632405274253
959578412,2382917963,0,sxk915,0.18118975162471873,residential,Şehit Nusret Sokağı,66.42018705762511
959578414,959578415,0,sxk915,0.11710795288305544,residential,Muhtar Halit Kral Sokağı,43.576956099113694
959578414,966218498,0,sxk915,0.10332011170993437,residential,Muhtar Halit Kral Sokağı,18.85123653556625
959578415,959578414,0,sxk915,0.10392701134167193,residential,Muhtar Halit Kral Sokağı,43.576956099113694
959578415,959578484,0,sxk915,0.1592276851332406,residential,Kartopu Sokağı,43.91974488384882
959578415,959578505,0,sxk915,0.08514115797969496,residential,Kartopu Sokağı,78.35479391850178
959578420,966218563,0,sxk91h,0.12004190170277874,living_street,Hatboyu Çıkışı Sokağı,121.6755779279857
959578423,959578420,0,sxk91h,0.2742165950962219,living_street,Hatboyu Çıkışı Sokağı,118.3805875965445
959578426,959578423,0,sxk91h,0.2971673701117452,residential,Hüsreviye Sokağı,131.7084605441482
959578466,959578468,0,sxk915,0.2229788516891206,residential,Bilgi Sokağı,43.0896209379735
959578468,959578528,0,sxk915,0.2501743293311263,residential,Ömer Naci Sokağı,69.9203885804288
959578468,959578466,0,sxk915,0.2229788516891206,residential,Bilgi Sokağı,43.0896209379735
959578468,959578531,0,sxk915,0.2822221490617623,residential,Ömer Naci Sokağı,60.89089915263543
959578469,959578468,0,sxk915,0.26098607672846136,residential,Bilgi Sokağı,69.07855885361747
959578484,959578508,0,sxk915,0.2123307299193614,residential,Kartopu Sokağı,54.787334664653336
959578484,959578415,0,sxk915,0.11710795288305544,residential,Kartopu Sokağı,43.91974488384882
959578484,966218526,0,sxk915,0.2145616364396752,residential,Mor Sümbül Sokağı,161.31390396804343
959578491,2246164827,0,sxk915,0.28247375736555735,secondary,İstanbul Caddesi,86.39445559905354
959578503,966218511,0,sxk915,0.0896811481182798,residential,Küçük Yalı Sokağı,36.34691208136569
959578503,966218504,0,sxk915,0.14320925820149052,residential,Revnaklı Sokağı,55.23159034202179
959578505,966218499,0,sxk915,0.038694782844131206,residential,Banyolar Sokağı,56.89240691735763
959578505,966218566,0,sxk915,0.04333461159713489,residential,Kartopu Sokağı,59.00996494720628
959578505,959578415,0,sxk915,0.08514115797969496,residential,Kartopu Sokağı,78.35479391850178
959578508,959578484,0,sxk915,0.1592276851332406,residential,Kartopu Sokağı,54.787334664653336
959578527,959578525,0,sxk915,0.2856891905458705,residential,Ömer Naci Sokağı,68.69638191947512
959578528,959578527,0,sxk915,0.26045596955395445,residential,Ömer Naci Sokağı,69.87547873407263
959578528,959578414,0,sxk915,0.20606782812330737,residential,Hoca Hasan Sokağı,144.75236236974698
959578531,2382917965,0,sxk915,0.281306908254551,residential,Mabet Sokağı,6.446871133554636
959578537,959578528,0,sxk915,0.2501743293311263,residential,Hoca Hasan Sokağı,70.63909803602392
959578543,959578525,0,sxk915,0.2529672691372241,residential,Mor Menekşe Sokağı,39.240013353530216
959578565,966218523,0,sxk915,0.08573116373703152,residential,Şehit Nusret Sokağı,57.12251590301186
959578565,966218514,0,sxk915,0.11716796743699501,tertiary,İskele Caddesi,35.636172087924706
959578565,966218500,0,sxk915,0.03692658574124498,tertiary,İskele Caddesi,55.8955826264509
959578584,959578705,0,sxk90u,0.26869961825677907,secondary,Fişekhane Caddesi,269.2565163666869
959578607,968172766,0,sxk91j,0.11693649610330203,residential,Buhar Sokak,105.87258062909034
959578607,966218477,0,sxk91j,0.2582985478544106,tertiary,Yeni Caddesi,98.67613697448085
959578607,966218470,0,sxk91h,0.2855943586983677,residential,Buhar Sokak,119.50071440029929
959578607,966218476,0,sxk91j,0.2132410840368988,tertiary,Yeni Caddesi,84.41953146292357
959578608,966218411,0,sxk91h,0.2678952202530197,residential,Şanlı Asker Sokağı,33.007727998420904
959578608,966218451,0,sxk91h,0.20762216124754218,residential,Filiz Sokağı,75.68304332058332
959578608,966218470,0,sxk91h,0.2855943586983677,residential,Buhar Sokak,11.096337858320492
959578620,966218453,0,sxk91h,0.060767589112972815,residential,Kartaltepe Caddesi,70.39111110105723
959578620,13914561021,0,sxk91h,0.052059771361199665,residential,General Şükrü Kanatlı Caddesi,81.630881180046
959578620,959578630,0,sxk91h,0.07272799943691581,living_street,Kartaltepe Caddesi,48.295299815563894
959578630,959578620,0,sxk91h,0.039307675156365254,living_street,Kartaltepe Caddesi,48.295299815563894
959578631,966218453,0,sxk91h,0.060767589112972815,residential,Kartaltepe Caddesi,74.78456781368546
959578631,966218413,0,sxk91h,0.13894384285575206,residential,Behire Sokağı,27.087104912992018
959578637,2246164877,0,sxk90u,0.26222720467774313,living_street,Ray Sokağı,83.78079322483998
959578651,988336272,0,sxk90u,0.07626903742758237,residential,Gençler Caddesi,58.916845430707326
959578651,12205869468,0,sxk90u,0.17271320239073207,secondary,Behçet Kemal Çağlar Caddesi,177.12334646462028
959578651,988336292,0,sxk90u,0.048679106853739995,secondary,Behçet Kemal Çağlar Caddesi,106.19981787585013
959578664,959578671,0,sxk90u,0.28653996564323886,residential,,81.46956439595537
959578664,2382907921,0,sxk90u,0.2765597515853122,residential,,94.41598195608525
959578673,958703026,0,sxk90u,0.2549815801306995,tertiary,Zuhuratbaba Caddesi,9.357477407725344
959578674,959578673,0,sxk90u,0.23973667965766673,living_street,Bestekar Rauf Yekta Sokağı,93.14274388751986
959578674,959578678,0,sxk90u,0.17922719651616148,living_street,Aydınlar Sokağı,108.02293474840846
959578675,959578674,0,sxk90u,0.2220206232794817,living_street,Bestekar Rauf Yekta Sokağı,59.749345509672814
959578675,11556721691,0,sxk90u,0.24384205769748257,living_street,Bestekar Rakim El Kutlu Sokağı,19.235502970698754
959578676,959578671,0,sxk90u,0.28653996564323886,secondary,Şükran Çiftliği Sokağı,59.91491396955719
959578676,959578675,0,sxk90u,0.2250946244957616,living_street,Bestekar Rauf Yekta Sokağı,39.87449200211028
959578678,959578685,0,sxk90u,0.10294153470610252,secondary,Ak Mescit Sokağı,69.87603691004514
959578685,959578675,0,sxk90u,0.2250946244957616,living_street,Bestekar Rakim El Kutlu Sokağı,125.85188665031079
959578685,9038284123,0,sxk90u,0.11267654854381828,secondary,Ak Mescit Sokağı,63.10652454570655
959578692,8857549280,0,sxk90g,0.2604048089942193,secondary,Fişekhane Caddesi,16.55849299586625
959578692,967134295,0,sxk90g,0.2431225645949957,secondary,Zübeyde Hanım Caddesi,109.24029129796997
959578705,959578676,0,sxk90u,0.18941018247207353,secondary,Şükran Çiftliği Sokağı,101.76484390688002
959578732,11889586768,0,sxk90g,0.25977920676637595,trunk,Rauf Orbay Caddesi,191.1229602020044
959578737,959578584,0,sxk90g,0.2663186958581175,secondary,Fişekhane Caddesi,76.61231638841593
959578737,959578696,0,sxk90g,0.2760201866998255,secondary,Fişekhane Caddesi,27.948751428218383
959578766,11889586767,0,sxk90g,0.08599089015035438,trunk,Rauf Orbay Caddesi,59.82212131146837
959578789,959578952,0,sxk90g,0.21862806105845217,primary,,44.91621971686015
959578808,7968198697,0,sxk90g,0.05481515994236853,primary,,8.458629577227128
959578819,959578941,0,sxk90g,0.16668516545125134,primary_link,,30.8211705774652
959578819,959578822,0,sxk90g,0.137922135341984,primary,,61.44647079318729
959578822,11889861380,0,sxk90g,0.04424160426615667,primary,,71.48824007841628
959578844,11889214431,0,sxk90e,0.12494058461047902,trunk,Rauf Orbay Caddesi,892.0454553573919
959578859,8857558134,0,sxk90g,0.0985148159593236,primary,,77.76392424797133
959578875,11889589070,0,sxk90g,0.08366504872345924,trunk,Rauf Orbay Caddesi,60.76166048618479
959578899,620098496,0,sxk90g,0.1437445698430832,trunk_link,,35.75674132241246
959578908,3153018925,0,sxk915,0.1652754854867909,trunk,Kennedy Caddesi,870.2072497483261
959578941,959578789,0,sxk90g,0.18611266783940122,primary,,20.791042801427935
959578952,959578957,0,sxk90g,0.22824320260073117,primary,,28.73142792693496
959578952,11039309419,0,sxk90g,0.27853861025721194,tertiary,,426.71035149599584
959578957,959578819,0,sxk90g,0.20336637419903658,primary,,55.811773296256575
966218396,966218398,0,sxk91h,0.23810492591290777,residential,Yakup Şevki Sokağı,70.66724962513706
966218396,966218404,0,sxk91h,0.16812431005682327,residential,Sami Ayanoğlu Sokağı,10.122349055469337
966218396,966218428,0,sxk91h,0.24665951350802032,residential,Sami Ayanoğlu Sokağı,93.58080675791321
966218398,13736829416,0,sxk91h,0.25738625689089034,residential,Yakup Şevki Sokağı,20.861373107573204
966218398,966218396,0,sxk91h,0.17561796122997855,residential,Yakup Şevki Sokağı,70.66724962513706
966218398,966218426,0,sxk91h,0.27997055510315244,residential,Şehit Er Rıdvan Mert Sokağı,75.98641960580407
966218398,966218430,0,sxk91h,0.21442987838703073,residential,Şehit Er Rıdvan Mert Sokağı,142.55406337456552
966218399,13736829416,0,sxk91h,0.25738625689089034,residential,Yakup Şevki Sokağı,34.9090534173721
966218399,2245070474,0,sxk91h,0.29988544091059666,residential,Hulusi Demirelli Sokağı,54.74755360103134
966218399,966218716,0,sxk91h,0.2499542114009365,residential,Hulusi Demirelli Sokağı,143.2236997161335
966218403,966218404,0,sxk91h,0.16812431005682327,residential,Yakup Şevki Sokağı,71.15626679462815
966218403,966218439,0,sxk91h,0.2198402959752362,tertiary,Park Önü Caddesi,107.89414489167152
966218403,966218543,0,sxk91h,0.05889994331272274,tertiary,Park Önü Caddesi,137.72968925054937
966218404,966218403,0,sxk91h,0.12013281230113627,residential,Yakup Şevki Sokağı,71.15626679462815
966218404,966218396,0,sxk91h,0.17561796122997855,residential,Sami Ayanoğlu Sokağı,10.122349055469337
966218404,966218431,0,sxk91h,0.13736762811634368,residential,Sami Ayanoğlu Sokağı,137.35920749664777
966218408,2382892004,0,sxk91j,0.24115135702255527,tertiary,Koşuyolu Caddesi,43.716761178520706
966218411,966218474,0,sxk91h,0.2662630851057972,residential,Şanlı Asker Sokağı,22.684841901182203
966218412,966218452,0,sxk91h,0.18427107464354825,residential,Ruşen Bey Sokağı,21.375031966551674
966218412,966218451,0,sxk91h,0.20762216124754218,residential,Ruşen Bey Sokağı,38.05034585001139
966218412,966218411,0,sxk91h,0.1948732953972524,residential,Gülbeşeker Sokağı,78.67281080853833
966218413,966218412,0,sxk91h,0.1919462173463061,residential,Gülbeşeker Sokağı,59.46876444106741
966218413,959578631,0,sxk91h,0.12990188562748892,residential,Behire Sokağı,27.087104912992018
966218413,966218460,0,sxk91h,0.15710894272220674,residential,Behire Sokağı,36.80770173536062
966218414,966218454,0,sxk91h,0.11527137807175503,residential,Sefalı Sokağı,36.06717949214963
966218414,966218413,0,sxk91h,0.13894384285575206,residential,Gülbeşeker Sokağı,71.98440825432576
966218420,968172684,0,sxk91j,0.24413371756626048,tertiary,,9.396977209517368
966218420,2245070503,0,sxk91j,0.2666394446891509,tertiary,Koşuyolu Caddesi,51.554384992059155
966218423,2382892008,0,sxk91j,0.2173453354610745,tertiary,Koşuyolu Caddesi,70.88080450775307
966218423,967089832,0,sxk91j,0.20400925071610043,tertiary,,10.632969064729659
966218426,966218398,0,sxk91h,0.23810492591290777,residential,Şehit Er Rıdvan Mert Sokağı,75.98641960580407
966218426,966218428,0,sxk91h,0.26605374285562833,residential,Avcı Sokağı,65.17576236171202
966218428,966218396,0,sxk91h,0.17561796122997855,residential,Sami Ayanoğlu Sokağı,93.58080675791321
966218428,966218439,0,sxk91h,0.2198402959752362,residential,Avcı Sokağı,73.63041990121279
966218428,966218426,0,sxk91h,0.26605374285562833,residential,Avcı Sokağı,65.17576236171202
966218430,13736829420,0,sxk91h,0.24220281380313025,residential,Rıfkı Işık Sokağı,23.760095707064533
966218430,966218398,0,sxk91h,0.21442987838703073,residential,Şehit Er Rıdvan Mert Sokağı,142.55406337456552
966218430,966218431,0,sxk91h,0.16359324730145441,residential,Rıfkı Işık Sokağı,88.49749896518784
966218431,966218404,0,sxk91h,0.13736762811634368,residential,Sami Ayanoğlu Sokağı,137.35920749664777
966218431,966218430,0,sxk91h,0.16359324730145441,residential,Rıfkı Işık Sokağı,88.49749896518784
966218431,13914561026,0,sxk91h,0.12193834852734875,residential,Rıfkı Işık Sokağı,53.11712444628869
966218439,966218472,0,sxk91h,0.26364640624751284,tertiary,Park Önü Caddesi,45.94931497000764
966218439,966218403,0,sxk91h,0.12013281230113627,tertiary,Park Önü Caddesi,107.89414489167152
966218439,966218428,0,sxk91h,0.24665951350802032,residential,Avcı Sokağı,73.63041990121279
966218440,966218449,0,sxk91h,0.27752265920791797,residential,Ruşen Bey Sokağı,124.7554169803507
966218449,966218450,0,sxk91h,0.22441692292609142,residential,Ruşen Bey Sokağı,42.22769484810907
966218449,966218440,0,sxk91h,0.27752265920791797,residential,Ruşen Bey Sokağı,124.75541698035069
966218449,966218475,0,sxk91h,0.2623454236936823,tertiary,Terakki Caddesi,67.79554477109863
966218449,966218462,0,sxk91h,0.24329966099449601,tertiary,Terakki Caddesi,58.18122015265141
966218450,966218451,0,sxk91h,0.20762216124754218,residential,Ruşen Bey Sokağı,31.03504679338891
966218450,966218449,0,sxk91h,0.2525377191015959,residential,Ruşen Bey Sokağı,42.22769484810907
966218450,966218463,0,sxk91h,0.2847022558045019,residential,Avniye Sokağı,73.05867430743757
966218450,966218461,0,sxk91h,0.18309447894123293,residential,Avniye Sokağı,58.06254884827833
966218451,966218412,0,sxk91h,0.1919462173463061,residential,Ruşen Bey Sokağı,38.05034585001139
966218451,966218450,0,sxk91h,0.22441692292609142,residential,Ruşen Bey Sokağı,31.03504679338891
966218451,966218460,0,sxk91h,0.16056579420368589,residential,Filiz Sokağı,58.662497105659035
966218451,959578608,0,sxk91h,0.27488949030120496,residential,Filiz Sokağı,75.68304332058332
966218452,966218412,0,sxk91h,0.1919462173463061,residential,Ruşen Bey Sokağı,21.375031966551674
966218452,959578631,0,sxk91h,0.12990188562748892,residential,Kartaltepe Caddesi,55.81046654655476
966218453,966218414,0,sxk91h,0.08398652673403255,residential,Sefalı Sokağı,31.479690462090677
966218454,966218460,0,sxk91h,0.16056579420368589,residential,Filiz Sokağı,72.73367658547859
966218454,959578620,0,sxk91h,0.1139456026117486,residential,Filiz Sokağı,152.0054408911619
966218455,966218461,0,sxk91h,0.18309447894123293,residential,Avniye Sokağı,67.6103795149862
966218455,966218454,0,sxk91h,0.11768046597616943,residential,Sefalı Sokağı,34.27315298475441
966218459,966218627,0,sxk91h,0.20165028248060557,tertiary,Teyyareci Hayrettin Sokağı,4.328583543907197
966218459,966218455,0,sxk91h,0.1852767283324833,residential,Sefalı Sokağı,69.84832436978007
966218460,966218454,0,sxk91h,0.11527137807175503,residential,Filiz Sokağı,72.73367658547859
966218460,966218451,0,sxk91h,0.20762216124754218,residential,Filiz Sokağı,58.662497105659035
966218460,966218413,0,sxk91h,0.15710894272220674,residential,Behire Sokağı,36.80770173536062
966218460,966218461,0,sxk91h,0.161786298346469,residential,Behire Sokağı,31.619242185026767
966218461,966218462,0,sxk91h,0.21576480832272069,residential,Behire Sokağı,40.8021776804366
966218461,966218455,0,sxk91h,0.14880679729075943,residential,Avniye Sokağı,67.6103795149862
966218461,966218450,0,sxk91h,0.22441692292609142,residential,Avniye Sokağı,58.06254884827833
966218461,966218460,0,sxk91h,0.161786298346469,residential,Behire Sokağı,31.619242185026767
966218462,966218627,0,sxk91h,0.20165028248060557,tertiary,Terakki Caddesi,28.61836396514573
966218462,966218461,0,sxk91h,0.18309447894123293,residential,Behire Sokağı,40.8021776804366
966218462,966218449,0,sxk91h,0.24329966099449601,tertiary,Terakki Caddesi,58.18122015265141
966218463,966218464,0,sxk91h,0.29374848864072683,residential,Avniye Sokağı,10.288001147512526
966218463,966218450,0,sxk91h,0.22441692292609142,residential,Avniye Sokağı,73.05867430743757
966218463,959578608,0,sxk91h,0.27488949030120496,residential,Şanlı Asker Sokağı,30.494367083534655
966218464,966218463,0,sxk91h,0.2847022558045019,residential,Avniye Sokağı,10.288001147512526
966218465,966218466,0,sxk91h,0.21514823585378662,residential,Muhtar Tahsin Sokağı,36.542511333350724
966218465,966218491,0,sxk91h,0.152359521952279,residential,Huban Sokağı,64.09102385266823
966218465,966218564,0,sxk91h,0.2557947509682375,residential,Huban Sokağı,42.13588710675399
966218466,966218467,0,sxk91h,0.22382526206026146,residential,Muhtar Tahsin Sokağı,45.78159177684412
966218466,966218465,0,sxk91h,0.21568250783456788,residential,Muhtar Tahsin Sokağı,36.542511333350724
966218466,966218468,0,sxk91h,0.1524418891923156,residential,Aralık Sokağı,62.95840327879639
966218467,966218466,0,sxk91h,0.21514823585378662,residential,Muhtar Tahsin Sokağı,45.78159177684412
966218467,966218492,0,sxk91h,0.16211868167403412,tertiary,Mektep Arkası Sokağı,64.03804338166775
966218467,966218550,0,sxk91h,0.2610547765842009,tertiary,Mektep Arkası Sokağı,40.03291804940697
966218468,966218466,0,sxk91h,0.21514823585378662,residential,Aralık Sokağı,62.95840327879639
966218468,966218492,0,sxk91h,0.16211868167403412,residential,Mektep Yolu Sokağı,43.17798016726143
966218468,966218491,0,sxk91h,0.152359521952279,residential,Mektep Yolu Sokağı,37.00547772413458
966218470,966218464,0,sxk91h,0.29374848864072683,residential,Şanlı Asker Sokağı,29.157126465041014
966218470,959578608,0,sxk91h,0.27488949030120496,residential,Buhar Sokak,11.096337858320492
966218470,959578607,0,sxk91j,0.21220808707088384,residential,Buhar Sokak,119.50071440029929
966218471,966218474,0,sxk91h,0.2654377136864925,residential,Koşuyolu Caddesi,14.152922039633461
966218471,966218470,0,sxk91h,0.2787112329921692,residential,Şanlı Asker Sokağı,61.3034279422062
966218472,966218439,0,sxk91h,0.2198402959752362,tertiary,Park Önü Caddesi,45.94931497000764
966218472,13881850738,0,sxk91h,0.27449962927499905,tertiary,Koşuyolu Caddesi,11.052006782190293
966218474,966218452,0,sxk91h,0.18427107464354825,residential,Kartaltepe Caddesi,82.60730083471873
966218474,966218472,0,sxk91h,0.26364640624751284,residential,Şanlı Asker Sokağı,23.787761403359738
966218475,966218463,0,sxk91h,0.2847022558045019,residential,Şanlı Asker Sokağı,56.50422610921366
966218475,966218449,0,sxk91h,0.2623454236936823,tertiary,Terakki Caddesi,67.79554477109863
966218476,966218548,0,sxk91j,0.21370929930017468,tertiary,,7.626887990925299
966218477,959578607,0,sxk91j,0.21220808707088384,tertiary,Yeni Caddesi,98.67613697448085
966218477,968172991,0,sxk91j,0.29072171151112436,tertiary,Terakki Caddesi,36.84551854184575
966218477,968172763,0,sxk91j,0.22890674164354086,tertiary,Terakki Caddesi,108.33287082262994
966218478,966218568,0,sxk915,0.20689447557796678,trunk,Kennedy Caddesi,408.0623703840647
966218486,966218489,0,sxk91h,0.23091494279459296,residential,Yanık Ses Sokağı,210.75254548594364
966218489,966218543,0,sxk91h,0.11055922099115191,tertiary,Hazırlık Sokağı,128.45038595408926
966218491,966218468,0,sxk91h,0.1524418891923156,residential,Mektep Yolu Sokağı,37.00547772413458
966218491,966218465,0,sxk91h,0.21568250783456788,residential,Huban Sokağı,64.09102385266823
966218491,966218563,0,sxk91h,0.08915361263304201,residential,Huban Sokağı,64.55717898008959
966218492,966218468,0,sxk91h,0.1524418891923156,residential,Mektep Yolu Sokağı,43.17798016726143
966218492,966218467,0,sxk91h,0.22382526206026146,tertiary,Mektep Arkası Sokağı,64.03804338166775
966218492,966218737,0,sxk91h,0.10560476016668198,tertiary,Mektep Arkası Sokağı,70.12083437947153
966218493,966218494,0,sxk915,0.22049494165921976,residential,Allale Sokağı,141.7681014767001
966218494,966218493,0,sxk915,0.11067812668694092,residential,Allale Sokağı,141.7681014767001
966218494,966218526,0,sxk915,0.24791923414265513,residential,Beyaz Zambak Sokağı,54.49751239348023
966218495,959578503,0,sxk915,0.15104702625544456,residential,Küçük Yalı Sokağı,118.29054283633548
966218498,959578414,0,sxk915,0.10392701134167193,residential,Muhtar Halit Kral Sokağı,18.85123653556625
966218498,959578412,0,sxk915,0.12333867287705211,residential,Muhtar Halit Kral Sokağı,57.54876291371741
966218498,966218499,0,sxk915,0.038694782844131206,residential,Asmalı Sakız Sokağı,68.05289447536266
966218499,966218500,0,sxk915,0.03692658574124498,residential,Asmalı Sakız Sokağı,59.812418386151265
966218499,966218523,0,sxk915,0.08573116373703152,residential,Banyolar Sokağı,57.68634520634295
966218499,959578505,0,sxk915,0.04687751067730274,residential,Banyolar Sokağı,56.89240691735763
966218500,966218501,0,sxk915,0.0865986921142192,residential,Asmalı Sakız Sokağı,53.718328777460655
966218500,966218566,0,sxk915,0.04333461159713489,tertiary,İskele Caddesi,56.13076483728725
966218500,959578565,0,sxk915,0.08311334449018541,tertiary,İskele Caddesi,55.8955826264509
966218501,966218502,0,sxk915,0.13010610227008745,residential,Asmalı Sakız Sokağı,44.098415160904615
966218501,966218514,0,sxk915,0.14066387299910266,residential,Muharrir Ahmet Rasim Sokağı,147.5137663108989
966218502,966218503,0,sxk915,0.1531731970208177,residential,Revnaklı Sokağı,57.784646157737114
966218502,959578503,0,sxk915,0.12455453608010897,residential,Revnaklı Sokağı,58.13824737724394
966218502,966218495,0,sxk915,0.20343997710504785,residential,"['Asmalı Sakız Sokağı', 'Yetim Kız Sokağı']",165.0309903160715
966218503,966218502,0,sxk915,0.13010610227008745,residential,Revnaklı Sokağı,57.784646157737114
966218504,966218530,0,sxk915,0.16367355184470303,residential,Rüya Sokağı,24.961740357913243
966218505,966218507,0,sxk915,0.2853760401028424,residential,Yurt Sahibi Sokağı,94.59138610089693
966218507,966218554,0,sxk915,0.23572008244073064,residential,Şinasi Gürünlü Sokağı,31.551517970215553
966218507,966218505,0,sxk915,0.2853760401028424,residential,Yurt Sahibi Sokağı,94.59138610089693
966218508,966218549,0,sxk915,0.2822127244374901,secondary,İstanbul Caddesi,25.796154858248634
966218508,966218509,0,sxk915,0.2691111507900832,residential,Muharrir Ahmet Rasim Sokağı,81.26005074782246
966218509,966218510,0,sxk915,0.12240318908014863,residential,Muharrir Ahmet Rasim Sokağı,88.2876720456169
966218509,966218556,0,sxk915,0.18234796459127417,residential,Beyaz Güvercin Sokağı,56.2107428616148
966218510,966218511,0,sxk915,0.0896811481182798,residential,Muharrir Ahmet Rasim Sokağı,55.99898216830472
966218510,966218504,0,sxk915,0.14320925820149052,residential,Rüya Sokağı,28.942335662114914
966218511,966218501,0,sxk915,0.0865986921142192,residential,Muharrir Ahmet Rasim Sokağı,57.59733411343511
966218511,959578503,0,sxk915,0.12455453608010897,residential,Küçük Yalı Sokağı,36.34691208136569
966218511,966218566,0,sxk915,0.06775231485220386,residential,Küçük Yalı Sokağı,54.384799186816444
966218514,959578565,0,sxk915,0.08311334449018541,tertiary,İskele Caddesi,35.636172087924706
966218516,966218528,0,sxk915,0.09376537055142196,residential,Rüya Sokağı,62.342432945715004
966218516,959578505,0,sxk915,0.06067174314500193,residential,Kırmızı Şebboy Sokağı,58.807744650568765
966218521,966218523,0,sxk915,0.08573116373703152,residential,Banyolar Sokağı,75.06822910141997
966218523,966218521,0,sxk915,0.15813013889693417,residential,Banyolar Sokağı,75.06822910141997
966218523,966218499,0,sxk915,0.038694782844131206,residential,Banyolar Sokağı,57.68634520634295
966218523,959578412,0,sxk915,0.12333867287705211,residential,Şehit Nusret Sokağı,61.166386493995056
966218526,959578491,0,sxk915,0.29821348775435513,residential,Mor Sümbül Sokağı,65.14149939774494
966218528,966218516,0,sxk915,0.09947844246823714,residential,Rüya Sokağı,62.342432945715004
966218528,966218510,0,sxk915,0.12240318908014863,residential,Rüya Sokağı,55.44031628551954
966218528,966218556,0,sxk915,0.18234796459127417,tertiary,İskele Caddesi,90.72239476485606
966218530,966218553,0,sxk915,0.21787752144067507,residential,Şinasi Gürünlü Sokağı,66.00378734445202
966218530,966218534,0,sxk915,0.25719852441371416,residential,Rüya Sokağı,143.6069778790154
966218534,966218495,0,sxk915,0.2927895399726766,residential,"['Heyet Sokağı', 'Küçük Yalı Sokağı']",78.35721304704313
966218543,966218403,0,sxk91h,0.05889994331272274,tertiary,Park Önü Caddesi,137.72968925054937
966218543,966218737,0,sxk91h,0.07024577318708469,tertiary,,49.83839721640745
966218547,966218471,0,sxk91h,0.27814637900186,residential,Koşuyolu Caddesi,34.21750530189648
966218547,966218408,0,sxk91j,0.2796922086317042,tertiary,Koşuyolu Caddesi,24.802596523723793
966218548,2382892004,0,sxk91j,0.24115135702255527,tertiary,Koşuyolu Caddesi,29.096397204911373
966218548,967089806,0,sxk91j,0.21557913991986327,tertiary,,7.867152708860704
966218549,966218550,0,sxk91h,0.2628398397768013,tertiary,Mektep Arkası Sokağı,92.93097573650562
966218550,966218549,0,sxk915,0.2822127244374901,tertiary,Mektep Arkası Sokağı,92.93097573650562
966218550,966218564,0,sxk91h,0.25749181022103484,residential,Reyhan Sokağı,83.12666664641488
966218550,966218467,0,sxk91h,0.2610547765842009,tertiary,Mektep Arkası Sokağı,40.03291804940697
966218550,966218581,0,sxk91h,0.29637683283144794,residential,Reyhan Sokağı,93.57822261080337
966218553,966218554,0,sxk915,0.23572008244073064,residential,Şinasi Gürünlü Sokağı,23.050754613622903
966218553,966218530,0,sxk915,0.16367355184470303,residential,Şinasi Gürünlü Sokağı,66.00378734445202
966218554,966218507,0,sxk915,0.26110585511451545,residential,Şinasi Gürünlü Sokağı,31.551517970215553
966218554,966218553,0,sxk915,0.21787752144067507,residential,Şinasi Gürünlü Sokağı,23.050754613622903
966218554,966218509,0,sxk915,0.19667151723087048,residential,Beyaz Güvercin Sokağı,73.77987587053806
966218556,966218528,0,sxk915,0.09376537055142196,tertiary,İskele Caddesi,90.72239476485606
966218556,2382094023,0,sxk915,0.1823583620814999,residential,Beyaz Güvercin Sokağı,65.26878029483389
966218556,966218565,0,sxk915,0.2582114957332297,tertiary,İskele Caddesi,79.95528375590925
966218558,966218565,0,sxk915,0.261646847570123,secondary,İstanbul Caddesi,50.93443737543448
966218558,2382094022,0,sxk915,0.20615791206895748,residential,"['Kırmızı Şebboy Sokağı', 'Beyaz Zambak Sokağı']",78.41586602933947
966218559,2246164862,0,sxk91h,0.28270466766360475,residential,Reyhan Sokağı,41.70673941131619
966218559,966218558,0,sxk915,0.264423589077092,residential,Niyazi Bey Sokağı,89.01113703028703
966218561,2246164959,0,sxk91h,0.17690356350411518,residential,İmren Sokağı,45.40411166935656
966218561,966218559,0,sxk91h,0.2666768993596896,residential,Niyazi Bey Sokağı,124.40955025735104
966218562,2246164959,0,sxk91h,0.17690356350411518,residential,İmren Sokağı,43.337124290692806
966218562,959578420,0,sxk91h,0.17680826067284608,living_street,Hamam Sokağı,40.187574627553246
966218563,966218491,0,sxk91h,0.152359521952279,residential,Huban Sokağı,64.55717898008959
966218563,966218622,0,sxk91h,0.2152385844860612,residential,Hatboyu Çıkışı Sokağı,328.41057724763743
966218564,966218565,0,sxk915,0.261646847570123,residential,Huban Sokağı,91.15592012052682
966218564,966218559,0,sxk91h,0.2687898157235833,residential,Reyhan Sokağı,51.0661530270869
966218564,966218465,0,sxk91h,0.2557947509682375,residential,Huban Sokağı,42.13588710675399
966218565,966218564,0,sxk91h,0.25749181022103484,residential,Huban Sokağı,91.15592012052682
966218565,966218508,0,sxk915,0.2728448516356604,secondary,İstanbul Caddesi,57.213880867807006
966218565,966218556,0,sxk915,0.2582114957332297,tertiary,İskele Caddesi,79.95528375590925
966218566,959578505,0,sxk915,0.04687751067730274,residential,Kartopu Sokağı,59.00996494720628
966218566,966218528,0,sxk915,0.09376537055142196,tertiary,İskele Caddesi,56.78608376235492
966218566,966218511,0,sxk915,0.06775231485220386,residential,Küçük Yalı Sokağı,54.384799186816444
966218568,966218514,0,sxk915,0.1388482850237797,tertiary,İskele Caddesi,35.271120845809044
966218568,8859366358,1,sxk915,0.24338015596740878,busway,,314.63806857903876
966218581,966218489,0,sxk91h,0.29600005823386094,tertiary,Hazırlık Sokağı,114.1025131150553
966218581,966218550,0,sxk91h,0.29637683283144794,residential,Reyhan Sokağı,93.57822261080337
966218582,966218562,0,sxk91h,0.26843458740281595,residential,Hamam Sokağı,123.49664533629826
966218627,966218462,0,sxk91h,0.21576480832272069,tertiary,Terakki Caddesi,28.61836396514573
966218637,966218553,0,sxk915,0.23773062456820776,residential,Taşhan Caddesi,110.89536681407725
966218716,13736829420,0,sxk91h,0.24220281380313025,residential,Rıfkı Işık Sokağı,7.081535762441973
966218716,966218399,0,sxk91h,0.26662762176072197,residential,Hulusi Demirelli Sokağı,143.22369971613352
966218716,2382891970,0,sxk91h,0.2681877987235156,living_street,Rıfkı Işık Sokağı,50.34959690278594
966218737,966218492,0,sxk91h,0.11813461922126511,tertiary,Mektep Arkası Sokağı,70.12083437947153
967089806,967089808,0,sxk91j,0.21338467855504353,tertiary,,3.044913719635686
967089808,966218423,0,sxk91j,0.21144059230961948,tertiary,,2.8179113187759066
967089808,967089844,0,sxk91j,0.2527658760264304,residential,Alemdar Sokağı,190.41695555792762
967089832,967089837,0,sxk91j,0.19815837676371414,tertiary,,9.316247916401256
967089837,968172769,0,sxk91j,0.09728295067872217,residential,Buhar Sokak,101.96935381210038
967089837,2382892007,0,sxk91j,0.19864626350712905,tertiary,,1.1459062644095979
967089844,967089808,0,sxk91j,0.2357281065965722,residential,Alemdar Sokağı,190.41695555792762
967089934,968173029,0,sxk91j,0.2739306722185263,tertiary,Koşuyolu Caddesi,122.0275134307238
967089934,968172101,0,sxk91j,0.2925123111023725,residential,Talat Artemel Sokağı,133.74010055775506
967090114,968158146,0,sxk91q,0.11638617933750463,primary,Ekrem Kurt Bulvarı,534.5907597768015
967133929,11889589107,0,sxk91k,0.2001853261105638,trunk_link,,473.60034590521883
967134029,7968198693,0,sxk90g,0.2265100453134308,secondary,Ali Rıza Efendi Caddesi,246.57304357608072
967134063,7968198693,0,sxk90g,0.1155505914973282,secondary,Ali Rıza Efendi Caddesi,13.642367224786511
967134077,967134089,0,sxk90g,0.10217499417779616,primary_link,Ali Rıza Efendi Caddesi,14.602826917466723
967134077,7968198696,0,sxk90g,0.10888354684406851,primary,Strasburg Caddesi,35.336769169469925
967134089,967134105,0,sxk90g,0.06995220213365963,primary,,32.420436501626334
967134089,967134063,0,sxk90g,0.1053331404572145,secondary,Ali Rıza Efendi Caddesi,20.135149980681447
967134105,11889861379,0,sxk90g,0.06026018913869534,primary,,9.828057161707614
967134196,8857558117,0,sxk90g,0.14755065928232353,secondary_link,,7.018222530347608
967134196,967134364,0,sxk90g,0.14738585717128325,secondary,Zübeyde Hanım Caddesi,67.14554964123505
967134295,8857558117,0,sxk90g,0.18380757162686798,secondary,Zübeyde Hanım Caddesi,81.22172927573155
967134311,967134312,0,sxk90g,0.12013452617277634,secondary,Zübeyde Hanım Caddesi,9.563544820380955
967134312,967134196,0,sxk90g,0.12965286167331536,secondary,Zübeyde Hanım Caddesi,39.632281046128895
967134312,967134470,0,sxk90g,0.09621226926468601,secondary,Zübeyde Hanım Caddesi,70.42043360217056
967134323,8857549277,0,sxk90g,0.2604381863207883,secondary_link,,16.247991928954914
967134323,11905082898,0,sxk90g,0.26159156961014685,secondary,Zübeyde Hanım Caddesi,18.443039007381316
967134347,967134352,0,sxk90g,0.2848080522329294,secondary,Zübeyde Hanım Caddesi,209.19430612586385
967134352,8857549308,0,sxk90g,0.21886747871333104,secondary_link,,28.067936801320613
967134352,967134356,0,sxk90g,0.22642477770286817,secondary_link,,33.887234407353475
967134356,967134323,0,sxk90g,0.25293288870227093,secondary,Zübeyde Hanım Caddesi,37.31258662898497
967134364,967134374,0,sxk90g,0.2316932877075457,secondary,Zübeyde Hanım Caddesi,255.2288441667874
967134364,8857549308,0,sxk90g,0.2061764957901024,secondary,Zübeyde Hanım Caddesi,21.88255535047387
967134470,7968198696,0,sxk90g,0.11410521067020073,primary_link,,62.09394550030627
967134470,967134312,0,sxk90g,0.09621226926468601,secondary,Zübeyde Hanım Caddesi,70.42043360217056
967134470,967134077,0,sxk90g,0.09643838665314292,secondary,Zübeyde Hanım Caddesi,40.03876652909666
968158041,968158046,0,sxk91q,0.198853624164901,primary,,113.56923870892714
968158041,968158143,0,sxk91q,0.17374916661454196,primary_link,,18.229063737314988
968158046,3283907246,0,sxk91q,0.2962578278617276,primary,Çobançeşme Koşuyolu Bulvarı,19.347031036467673
968158053,968158061,0,sxk91q,0.2637353752455651,primary,Fikret Yüzatlı Caddesi,140.6690479350572
968158061,968158041,0,sxk91q,0.17497120606290986,primary,,181.19715805409118
968158061,968158053,0,sxk91q,0.2911767548727745,primary,Fikret Yüzatlı Caddesi,140.6690479350572
968158061,13370167352,0,sxk91r,0.23519994887836618,unclassified,,714.3247036463781
968158113,968158203,0,sxk91n,0.1560117562856291,residential,Köy Altı Sokağı,48.44034335074586
968158117,968158125,0,sxk91n,0.2612308136269455,residential,Köy Altı Sokağı,138.23480463297003
968158117,968158203,0,sxk91n,0.1955760756695016,residential,Köy Altı Sokağı,81.67041169960257
968158117,968158131,0,sxk91n,0.20241273430365286,residential,Seyfi Bey Sokağı,94.11569256034143
968158117,968158127,0,sxk91n,0.25600313390956775,residential,Seyfi Bey Sokağı,90.95604424394753
968158125,968158117,0,sxk91n,0.2612308136269455,residential,Köy Altı Sokağı,138.23480463297005
968158127,968158117,0,sxk91n,0.2512496842885796,residential,Seyfi Bey Sokağı,90.95604424394753
968158127,968158670,0,sxk91n,0.2884017036279369,residential,,33.08518921041461
968158127,968158205,0,sxk91n,0.2154765749029958,residential,,125.59504213802721
968158131,968158117,0,sxk91n,0.20575877983542826,residential,Seyfi Bey Sokağı,94.11569256034144
968158131,968158233,0,sxk91n,0.1366296074100694,residential,Sugözü Sokağı,103.24548066678588
968158131,6367407127,0,sxk91n,0.29151676374835905,residential,Sugözü Sokağı,118.93027096069164
968158134,968158137,0,sxk91n,0.24017512025931387,residential,,106.6949356189578
968158137,958702760,0,sxk91n,0.23450829514894456,tertiary,Tez Sokağı,19.870716802730996
968158137,968158134,0,sxk91n,0.24017512025931387,residential,,106.6949356189578
968158137,6367407127,0,sxk91n,0.2940614371506915,tertiary,Tez Sokağı,104.6853417305563
968158139,11826403694,0,sxk91q,0.2550594567869181,primary,Ekrem Kurt Bulvarı,12.898607162454903
968158139,11826403701,0,sxk91q,0.2035113425361377,primary,,85.04528116671833
968158143,968158144,0,sxk91q,0.16008687249272613,primary,,43.13597236736595
968158144,968158061,0,sxk91q,0.19888308162220067,primary,,140.9821386123153
968158146,11826403701,0,sxk91q,0.1767681632194795,primary,Ekrem Kurt Bulvarı,66.31187464431017
968158146,968158144,0,sxk91q,0.1480731712536567,primary_link,,109.05225611323735
968158167,968158173,0,sxk91n,0.10717807233218975,residential,Osmaniye Yolu Çıkmazı Sokağı,100.1587485480873
968158173,968158167,0,sxk91n,0.0911225806746685,residential,Osmaniye Yolu Çıkmazı Sokağı,100.1587485480873
968158173,4586888655,0,sxk91n,0.17215523118758977,residential,Suna Sokağı,28.696683437656464
968158173,968158288,0,sxk91n,0.13421703104544355,residential,Suna Sokağı,110.79015534015481
968158182,968158244,0,sxk91n,0.09775587951627544,unclassified,Fabrikalar Sokağı,98.8812820873898
968158182,968158193,0,sxk91n,0.18198957696217904,residential,,146.74970978334073
968158182,968158205,0,sxk91n,0.16502125910125404,unclassified,Fabrikalar Sokağı,29.291512521372265
968158193,968158182,0,sxk91n,0.18198957696217904,residential,,146.74970978334073
968158193,968158330,0,sxk91n,0.274663897383079,residential,Fabrikalar Caddesi,60.03773500429504
968158193,968158736,0,sxk91n,0.2712519840869614,residential,Fabrikalar Caddesi,42.273229066759576
968158203,968158113,0,sxk91n,0.1173624326000441,residential,Köy Altı Sokağı,48.44034335074586
968158203,968158205,0,sxk91n,0.17283161649360132,residential,Şengül Sokağı,24.00497880316722
968158203,968158117,0,sxk91n,0.2019779420847183,residential,Köy Altı Sokağı,81.67041169960257
968158203,968158233,0,sxk91n,0.12642753683809688,residential,Şengül Sokağı,93.45288244364033
968158205,968158203,0,sxk91n,0.1560117562856291,residential,Şengül Sokağı,24.00497880316722
968158205,968158182,0,sxk91n,0.16502125910125404,unclassified,Fabrikalar Sokağı,29.291512521372265
968158205,968158127,0,sxk91n,0.2154765749029958,residential,,125.59504213802722
968158211,958405623,0,sxk91n,0.19522016032673475,residential,Mine Sokağı,38.11027091378436
968158211,2381936227,0,sxk91n,0.23281173340247724,residential,Şirin Sokağı,65.74439780475
968158233,968158203,0,sxk91n,0.12642753683809688,residential,Şengül Sokağı,93.45288244364033
968158233,13736826260,0,sxk91n,0.03057311154025507,residential,Sugözü Sokağı,89.08889040345358
968158233,968158131,0,sxk91n,0.16457042651797413,residential,Sugözü Sokağı,103.24548066678588
968158241,968158288,0,sxk91n,0.12587253871130588,residential,Suna Sokağı,10.330248157208986
968158241,958405450,0,sxk91n,0.05905122822134814,residential,Mescit Sokağı,96.0920622248629
968158241,968158276,0,sxk91n,0.14116951363436736,residential,Suna Sokağı,170.93527371759043
968158244,968158182,0,sxk91n,0.1499651072699715,unclassified,Fabrikalar Sokağı,98.8812820873898
968158244,958405450,0,sxk91n,0.0790797208612273,residential,Yeşilsu Sokağı,42.96301341420865
968158244,968158250,0,sxk91n,0.1737680499791385,residential,Yeşilsu Sokağı,184.42123012010669
968158250,968158736,0,sxk91n,0.2772268380197431,residential,Fabrikalar Caddesi,16.314004270029088
968158250,968158244,0,sxk91n,0.1737680499791385,residential,Yeşilsu Sokağı,184.4212301201067
968158250,968158733,0,sxk91n,0.2872551423669502,residential,Fabrikalar Caddesi,29.722845462738697
968158276,968158241,0,sxk91n,0.14116951363436736,residential,Suna Sokağı,170.9352737175904
968158276,968158733,0,sxk91n,0.2395796545979571,residential,Suna Sokağı,110.27149796980703
968158282,968158276,0,sxk91n,0.2449921255986517,residential,İncirli Çıkmazı,137.29997816130825
968158288,968158241,0,sxk91n,0.12183468367342924,residential,Suna Sokağı,10.330248157208986
968158288,968158173,0,sxk91n,0.1352654438386778,residential,Suna Sokağı,110.79015534015483
968158295,968158302,0,sxk91q,0.20251318068612975,residential,,155.49505859164103
968158302,968158304,0,sxk91q,0.16846645779596872,residential,,166.08789827520093
968158302,968158295,0,sxk91q,0.17490126545971085,residential,,155.49505859164103
968158302,968158308,0,sxk91q,0.2168610979844467,residential,,85.82486119188724
968158304,968158378,0,sxk91q,0.1277002663841611,residential,,62.4469653173284
968158304,968158302,0,sxk91q,0.16846645779596872,residential,,166.08789827520093
968158304,968158364,0,sxk91q,0.24692282860857773,residential,,123.25987227966368
968158308,968158302,0,sxk91q,0.20829837950738728,residential,,85.82486119188724
968158308,968158622,0,sxk91q,0.25571632478188666,residential,,68.48966325337987
968158330,968158193,0,sxk91n,0.2700772772150441,residential,Fabrikalar Caddesi,60.03773500429503
968158358,968158362,0,sxk91q,0.2918057755539351,residential,,82.78007096529323
968158362,968158364,0,sxk91q,0.28433885670537107,residential,,38.85685936708802
968158364,968158362,0,sxk91q,0.2951646906458059,residential,,38.85685936708802
968158364,968158370,0,sxk91q,0.28035539358985956,residential,,80.39457836061038
968158364,968158304,0,sxk91q,0.24692282860857773,residential,,123.2598722796637
968158370,968158364,0,sxk91q,0.28035539358985956,residential,,80.39457836061038
968158378,968158304,0,sxk91q,0.17668453388804836,residential,,62.4469653173284
968158378,968158419,0,sxk91q,0.146490249865509,primary,Ekrem Kurt Bulvarı,80.59419805361158
968158407,968158415,0,sxk91q,0.2779564698273949,residential,,84.26990994968013
968158415,968158416,0,sxk91q,0.22980239531513755,residential,,107.41745730925057
968158415,968158419,0,sxk91q,0.2553905166897613,residential,,140.78080742613562
968158416,968158415,0,sxk91q,0.2779564698273949,residential,,107.41745730925057
968158416,968158406,0,sxk91q,0.29040873350130453,primary,Ekrem Kurt Bulvarı,69.91544390131047
968158419,968158416,0,sxk91q,0.22980239531513755,primary,Ekrem Kurt Bulvarı,31.402327521044967
968158419,968158415,0,sxk91q,0.2553905166897613,residential,,140.78080742613562
968158439,968158308,0,sxk91q,0.2635949932240617,residential,,116.78752359406712
968158621,968158622,0,sxk91q,0.27795785257271355,residential,Rahmi Apak Sokağı,89.2246356118691
968158670,968158330,0,sxk91n,0.28602621945516715,residential,Fabrikalar Caddesi,92.97312918821791
968158670,968158127,0,sxk91n,0.2884017036279369,residential,,33.08518921041461
968158702,968158709,0,sxk91r,0.2661754730876606,primary_link,,40.86658261257944
968158702,958136383,0,sxk91r,0.1738657013566923,primary,Çobançeşme Koşuyolu Bulvarı,287.31257200401086
968158715,968158139,0,sxk91q,0.26793680237651657,primary,Çobançeşme Koşuyolu Bulvarı,26.581601679385603
968158715,3283907246,0,sxk91q,0.2929306907529168,primary_link,,28.906436354660116
968158733,968158250,0,sxk91n,0.2872551423669502,residential,Fabrikalar Caddesi,29.722845462738697
968158733,968158276,0,sxk91n,0.2281986439385194,residential,Suna Sokağı,110.27149796980703
968158736,968158250,0,sxk91n,0.28078449027976843,residential,Fabrikalar Caddesi,16.314004270029088
968158736,968158193,0,sxk91n,0.2712519840869614,residential,Fabrikalar Caddesi,42.273229066759576
968172096,968172095,0,sxk91j,0.29825377829589034,residential,,53.44086308369903
968172096,958702747,0,sxk91j,0.28510621149986576,tertiary,Terakki Caddesi,73.64655670071002
968172101,968172103,0,sxk91j,0.24170944034271585,residential,Aksoy Sokağı,35.191065490636255
968172101,967089934,0,sxk91j,0.2925123111023725,residential,Talat Artemel Sokağı,133.74010055775506
968172103,968172101,0,sxk91j,0.2764233237117064,residential,Aksoy Sokağı,35.191065490636255
968172103,968172699,0,sxk91j,0.23537227312051787,residential,Akın Yolu Sokağı,38.86560254724904
968172103,968172111,0,sxk91j,0.24506701489709146,residential,Akın Yolu Sokağı,36.273049151974334
968172111,968172103,0,sxk91j,0.24506701489709146,residential,Akın Yolu Sokağı,36.273049151974334
968172111,968172676,0,sxk91j,0.2638434285014224,residential,Akın Yolu Sokağı,82.99262413491529
968172533,968172689,0,sxk91j,0.09398464453675186,residential,Buhar Sokak,83.8651971609081
968172533,968172706,0,sxk91j,0.03338745626591538,residential,Buhar Sokak,57.71614691536617
968172533,968172703,0,sxk91j,0.10902988020664825,residential,,95.86309471456806
968172539,968172545,0,sxk91j,0.2669005362538663,residential,,59.17427504913487
968172545,968172602,0,sxk91j,0.22937080844435115,residential,,133.57486616206762
968172545,968172594,0,sxk91j,0.28306702190250854,residential,,56.42509628700532
968172551,968158137,0,sxk91n,0.25006413426063506,residential,,61.31681325759835
968172558,958702760,0,sxk91n,0.23450829514894456,residential,,41.21855397639951
968172559,968172560,0,sxk91n,0.2444517825711441,residential,,20.160436594197325
968172560,958702676,0,sxk91n,0.19901624151539882,tertiary,,69.24249204020636
968172560,968172559,0,sxk91n,0.25868366278462096,residential,,20.160436594197325
968172560,958702679,0,sxk91n,0.27458295169467833,tertiary,,63.504146561406415
968172594,968172545,0,sxk91j,0.28306702190250854,residential,,56.42509628700532
968172602,968172639,0,sxk91j,0.22441107863655368,residential,,41.550868740730486
968172602,968172610,0,sxk91j,0.1859033605924833,residential,,107.09181460099461
968172602,968172545,0,sxk91j,0.22937080844435115,residential,,133.57486616206762
968172610,968172851,0,sxk91j,0.222383981111313,tertiary,Terakki Caddesi,14.035947993622841
968172610,958702747,0,sxk91j,0.24427777233201092,tertiary,Terakki Caddesi,37.89741844422353
968172610,968172602,0,sxk91j,0.1859033605924833,residential,,107.09181460099461
968172628,968172629,0,sxk91j,0.17348420263063002,residential,Yayla Dağı Sokağı,25.755963691173715
968172629,968172628,0,sxk91j,0.16207970104969635,residential,Yayla Dağı Sokağı,25.755963691173715
968172629,968172630,0,sxk91j,0.18316408128924774,residential,Yayla Dağı Sokağı,33.30917372314746
968172629,968172670,0,sxk91j,0.19471003278654553,residential,,45.463931678961345
968172630,968172657,0,sxk91j,0.1310913024225219,residential,Yıldıztepe Sokağı,94.7863317832623
968172630,968172629,0,sxk91j,0.18316408128924774,residential,Yayla Dağı Sokağı,33.30917372314746
968172630,968172656,0,sxk91j,0.20994552480691145,residential,Yıldıztepe Sokağı,43.94998159089395
968172639,968172602,0,sxk91j,0.18299405720944048,residential,,41.550868740730486
968172652,968172653,0,sxk91j,0.1540092043159135,residential,,43.1605743518187
968172653,968172652,0,sxk91j,0.14698140232665233,residential,,43.1605743518187
968172653,968172713,0,sxk91j,0.12703073099163653,residential,,27.79730819606719
968172653,2382892059,0,sxk91j,0.18697677016014738,residential,,61.30356092331216
968172656,968172673,0,sxk91j,0.2436708130109717,residential,,29.109293515731324
968172656,968172630,0,sxk91j,0.20994552480691145,residential,Yıldıztepe Sokağı,43.94998159089395
968172656,968172670,0,sxk91j,0.22137472615113613,residential,,30.455546793500012
968172657,968172630,0,sxk91j,0.19161331929148273,residential,Yıldıztepe Sokağı,94.7863317832623
968172657,2382892060,0,sxk91j,0.12596329618162194,residential,Boztepe Sokağı,5.648864637814572
968172657,968172702,0,sxk91j,0.1418650421150406,residential,Boztepe Sokağı,11.709013625439038
968172670,2382892091,0,sxk91j,0.24617797651887896,residential,,31.680963309063653
968172670,968172656,0,sxk91j,0.22524356493565917,residential,,30.455546793500016
968172670,968172629,0,sxk91j,0.19471003278654553,residential,,45.463931678961345
968172673,968172656,0,sxk91j,0.22868294719316484,residential,,29.109293515731324
968172673,968172676,0,sxk91j,0.26452838526496397,residential,,75.86925148983278
968172673,968172678,0,sxk91j,0.2086601200822756,residential,Karlıtepe Sokağı,140.3505073462548
968172676,968172673,0,sxk91j,0.24828773388964523,residential,,75.86925148983278
968172676,968172111,0,sxk91j,0.2638434285014224,residential,Akın Yolu Sokağı,82.99262413491529
968172678,968172702,0,sxk91j,0.1418650421150406,residential,Boztepe Sokağı,18.540493194691813
968172678,968172673,0,sxk91j,0.2086601200822756,residential,Karlıtepe Sokağı,140.3505073462548
968172678,2382892059,0,sxk91j,0.18614097776756736,residential,Boztepe Sokağı,42.108760466086295
968172683,968172684,0,sxk91j,0.24413371756626048,residential,Gülay Sokağı,89.61981973684011
968172683,968172778,0,sxk91j,0.14220730398836184,residential,Bitişik Bağlar Sokağı,47.95105667830792
968172683,968172782,0,sxk91j,0.2059670451874778,residential,Bitişik Bağlar Sokağı,41.1691766023325
968172684,968172683,0,sxk91j,0.18109131798095954,residential,Gülay Sokağı,89.61981973684011
968172684,966218420,0,sxk91j,0.2514700714762722,tertiary,,9.396977209517368
968172684,968172800,0,sxk91j,0.23836200102095204,tertiary,Koşuyolu Caddesi,59.1129558172251
968172687,968172870,0,sxk91j,0.15591449084009154,tertiary,Terakki Caddesi,18.035978207020534
968172687,968172689,0,sxk91j,0.107501486873238,residential,,47.2015483598456
968172687,968172837,0,sxk91j,0.13784414370617756,tertiary,Terakki Caddesi,39.763826693318535
968172689,968172687,0,sxk91j,0.1464827194080993,residential,,47.2015483598456
968172689,968172766,0,sxk91j,0.06893939800084574,residential,Buhar Sokak,183.8595824348609
968172689,968172533,0,sxk91j,0.0907826389844754,residential,Buhar Sokak,83.86519716090808
968172699,2382892059,0,sxk91j,0.1950958118182296,residential,Boztepe Sokağı,44.18481557969473
968172699,968172103,0,sxk91j,0.24170944034271585,residential,Akın Yolu Sokağı,38.86560254724904
968172699,968172791,0,sxk91j,0.23481551096262213,residential,Akın Yolu Sokağı,53.48890113674568
968172702,968172657,0,sxk91j,0.1310913024225219,residential,Boztepe Sokağı,11.709013625439038
968172702,968172678,0,sxk91j,0.15763505968040448,residential,Boztepe Sokağı,18.540493194691813
968172702,968172713,0,sxk91j,0.12703073099163653,residential,,32.717103087521174
968172703,2382892060,0,sxk91j,0.12596329618162194,residential,Boztepe Sokağı,37.968599254130275
968172703,968172533,0,sxk91j,0.10844473572058037,residential,,95.86309471456806
968172703,968172706,0,sxk91j,0.07223421140738309,residential,Boztepe Sokağı,75.24577443512266
968172706,968172533,0,sxk91j,0.03338745626591538,residential,Buhar Sokak,57.71614691536617
968172706,968172769,0,sxk91j,0.06298504881029647,residential,Buhar Sokak,116.933310006228
968172706,968172703,0,sxk91j,0.07223421140738309,residential,Boztepe Sokağı,75.24577443512266
968172713,968172702,0,sxk91j,0.1418650421150406,residential,,32.717103087521174
968172713,968172653,0,sxk91j,0.1540092043159135,residential,,27.79730819606719
968172713,2382892011,0,sxk91j,0.11420094400156908,residential,,105.05073096145816
968172713,2382892060,0,sxk91j,0.11594326647448676,residential,,42.70615855235539
968172726,2382907935,0,sxk91j,0.22592947126862611,residential,Barbaros Sokağı,73.43501463149505
968172730,968172851,0,sxk91j,0.222383981111313,tertiary,Terakki Caddesi,47.7099277314836
968172730,968172870,0,sxk91j,0.15591449084009154,tertiary,Terakki Caddesi,46.32555160343569
968172730,2382907936,0,sxk91j,0.2216787938072593,living_street,Ulubatlı Sokağı,44.33416996828781
968172763,968172947,0,sxk91j,0.15869647477600024,tertiary,Terakki Caddesi,23.529302339264593
968172763,968172766,0,sxk91j,0.11693649610330203,residential,Bitişik Bağlar Sokağı,80.09642488346152
968172763,966218477,0,sxk91j,0.2403059063166453,tertiary,Terakki Caddesi,108.33287082262994
968172766,959578607,0,sxk91j,0.21220808707088384,residential,Buhar Sokak,105.87258062909034
968172766,968172769,0,sxk91j,0.09728295067872217,residential,Bitişik Bağlar Sokağı,87.05600392977837
968172766,968172763,0,sxk91j,0.1738185142283477,residential,Bitişik Bağlar Sokağı,80.09642488346152
968172766,968172689,0,sxk91j,0.10382317622556261,residential,Buhar Sokak,183.85958243486087
968172769,967089837,0,sxk91j,0.19820799355291907,residential,Buhar Sokak,101.96935381210038
968172769,2382892011,0,sxk91j,0.1391144311316621,residential,Bitişik Bağlar Sokağı,81.15362698819291
968172769,968172766,0,sxk91j,0.11693649610330203,residential,Bitişik Bağlar Sokağı,87.05600392977837
968172769,968172706,0,sxk91j,0.05447422803841319,residential,Buhar Sokak,116.933310006228
968172778,968172683,0,sxk91j,0.18109131798095954,residential,Bitişik Bağlar Sokağı,47.95105667830792
968172778,2382892011,0,sxk91j,0.1391144311316621,residential,Bitişik Bağlar Sokağı,4.153093329193016
968172778,968172800,0,sxk91j,0.2133347334115467,residential,Yalçın Sokağı,93.23271654348731
968172782,2382892013,0,sxk91j,0.24819130433107336,residential,,33.8625168618738
968172782,968172791,0,sxk91j,0.22257250041888374,residential,Bitişik Bağlar Sokağı,46.330834450098735
968172782,968172683,0,sxk91j,0.2059670451874778,residential,Bitişik Bağlar Sokağı,41.1691766023325
968172791,2382892013,0,sxk91j,0.24819130433107336,residential,Akın Yolu Sokağı,32.740398673707645
968172791,968172782,0,sxk91j,0.22257250041888374,residential,Bitişik Bağlar Sokağı,46.330834450098735
968172791,968172699,0,sxk91j,0.23481551096262213,residential,Akın Yolu Sokağı,53.48890113674568
968172800,968172778,0,sxk91j,0.14220730398836184,residential,Yalçın Sokağı,93.23271654348731
968172800,2382892008,0,sxk91j,0.22104811872928753,tertiary,,8.301539002272445
968172800,967089832,0,sxk91j,0.1997200428026621,tertiary,Koşuyolu Caddesi,71.89716785011393
968172815,968172816,0,sxk91j,0.2507686710482859,residential,Ömür Sokağı,128.05242051031837
968172815,968172945,0,sxk91j,0.24028550351652944,residential,Seri Evler Sokağı,17.223448524923796
968172816,968172818,0,sxk91j,0.26351811383996127,residential,Ömür Sokağı,40.95982586934565
968172816,968172815,0,sxk91j,0.25632087820476196,residential,Ömür Sokağı,128.05242051031837
968172816,968172837,0,sxk91j,0.18120725305097485,living_street,Piyalepaşa Sokağı,117.73530498861408
968172818,968172816,0,sxk91j,0.2507686710482859,residential,Ömür Sokağı,40.95982586934565
968172827,968172818,0,sxk91j,0.26351811383996127,residential,Ömür Sokağı,76.94206919765757
968172827,968172860,0,sxk91j,0.26650468796664073,residential,Ülkü Sokağı,45.25753458544656
968172837,968172687,0,sxk91j,0.13784414370617756,tertiary,Terakki Caddesi,39.763826693318535
968172837,968172947,0,sxk91j,0.1327944388227052,tertiary,Terakki Caddesi,127.0076228265655
968172837,968172816,0,sxk91j,0.18120725305097485,living_street,Piyalepaşa Sokağı,117.73530498861408
968172847,968172818,0,sxk91j,0.26351811383996127,living_street,Muradım Sokağı,45.83717968513217
968172851,968172610,0,sxk91j,0.23335121452959118,tertiary,Terakki Caddesi,14.035947993622841
968172851,968172730,0,sxk91j,0.18734156025659882,tertiary,Terakki Caddesi,47.7099277314836
968172860,968172726,0,sxk91j,0.25289247625824013,residential,Barbaros Sokağı,19.25994159043015
968172860,968172851,0,sxk91j,0.28320509926413695,residential,Barbaros Sokağı,115.1926915003047
968172870,968172730,0,sxk91j,0.18734156025659882,tertiary,Terakki Caddesi,46.32555160343569
968172870,968172687,0,sxk91j,0.1464827194080993,tertiary,Terakki Caddesi,18.035978207020534
968172909,968172913,0,sxk91j,0.2891579635114729,living_street,Milas Sokağı,69.46091890942581
968172913,968172945,0,sxk91j,0.24028550351652944,living_street,Pancarlı Sokağı,97.56258956846666
968172943,968172815,0,sxk91j,0.25632087820476196,residential,Seri Evler Sokağı,49.888673315453616
968172943,968172847,0,sxk91j,0.2964640450458177,residential,,166.189214595333
968172945,968172947,0,sxk91j,0.15869647477600024,residential,Seri Evler Sokağı,93.10211995317988
968172945,968172815,0,sxk91j,0.25632087820476196,residential,Seri Evler Sokağı,17.223448524923796
968172947,968172763,0,sxk91j,0.1738185142283477,tertiary,Terakki Caddesi,23.529302339264593
968172947,968172837,0,sxk91j,0.1327944388227052,tertiary,Terakki Caddesi,127.0076228265655
968172991,966218477,0,sxk91j,0.2582985478544106,tertiary,Terakki Caddesi,36.84551854184575
968173010,966218459,0,sxk91h,0.2064845256013456,tertiary,Teyyareci Hayrettin Sokağı,170.1887833571409
968173029,968172684,0,sxk91j,0.24818436096089475,tertiary,Koşuyolu Caddesi,75.44483032061497
968173029,2382892013,0,sxk91j,0.2545919626693703,residential,Akın Yolu Sokağı,57.12747850391918
969160829,969160869,0,sxk91k,0.2997761807352719,secondary,Abay Caddesi,63.49929293746148
988329379,988329397,0,sxk90u,0.2919691650660678,tertiary,Yeni Fişekhane Caddesi,102.60540829944738
988329397,988329420,0,sxk90g,0.18074073701086826,residential,General Naci Tınaztepe Caddesi,239.3449967813064
988329408,959578692,0,sxk90g,0.2613938437288164,secondary,Fişekhane Caddesi,41.113836884785336
988329420,988329397,0,sxk90g,0.23908761708602536,residential,General Naci Tınaztepe Caddesi,239.34499678130638
988329420,967134311,0,sxk90g,0.14028528549003186,residential,,36.46539792795859
988329424,967134311,0,sxk90g,0.12801799775650252,secondary,Zübeyde Hanım Caddesi,22.089593713721545
988329424,988329420,0,sxk90g,0.1519776405358951,residential,,31.31392166186061
988336052,12205869468,0,sxk90u,0.2521023686010143,secondary,Behçet Kemal Çağlar Caddesi,23.821430632828125
988336083,12205869468,0,sxk90u,0.22254476633207387,residential,,301.3986288331265
988336258,990483791,0,sxk90s,0.29028629444426507,primary,Doktor Remzi Kazancıgil Caddesi,64.46664905567789
988336260,988336265,0,sxk90u,0.15196090749093935,residential,,165.19795476141383
988336265,2271469472,0,sxk90u,0.21916765209490324,tertiary,Zuhuratbaba Caddesi,52.27082838472283
988336265,988336375,0,sxk90u,0.2129426827086204,tertiary,Zuhuratbaba Caddesi,57.515457032715545
988336265,988336260,0,sxk90u,0.14231781392052054,residential,,165.19795476141383
988336272,988336292,0,sxk90u,0.038230036572185544,residential,Havacı Feza Sokağı,231.4821119003312
988336272,2382907921,0,sxk90u,0.20936190927485968,residential,Gençler Caddesi,262.82711946691
988336272,959578651,0,sxk90u,0.07683802298769174,residential,Gençler Caddesi,58.916845430707326
988336292,988336272,0,sxk90u,0.038230036572185544,residential,Havacı Feza Sokağı,231.4821119003312
988336292,959578651,0,sxk90u,0.048679106853739995,secondary,Behçet Kemal Çağlar Caddesi,106.19981787585013
988336292,988336375,0,sxk90u,0.13781287633483572,secondary,Behçet Kemal Çağlar Caddesi,121.83404080261886
988336375,988336265,0,sxk90u,0.2129426827086204,tertiary,Zuhuratbaba Caddesi,57.515457032715545
988336375,988336433,0,sxk90u,0.23352436620638914,residential,Refet Bele Sokağı,341.14217712126737
988336375,988336292,0,sxk90u,0.13781287633483572,secondary,Behçet Kemal Çağlar Caddesi,121.83404080261887
988336433,988336375,0,sxk90u,0.23352436620638914,residential,Refet Bele Sokağı,341.14217712126737
988336543,13745426358,0,sxk90g,0.27061522353524703,residential,,35.130979810384844
988336677,988336687,0,sxk90e,0.25004079443263916,tertiary,,14.658469231875387
988336687,988336828,0,sxk90e,0.27130667306999606,residential,,22.636560748748497
988336687,988336693,0,sxk90e,0.25179445191898786,tertiary,,10.947816399856217
988336693,988336696,0,sxk90e,0.2441889832523831,tertiary,,13.711639325024729
988336696,2382930410,0,sxk90e,0.19679552952628926,tertiary,,60.218121525970176
988336696,988336704,0,sxk90e,0.22930959209315685,tertiary,,19.64693040475976
988336704,9046101961,0,sxk90e,0.23272155307015835,tertiary,,4.513214998081505
988336709,988336709,0,sxk90e,0.291586040707289,residential,Nergis Yolu Sokağı,126.90289374275727
988336709,988336709,1,sxk90e,0.291586040707289,residential,Nergis Yolu Sokağı,126.90289374275727
988336722,10191775409,0,sxk90s,0.2992490347246135,residential,,166.26040485332868
988336809,988336814,0,sxk90s,0.24301878080616518,residential,,281.27164683390623
988336814,10191775409,0,sxk90s,0.2256984499698993,residential,,164.68683445886623
988336814,10191775409,1,sxk90s,0.20384289064915748,living_street,,155.2986700502452
988336814,988336809,0,sxk90s,0.2541588186532667,residential,,281.27164683390623
988336828,988336693,0,sxk90e,0.24986718242539055,residential,,21.42330920975511
988336903,988336966,0,sxk90e,0.29592338088889664,tertiary,,30.174377728344137
988336966,988336774,0,sxk90e,0.28280195613464404,tertiary_link,,22.839829980422515
988336966,2382930404,0,sxk90e,0.19015555502603645,tertiary,,240.86552357898609
988337275,988336677,0,sxk90e,0.24289815685769303,tertiary,,23.836350139135487
988337275,2382930395,0,sxk90e,0.25890326546331016,secondary,Conk Bayırı Caddesi,48.41699274500373
990483757,990483759,0,sxk90t,0.1791709770956051,primary_link,,14.99462094465759
990483757,2382923602,0,sxk90t,0.16534736699037011,primary,Doktor Remzi Kazancıgil Caddesi,34.57638207496356
990483759,990483823,0,sxk90t,0.19703414390278604,primary,Doktor Remzi Kazancıgil Caddesi,16.250815599958393
990483765,990483881,0,sxk90t,0.20946952508757183,primary,Doktor Remzi Kazancıgil Caddesi,141.5549727705311
990483791,990483765,0,sxk90s,0.2762797579059794,primary,Doktor Remzi Kazancıgil Caddesi,310.62371262401706
990483820,1005965276,0,sxk90t,0.16551590274633513,primary,Doktor Remzi Kazancıgil Caddesi,116.66591379223478
990483823,990483881,0,sxk90t,0.19725923126574446,primary_link,,15.72847206286596
990483823,1005965809,0,sxk90s,0.2560473233297358,primary,Doktor Remzi Kazancıgil Caddesi,520.2074848895714
990483881,2382923605,0,sxk90t,0.18645270489372048,secondary,,41.67306058899067
990483881,990483757,0,sxk90t,0.1778906426390225,primary,Doktor Remzi Kazancıgil Caddesi,22.950151617871953
1005964207,1005964192,0,sxk90t,0.2939261478141921,residential,,27.286633667780954
1005964207,2382923605,0,sxk90t,0.16679721185586055,secondary,Behçet Kemal Çağlar Caddesi,178.76237456699687
1005964789,990483820,0,sxk90t,0.2501910050802878,primary_link,,116.29884878468206
1005964789,1005965102,0,sxk90t,0.2533783948420612,primary,Adnan Kahveci Bulvarı,76.3727647191762
1005965040,1005965102,0,sxk90t,0.2590959051476904,primary,,38.489717105881795
1005965040,5674276006,0,sxk90t,0.2779304357467917,primary,Adnan Kahveci Bulvarı,180.0097361694004
1005965048,1005965054,0,sxk90t,0.2941138774170232,secondary,Uğur Mumcu Bulvarı,47.45576087264181
1005965048,1005965040,0,sxk90t,0.2796887594244463,primary,,38.69550784376449
1005965072,1005964266,0,sxk90t,0.24287865537565698,primary,Mustafa Sarıçiçek Bulvarı,89.36809499592187
1005965072,1005965048,0,sxk90t,0.24961245806161994,primary,,44.143896572250505
1005965102,1005965072,0,sxk90t,0.2280864241519902,primary,,41.189917976806804
1005965102,990483820,0,sxk90t,0.22345668596175652,primary,Doktor Remzi Kazancıgil Caddesi,69.61181440738925
1005965276,2382923600,0,sxk90t,0.14780395908537758,primary,Doktor Remzi Kazancıgil Caddesi,21.619325330940367
1005965276,12574401376,0,sxk90t,0.16079539441627783,residential,,23.214960508018045
1005965361,12574401377,0,sxk90t,0.2547545848066794,residential,Mimoza Sokağı,123.64148977428576
1005965388,12574401376,0,sxk90t,0.2228624573333653,residential,Mimoza Sokağı,264.7808900637902
1005965388,1005965418,0,sxk90s,0.20498021339997766,residential,,92.27249718589982
1005965388,2382923594,0,sxk90s,0.27324958009506806,residential,,50.24454353684018
1005965393,2382923592,0,sxk90s,0.296025282263557,primary,Adnan Kahveci Bulvarı,11.013213406506742
1005965393,2382923594,0,sxk90s,0.2825160918482763,residential,,25.77582424932371
1005965418,2382923590,0,sxk90s,0.20905737436142227,residential,,12.127722106128648
1005965418,1005965421,0,sxk90s,0.11241281824605286,residential,Adnan Kahveci Bulvarı,92.02978961389834
1005965418,1005965388,0,sxk90s,0.2506513705443103,residential,,92.27249718589982
1005965421,1005965457,0,sxk90s,0.11649183232817602,residential,,54.166773018243006
1005965421,2382923574,0,sxk90s,0.11545947209973004,residential,,12.33712333159513
1005965421,1005965425,0,sxk90s,0.03443255079855586,residential,,93.08045885364618
1005965425,1005965457,0,sxk90s,0.10224890146947348,residential,Kilitbahir Sokağı,102.09233936995233
1005965425,1005965681,0,sxk90s,0.04872779671740966,residential,Kilitbahir Sokağı,108.52199128924099
1005965425,1005965421,0,sxk90s,0.07303896748311227,residential,,93.08045885364618
1005965430,1005965431,0,sxk90s,0.23890164021474458,residential,,29.39529994281383
1005965431,2382923590,0,sxk90s,0.20905737436142227,residential,,34.98879567679225
1005965431,1005965430,0,sxk90s,0.26520193341205955,residential,,29.39529994281383
1005965431,10151772512,0,sxk90s,0.22288231801265956,residential,,40.49786819464405
1005965455,2382923574,0,sxk90s,0.11545947209973004,residential,,40.162559695429536
1005965455,2382923588,0,sxk90s,0.1577237689732252,residential,,67.63599382060792
1005965455,2382923588,1,sxk90s,0.17488654313226015,residential,,91.55778662833431
1005965457,1005965421,0,sxk90s,0.11241281824605286,residential,,54.166773018243006
1005965457,1005965693,0,sxk90s,0.1652511131087494,residential,Kilitbahir Sokağı,69.38984288524497
1005965457,1005965425,0,sxk90s,0.08828840764192022,residential,Kilitbahir Sokağı,102.09233936995233
1005965580,1005965583,0,sxk90s,0.21565436182238845,primary_link,,2.3412399280757468
1005965583,1005965693,0,sxk90s,0.1969405993043711,primary_link,,52.030483408749014
1005965583,13299221377,0,sxk90s,0.21768609787786433,primary_link,,20.968249959859293
1005965602,1005965605,0,sxk90s,0.2400909811454456,primary_link,,6.732313843142368
1005965605,1007877400,0,sxk90s,0.24283874876754563,primary,Adnan Kahveci Bulvarı,157.828687435394
1005965605,1005965580,0,sxk90s,0.22549448373165212,primary_link,,23.586123998372074
1005965681,1005965425,0,sxk90s,0.019273239747660667,residential,Kilitbahir Sokağı,108.521991289241
1005965681,13785147646,0,sxk90s,0.12287104387369083,residential,,35.21406882365404
1005965693,13299221377,0,sxk90s,0.210256336265375,primary_link,,48.58188761786446
1005965693,1005965457,0,sxk90s,0.1652511131087494,residential,Kilitbahir Sokağı,69.38984288524497
1005965720,12143279068,0,sxk90s,0.23937781624215185,residential,,566.0690481338274
1005965720,13785147633,0,sxk90s,0.14667732766269,residential,,31.790678530052592
1005965733,1005965802,0,sxk90s,0.2805529406071861,residential,Kilitbahir Sokağı,195.05668738166756
1005965733,13785147621,0,sxk90s,0.14641616775639615,residential,Kilitbahir Sokağı,19.708907568489447
1005965802,1005965733,0,sxk90s,0.2647143842567818,residential,Kilitbahir Sokağı,195.05668738166756
1005965874,1007404601,0,sxk90k,0.07904546642773574,residential,Lale Sokağı,346.23138749534144
1007404471,1007404472,0,sxk90m,0.1912074094650356,secondary_link,,13.39523070286084
1007404471,2382943935,0,sxk90m,0.12330894317342762,secondary,Uğur Mumcu Bulvarı,194.49314202963936
1007404471,1007407179,0,sxk90m,0.16606816699008903,residential,,95.6772497012763
1007404472,1007404471,0,sxk90m,0.18328541004636167,secondary_link,,13.39523070286084
1007404472,1007404730,0,sxk90m,0.271556965260808,secondary,Uğur Mumcu Bulvarı,206.15040719997432
1007404472,1007404478,0,sxk90m,0.2825897607212401,residential,Defne Sokağı,132.73645006424135
1007404590,1007876520,0,sxk90k,0.2804303491963213,residential,Defne Sokağı,151.01847975578607
1007404601,1007878915,0,sxk90k,0.12905481364623095,residential,Ardıç Sokağı,246.54195819850125
1007404601,1007404590,0,sxk90k,0.1389132826034539,residential,Ardıç Sokağı,251.93913824647487
1007404601,1005965874,0,sxk90k,0.10072377537108741,residential,Lale Sokağı,346.2313874953414
1007404715,1007404471,0,sxk90m,0.2672598116687531,secondary,Uğur Mumcu Bulvarı,217.68548581895982
1007406269,9654303386,0,sxk90m,0.29424065557860085,residential,Karanfil Sokağı,155.39575597475016
1007407093,1007407698,0,sxk90m,0.1960234867663262,residential,,116.89110591292875
1007407093,1007407687,0,sxk90m,0.1493236302776454,residential,,117.97798383101853
1007407093,2382943965,0,sxk90m,0.07183468497195919,living_street,Nilüfer Sokağı,103.51027928566029
1007407119,1007407687,0,sxk90m,0.15224918728768774,residential,Karanfil Sokağı,99.79104458051127
1007407119,1007407724,0,sxk90m,0.06823007170214773,residential,Karanfil Sokağı,76.65286476636447
1007407119,2382943965,0,sxk90m,0.035967215590993785,living_street,,120.02836000802132
1007407174,1007407200,0,sxk90m,0.06840971093145083,residential,Nilüfer Sokağı,55.566316013970464
1007407174,1007407179,0,sxk90m,0.15469528151430825,residential,,119.18860982968282
1007407174,1007407724,0,sxk90m,0.07266433135792706,residential,Nilüfer Sokağı,66.41906509428385
1007407179,1007407174,0,sxk90m,0.10054423259555159,residential,,119.1886098296828
1007407179,1007404471,0,sxk90m,0.16606816699008903,residential,,95.67724970127628
1007407179,1007407477,0,sxk90m,0.1698858327178533,residential,,66.05642784868394
1007407182,2382943985,0,sxk90m,0.059624539552056384,residential,,21.09387438377641
1007407182,1007407200,0,sxk90m,0.06840971093145083,living_street,Nilüfer Sokağı,8.521449601372778
1007407182,2382943987,0,sxk90m,0.11515475996753968,residential,,72.25876960765937
1007407200,1007407182,0,sxk90m,0.07367392727380669,living_street,Nilüfer Sokağı,8.521449601372778
1007407200,1007407174,0,sxk90m,0.0396787756198132,residential,Nilüfer Sokağı,55.566316013970464
1007407200,2382943965,0,sxk90m,0.05581129965230722,living_street,Nilüfer Sokağı,72.84447702295697
1007407277,1007407471,0,sxk90m,0.2657876468221039,residential,,338.4276857927199
1007407430,1007407445,0,sxk90q,0.28262634532949776,living_street,,131.89966394239883
1007407445,1007407430,0,sxk90q,0.28262634532949776,living_street,,131.89966394239883
1007407445,1007407721,0,sxk90q,0.2810215083452636,tertiary,Yüzücü Talat Yüzmen Sokağı,104.98020095150778
1007407462,9654303386,0,sxk90m,0.2475576095146648,residential,,6.716204035759346
1007407462,1007407471,0,sxk90m,0.2133938043114914,residential,Orkide Bahçesi Sokağı,172.4804761482448
1007407462,1007407687,0,sxk90m,0.18335403650099757,residential,,135.06919632477548
1007407471,1007407724,0,sxk90m,0.07763221988181383,residential,Nilüfer Sokağı,137.32858721420203
1007407471,1007407277,0,sxk90m,0.2657876468221039,residential,,338.42768579271996
1007407471,1007407462,0,sxk90m,0.2133938043114914,residential,Orkide Bahçesi Sokağı,172.4804761482448
1007407477,1007407724,0,sxk90m,0.09314686791362864,residential,Karanfil Sokağı,117.03019284979966
1007407477,1007407745,0,sxk90m,0.25370145254095045,residential,Karanfil Sokağı,218.3410029109636
1007407477,1007407179,0,sxk90m,0.1698858327178533,residential,,66.05642784868394
1007407579,4621146980,0,sxk90m,0.2079342760068927,secondary,Uğur Mumcu Bulvarı,247.3127515222016
1007407683,1007407721,0,sxk90q,0.26281954490586174,tertiary,Yüzücü Talat Yüzmen Sokağı,173.39935208512148
1007407687,1007407119,0,sxk90m,0.07375823943151338,residential,Karanfil Sokağı,99.79104458051127
1007407687,2245030656,0,sxk90m,0.29721207713730463,residential,Karanfil Sokağı,230.69811557597833
1007407687,1007407093,0,sxk90m,0.1493236302776454,residential,,117.97798383101853
1007407687,1007407462,0,sxk90m,0.21556481598625798,residential,,135.06919632477548
1007407698,1007407093,0,sxk90m,0.1810316588686003,residential,,116.89110591292875
1007407721,1007407445,0,sxk90q,0.2810215083452636,tertiary,Yüzücü Talat Yüzmen Sokağı,104.9802009515078
1007407721,1007407683,0,sxk90q,0.2658959909837639,tertiary,Yüzücü Talat Yüzmen Sokağı,173.39935208512145
1007407721,1007407471,0,sxk90m,0.2682837763462475,residential,Nilüfer Sokağı,140.68765263185628
1007407724,1007407471,0,sxk90m,0.20654104323657124,residential,Nilüfer Sokağı,137.32858721420203
1007407724,1007407119,0,sxk90m,0.06823007170214773,residential,Karanfil Sokağı,76.65286476636447
1007407724,1007407477,0,sxk90m,0.09314686791362864,residential,Karanfil Sokağı,117.03019284979966
1007407724,1007407174,0,sxk90m,0.043369728795937215,residential,Nilüfer Sokağı,66.41906509428385
1007407745,1007407477,0,sxk90m,0.20536870303633262,residential,Karanfil Sokağı,218.34100291096362
1007876520,1007876563,0,sxk90k,0.27278053727835166,residential,,121.17910452095254
1007876563,1005965874,0,sxk90k,0.2554934363848765,residential,,55.148735476709746
1007877240,1007404590,0,sxk90k,0.2679601148270979,residential,Defne Sokağı,201.08495106233016
1007877240,1007878915,0,sxk90k,0.233022177563156,residential,Palmiye Sokağı,354.12380791126105
1007878915,1007404601,0,sxk90k,0.12024694248599331,residential,Ardıç Sokağı,246.54195819850128
1026970610,6761863770,0,sxk901,0.2229550418224037,primary,Yeni Havaalanı Caddesi,379.60354419112673
1026970818,6761863770,0,sxk904,0.22329843124294696,primary_link,,14.978662508992779
1026970818,1026970846,0,sxk901,0.08759227357747885,primary,Yeni Havaalanı Caddesi,497.8230824558775
1026970846,3178628129,0,sxk901,0.130661217267259,primary,,82.02487942236851
1026970846,1027174511,0,sxk901,0.19696579466053882,trunk_link,,294.66876131786915
1026970893,1026970610,0,sxk901,0.07387938829539452,trunk_link,,146.64787895642428
1026970893,3178628117,0,sxk901,0.11247745586811704,trunk_link,,75.29422413977838
1026971224,1026971259,0,sxk901,0.23417483377188048,trunk_link,,331.71730123323806
1026971224,3178628117,0,sxk901,0.12027911834781206,primary,,74.1056158744168
1026971426,988337008,0,sxk906,0.21637917931542175,trunk,Rauf Orbay Caddesi,939.57542976995
1026971731,1027174511,0,sxk901,0.14631844776451666,trunk,Eski Havaalanı Caddesi,673.359789322198
1026971731,13690686449,0,sxk901,0.2645917544205362,trunk_link,,127.54440715010834
1026991729,1293894198,0,sxk3pu,0.29070527446817895,primary,Atatürk Caddesi,334.90051064648554
1026991729,1841824812,0,sxk3pu,0.22972990734611418,primary_link,,229.01056890655047
1027174300,1027174790,0,sxk901,0.2289142451672854,residential,Abidin Dino Sokağı,209.89091603162836
1027174302,1026971259,0,sxk901,0.1199708537814713,trunk,Eski Havaalanı Caddesi,651.5882631342295
1027174302,1027174790,0,sxk901,0.2231676347869421,trunk_link,,155.25688912028681
1027174754,2385196602,0,sxk3pc,0.23930536926174317,trunk,Eski Havaalanı Caddesi,269.3849637148082
1027174790,1027174300,0,sxk901,0.2794915997297483,residential,Abidin Dino Sokağı,209.89091603162836
1027174790,3178628129,0,sxk901,0.15143965617579064,trunk_link,,103.14986701091581
1027243294,1027243667,0,sxk901,0.24320247344453452,secondary,Demiryolu Caddesi,68.3403022501284
1027243365,1027243367,0,sxk901,0.27138262473893787,residential,Havacı Muzaffer Erdönmez Sokağı,62.1712808386899
1027243367,1027244937,0,sxk901,0.2646243711825958,secondary,Demiryolu Caddesi,52.18070009006939
1027243367,1027243378,0,sxk901,0.29550057850552114,secondary,Demiryolu Caddesi,79.06788028106567
1027243430,1027243446,0,sxk901,0.2646351056829047,residential,Arslan Sokağı,91.61954070087033
1027243446,1027243667,0,sxk901,0.24106759936052435,secondary,Fener Caddesi,24.17040613406242
1027243661,1027243446,0,sxk901,0.2646351056829047,secondary,Fener Caddesi,87.43718827060283
1027243667,2385196610,0,sxk901,0.2408279688800324,secondary,Yeşilyurt İstasyon Caddesi,120.65700037212152
1027243690,1027243711,0,sxk901,0.23354920273784327,secondary,Yeşilyurt İstasyon Caddesi,34.214571039097365
1027243690,1026971224,0,sxk901,0.1695643693909988,secondary_link,,99.39172655666754
1027243711,1027245006,0,sxk901,0.23546441746436303,secondary,Demiryolu Caddesi,57.70896021949007
1027243738,1027243740,0,sxk903,0.11040564665942815,residential,Kuşkonmaz Sokağı,14.609537784893151
1027243740,1027243738,0,sxk903,0.10686095934271231,residential,Kuşkonmaz Sokağı,14.609537784893151
1027243740,1027243752,0,sxk903,0.14547012398955095,residential,Kuşkonmaz Sokağı,117.74231316322172
1027243740,1027244013,0,sxk903,0.13362352658781257,residential,Sahil Yolu Caddesi,269.0758418450675
1027243752,4519705613,0,sxk903,0.23568295074242623,residential,Kuşkonmaz Sokağı,50.60678091219839
1027243752,4519705612,0,sxk903,0.20423123696247245,residential,Kuşkonmaz Sokağı,89.18044005021967
1027243752,1027243740,0,sxk903,0.14547012398955095,residential,Kuşkonmaz Sokağı,117.74231316322172
1027243873,1027244986,0,sxk901,0.273441805026467,secondary,Yeşilyurt İstasyon Caddesi,140.25086228845734
1027244013,1027243740,0,sxk903,0.13362352658781257,residential,Sahil Yolu Caddesi,269.07584184506754
1027244278,8880083835,0,sxk903,0.24578498090593687,residential,Başak Sokağı,121.9693810160194
1027244937,1027243294,0,sxk901,0.259045248667555,secondary,Demiryolu Caddesi,16.13170618012687
1027244986,2385196613,0,sxk901,0.2280932648435625,secondary,Yeşilyurt İstasyon Caddesi,15.20402286353334
1027244986,2385196612,0,sxk901,0.2396581483035688,secondary_link,,18.494563318608776
1027245006,1027244937,0,sxk901,0.25659936556544655,secondary_link,,16.803142641528357
1027245006,1027243367,0,sxk901,0.264400880254005,secondary,Demiryolu Caddesi,52.69806078667167
1141128037,2112679826,0,sxk90j,0.20208386339512252,unclassified,,495.84638601715346
1141128047,1141128037,0,sxk90h,0.2267715846288156,primary,Yeni Havaalanı Caddesi,171.4784030062953
1141128050,1026991729,0,sxk3pv,0.291587110904008,primary,,125.76597488253158
1293894141,1841824882,0,sxk3pv,0.25110636373755985,residential,,59.30467588091642
1293894141,1931512505,0,sxk3pv,0.2939849822403045,residential,,46.44689660541039
1841824812,1141128095,0,sxk3pu,0.16739699324874088,primary,Yeni Havaalanı Caddesi,585.702395696163
1841824882,1931512588,0,sxk3pv,0.2417760146438135,residential,,300.1870447538553
1841824882,1293894141,0,sxk3pv,0.25110636373755985,residential,,59.30467588091643
1841824882,1841824887,0,sxk3pv,0.23465369602497949,residential,,183.60390388903838
1841824887,1841824882,0,sxk3pv,0.22741439498700286,residential,,183.60390388903835
1857929597,905151618,0,sxk3py,0.2782751845759314,motorway_link,Çobançeşme Kavşağı,349.9112166569916
1857929597,905166947,0,sxk3py,0.10088243141621005,primary,D-100 Güney Yanyolu,293.6234447174405
1857937358,905362834,0,sxk3py,0.19762251146771917,primary,D-100 Güney Yanyolu,123.73030043671179
1931512505,11345677260,0,sxk3pv,0.2945261537516449,primary,Basın Ekspress Yolu,114.1105502710675
1931512588,1841824882,0,sxk3pv,0.2417760146438135,residential,,300.1870447538554
2112679826,12782217605,0,sxk90j,0.284039084968637,tertiary,Osman Hamdi Bey Bulvarı,330.2895875908912
2112679826,10884273119,0,sxk90j,0.18234366668770235,tertiary,"['Bedri Rahmi Eyüboğlu Caddesi', 'Osman Hamdi Bey Bulvarı']",360.20537172985473
2112679826,1141128037,0,sxk90j,0.20208386339512252,unclassified,,495.8463860171535
2245030569,2271469472,0,sxk90v,0.2389113950776657,unclassified,,480.23114828825544
2245030656,1007407687,0,sxk90m,0.25224074258678797,residential,Karanfil Sokağı,230.69811557597836
2245030843,2245030887,0,sxk90w,0.208545217851293,primary,D-100 Güney Yanyolu,226.6655569410295
2245056676,2245056684,0,sxk3py,0.16784584404824096,residential,Osman Hamdi Bey Bulvarı,140.4796919598433
2245056702,12962077041,0,sxk90n,0.10108904074912058,residential,,214.8544920511257
2245056702,1859103856,0,sxk90n,0.1702570455924138,primary,D-100 Güney Yanyolu,155.3031627735316
2245056706,2245056702,0,sxk90n,0.06738837511622854,primary,D-100 Güney Yanyolu,160.0924370592559
2245056706,12962077039,0,sxk90n,0.15705802962349313,residential,,232.4029369146199
2245070454,958702899,0,sxk90u,0.22581866313452803,living_street,Tamburacı Osman Sokağı,88.49619729170888
2245070474,966218399,0,sxk91h,0.29988544091059666,residential,Hulusi Demirelli Sokağı,54.74755360103134
2245070503,2382892009,0,sxk91j,0.2837901270532858,tertiary,Koşuyolu Caddesi,29.932356246038538
2245070578,958405771,0,sxk90y,0.11254806729228507,secondary,,39.66813655847801
2245070584,2246362894,0,sxk90y,0.24782778507808623,residential,Baharözü Sokağı,132.28613500277885
2245070584,2372029861,0,sxk90y,0.19306286087713062,secondary,,75.61024985882244
2245070590,4586888655,0,sxk91n,0.22889169980662355,residential,Aydın Yuva Sokağı,108.86652123374284
2246164371,1027197593,0,sxk906,0.2827846048995285,trunk,Rauf Orbay Caddesi,782.1459167514234
2246164406,8873045396,0,sxk90e,0.25061383238037793,primary,,31.33286468161768
2246164406,13845960915,0,sxk90e,0.1544218911862647,trunk_link,,208.99322060903307
2246164827,966218558,0,sxk915,0.2623926909139334,secondary,İstanbul Caddesi,40.976787736457624
2246164854,2246164827,0,sxk915,0.2711050506600659,residential,Muhasebeci Sokağı,63.70074153390553
2246164862,966218559,0,sxk91h,0.2687898157235833,residential,Reyhan Sokağı,41.70673941131619
2246164877,959578637,0,sxk90u,0.26222720467774313,living_street,Ray Sokağı,83.78079322483998
2246164959,966218562,0,sxk91h,0.20892983595294842,residential,İmren Sokağı,43.337124290692806
2246164959,966218561,0,sxk91h,0.14991998400548473,residential,İmren Sokağı,45.40411166935656
2246164959,2246164862,0,sxk91h,0.28117408611960876,residential,Muhasebeci Sokağı,121.2311612060467
2246362891,909194266,0,sxk90y,0.1581003568991934,secondary,,159.98044329664208
2246362894,2245070584,0,sxk90y,0.24782778507808623,residential,Baharözü Sokağı,132.28613500277885
2246362894,2246362891,0,sxk90y,0.29962168661665756,residential,Çağ Sokağı,61.16505983502517
2271469472,2382891998,0,sxk90u,0.20352394477064026,tertiary,Zuhuratbaba Caddesi,61.378850058407146
2271469472,988336265,0,sxk90u,0.21916765209490324,tertiary,Zuhuratbaba Caddesi,52.27082838472283
2271469472,2245030569,0,sxk90v,0.2389113950776657,unclassified,,480.2311482882555
2364065038,918481706,0,sxk932,0.16981818008023356,primary,D-100 Güney Yanyolu,193.09244358405618
2364065038,918482357,0,sxk932,0.1533566704428948,trunk_link,,167.43347267079068
2364065047,2364065087,0,sxk91r,0.2831908137538389,primary_link,,8.654523570520787
2365290891,2365290893,0,sxk90y,0.29885543494336547,secondary,İncirli Caddesi,82.22115052199615
2365290893,958405179,0,sxk90y,0.29328265563746314,secondary,İncirli Caddesi,5.582213925448884
2365290898,958405743,0,sxk90y,0.23447434861768848,residential,,19.472719147237655
2365310144,2365310146,0,sxk91n,0.27335361258311397,residential,Nizam Sokağı,41.293505225995986
2365310144,958405595,0,sxk91n,0.2965036769791071,residential,Çağlar Sokağı,185.4681073073169
2365310146,968158211,0,sxk91n,0.2527076716549487,residential,Şirin Sokağı,109.72299988685944
2368203169,968158709,0,sxk91r,0.17030350397449273,primary,Çobançeşme Koşuyolu Bulvarı,253.30101947614224
2372029852,2245070578,0,sxk90y,0.13605842288907974,secondary,,46.329044789951354
2372029852,2245070569,0,sxk90y,0.13484514324430566,secondary_link,,48.82979243747274
2372029858,2372029852,0,sxk90y,0.18254357012807976,secondary,,117.32730188916842
2372029858,2372029861,0,sxk90y,0.23313529832608682,secondary_link,,64.46065346290854
2372029861,2246362894,0,sxk90y,0.28692213254829374,residential,Çağ Sokağı,115.09892274266772
2380932379,2385196602,0,sxk3pc,0.2570465854600165,trunk_link,,14.3980181367461
2381936227,968158211,0,sxk91n,0.2325049970722059,residential,Şirin Sokağı,65.74439780475
2381937670,958405109,0,sxk91n,0.22557279946418662,residential,Suna Sokağı,119.35681286772041
2382094022,2382094023,0,sxk915,0.1866068312396554,residential,Kırmızı Şebboy Sokağı,15.090090880864915
2382094022,966218494,0,sxk915,0.22049494165921976,residential,Beyaz Zambak Sokağı,56.74606750568489
2382094023,966218516,0,sxk915,0.17684446882154956,residential,Kırmızı Şebboy Sokağı,92.30916900654134
2382891970,966218716,0,sxk91h,0.2681877987235156,living_street,Rıfkı Işık Sokağı,50.34959690278594
2382891993,13891532713,0,sxk90u,0.14142943690530135,tertiary,Demirkapı Caddesi,7.075191247146036
2382891993,2382891998,0,sxk90u,0.16611984646462938,tertiary,,76.03034704629219
2382891996,958702891,0,sxk90v,0.22499847515802016,tertiary,Demirkapı Caddesi,309.57567607369674
2382891996,958702900,0,sxk90u,0.1769719166993688,residential,Zümrüt Bahçe Sokağı,22.308813391728613
2382891996,2382891993,0,sxk90u,0.16301749890991127,tertiary,Demirkapı Caddesi,23.886309146207612
2382891998,2271469472,0,sxk90u,0.20352394477064026,tertiary,Zuhuratbaba Caddesi,61.378850058407146
2382891998,13891532713,0,sxk90u,0.14303756958743966,tertiary,Zuhuratbaba Caddesi,76.21908739064844
2382892004,967089806,0,sxk91j,0.2149498058136792,tertiary,Koşuyolu Caddesi,33.13807818418264
2382892004,966218408,0,sxk91j,0.2796922086317042,tertiary,Koşuyolu Caddesi,43.716761178520706
2382892007,966218476,0,sxk91j,0.2015963975770665,tertiary,,12.576359290903955
2382892007,959578607,0,sxk91j,0.20682892408210818,tertiary,Yeni Caddesi,88.70905443827692
2382892008,966218420,0,sxk91j,0.2514700714762722,tertiary,Koşuyolu Caddesi,58.27165233728382
2382892008,968172800,0,sxk91j,0.2133347334115467,tertiary,,8.301539002272445
2382892009,967089889,0,sxk91j,0.29969631649624584,tertiary,Koşuyolu Caddesi,34.29050193993506
2382892009,968173029,0,sxk91j,0.2739306722185263,tertiary,,10.373910331126273
2382892011,968172778,0,sxk91j,0.14220730398836184,residential,Bitişik Bağlar Sokağı,4.153093329193016
2382892011,968172769,0,sxk91j,0.09728295067872217,residential,Bitişik Bağlar Sokağı,81.15362698819291
2382892011,968172713,0,sxk91j,0.11907335999257507,residential,,105.05073096145816
2382892012,958703005,0,sxk90v,0.20251470638755895,secondary,Yüce Tarla Caddesi,34.58346616082168
2382892012,958703142,0,sxk90v,0.15502696098400168,living_street,Bilginler Sokağı,58.449161614869425
2382892013,968172791,0,sxk91j,0.2388538178824942,residential,Akın Yolu Sokağı,32.740398673707645
2382892013,968172782,0,sxk91j,0.21583890384828236,residential,,33.8625168618738
2382892013,968173029,0,sxk91j,0.2545919626693703,residential,Akın Yolu Sokağı,57.12747850391918
2382892059,968172699,0,sxk91j,0.23537227312051787,residential,Boztepe Sokağı,44.18481557969473
2382892059,968172678,0,sxk91j,0.18614097776756736,residential,Boztepe Sokağı,42.108760466086295
2382892059,968172653,0,sxk91j,0.1773912493890415,residential,,61.30356092331216
2382892060,968172703,0,sxk91j,0.0969206320304755,residential,Boztepe Sokağı,37.968599254130275
2382892060,968172657,0,sxk91j,0.1310913024225219,residential,Boztepe Sokağı,5.648864637814572
2382892060,968172713,0,sxk91j,0.11594326647448676,residential,,42.70615855235539
2382892091,968172670,0,sxk91j,0.21597256068512785,residential,,31.680963309063653
2382907921,988336272,0,sxk90u,0.19873603810793006,residential,Gençler Caddesi,262.82711946691
2382907935,968172870,0,sxk91j,0.15591449084009154,residential,Barbaros Sokağı,45.75292400936224
2382907935,2382907936,0,sxk91j,0.2216787938072593,living_street,,45.0103560756186
2382907936,968172726,0,sxk91j,0.25289247625824013,living_street,Ulubatlı Sokağı,36.94338212253607
2382907936,2382907935,0,sxk91j,0.19693370698187052,living_street,,45.0103560756186
2382909867,2382917967,0,sxk915,0.29745085210819977,residential,Taşevler Sokağı,27.87475387325699
2382917963,2382917964,0,sxk915,0.170671669767072,residential,Münir Özkul Sokağı,38.842290149774776
2382917963,959578527,0,sxk915,0.21714410123475472,residential,Şehit Nusret Sokağı,82.0731156554075
2382917964,2382917963,0,sxk915,0.18118975162471873,residential,Münir Özkul Sokağı,38.842290149774776
2382917965,2382917966,0,sxk915,0.25279741412081386,residential,Mabet Sokağı,37.228449407765204
2382917965,2382917967,0,sxk915,0.29439711275757513,residential,Ömer Naci Sokağı,33.08481989684137
2382917967,2382917965,0,sxk915,0.29439711275757513,residential,Ömer Naci Sokağı,33.08481989684137
2382923574,1005965421,0,sxk90s,0.11241281824605286,residential,,12.33712333159513
2382923574,1005965455,0,sxk90s,0.12870906522978484,residential,,40.162559695429536
2382923574,2382923590,0,sxk90s,0.20905737436142227,residential,,96.5081039251781
2382923588,1005965455,0,sxk90s,0.1577237689732252,residential,,67.63599382060792
2382923588,1005965455,1,sxk90s,0.1652572123981898,residential,,91.55778662833433
2382923588,10151772512,0,sxk90s,0.22057503681498322,residential,,43.313853695580995
2382923590,1005965418,0,sxk90s,0.203221292145527,residential,,12.127722106128648
2382923590,1005965431,0,sxk90s,0.23890164021474458,residential,,34.98879567679225
2382923594,2382923592,0,sxk90s,0.296025282263557,residential,,25.152218059942673
2382923594,1005965388,0,sxk90s,0.27324958009506806,residential,,50.24454353684018
2382923600,990483759,0,sxk90t,0.16270770719430355,primary,Doktor Remzi Kazancıgil Caddesi,83.57425729543895
2382923602,7631602537,0,sxk90t,0.13539997830966827,primary,"['Dr.Doktor Remzi Kazancıgil Caddesi', 'Doktor Remzi Kazancıgil Caddesi']",156.30939286573508
2382923605,8868871213,0,sxk90t,0.16550063645304192,secondary,,8.785998520658172
2382923605,1005964207,0,sxk90t,0.16679721185586055,secondary,Behçet Kemal Çağlar Caddesi,178.76237456699687
2382930394,967134063,0,sxk90g,0.11819804700266076,primary_link,,37.121162520806216
2382930394,967134089,0,sxk90g,0.11020176791914706,primary,Strasburg Caddesi,33.04781261161525
2382930395,988337275,0,sxk90e,0.2470163396128826,secondary,Conk Bayırı Caddesi,48.41699274500373
2382930395,8859366420,0,sxk90e,0.28627685370661915,secondary_link,,47.968244575291294
2382930404,2382930409,0,sxk90e,0.15291406467329213,tertiary,,12.758142027032072
2382930404,2382930406,0,sxk90e,0.1418336542899216,tertiary,,117.61254126537858
2382930406,2382930410,0,sxk90e,0.19408985282855273,tertiary,,13.54360282566923
2382930406,988336704,0,sxk90e,0.21225112007622143,tertiary,,64.65942631156899
2382930409,2382930404,0,sxk90e,0.14179829761878085,tertiary,,12.758142027032072
2382930409,988336774,0,sxk90e,0.19983621475468433,tertiary,,232.8210441656036
2382930410,2382930406,0,sxk90e,0.1834526234556416,tertiary,,13.54360282566923
2382930410,2382930409,0,sxk90e,0.1526758205389717,tertiary,,124.32272092590847
2382943935,4621146980,0,sxk90m,0.15361303797878964,unclassified,,13.216377286277664
2382943935,1007407698,0,sxk90m,0.21236359085338533,secondary,Uğur Mumcu Bulvarı,107.18258902610155
2382943935,2382943962,0,sxk90m,0.13440929142293953,unclassified,,73.29106052999765
2382943960,2382943962,0,sxk90m,0.0720013010760447,unclassified,,5.962408530977737
2382943962,2382943960,0,sxk90m,0.07684955610519073,unclassified,,5.962408530977737
2382943962,2382943965,0,sxk90m,0.0654210224105071,living_street,,7.484789432266981
2382943962,2382943935,0,sxk90m,0.13440929142293953,unclassified,,73.29106052999765
2382943965,2382943962,0,sxk90m,0.0720013010760447,living_street,,7.484789432266981
2382943965,1007407093,0,sxk90m,0.14483006679178545,living_street,Nilüfer Sokağı,103.51027928566029
2382943965,1007407200,0,sxk90m,0.05581129965230722,living_street,Nilüfer Sokağı,72.84447702295697
2382943965,1007407119,0,sxk90m,0.035967215590993785,living_street,,120.02836000802132
2382943985,1007407182,0,sxk90m,0.07367392727380669,residential,,21.09387438377641
2382943985,2382943987,0,sxk90m,0.10770272625057457,unclassified,,52.65370912472476
2382943985,2382943987,1,sxk90m,0.10253745801842527,residential,,86.00031206649807
2382943987,2382943985,0,sxk90m,0.059624539552056384,unclassified,,52.65370912472476
2382943987,2382943985,1,sxk90m,0.10253745801842527,residential,,86.00031206649807
2382943987,1007407182,0,sxk90m,0.11210921079740058,residential,,72.25876960765939
2382971030,2246164406,0,sxk90e,0.2621977723220288,primary,,26.19538064733918
2382971203,1005965602,0,sxk90s,0.26458871990424093,primary,Adnan Kahveci Bulvarı,121.03410979727141
2382982579,2382982580,0,sxk901,0.2860081217895131,residential,Eski PTT Sokağı,104.87916714158294
2385196610,2385196612,0,sxk901,0.24900483715238012,secondary,Yeşilyurt İstasyon Caddesi,16.41687585682545
2385196610,2385196613,0,sxk901,0.23791451351381557,secondary_link,,20.464970818488716
2385196612,2382982580,0,sxk901,0.2782022069596906,secondary,Yeşilyurt İstasyon Caddesi,98.37079088391573
2385196613,1027243690,0,sxk901,0.22333173758495306,secondary,Yeşilyurt İstasyon Caddesi,107.9962560927671
2385196686,2385196688,0,sxk904,0.15661255989050912,primary_link,,15.56321093324999
2385196686,3723183912,0,sxk904,0.22300950755715854,primary,Yeni Havaalanı Caddesi,536.0536924681645
2385196688,1026970818,0,sxk904,0.21561680183343843,primary,Yeni Havaalanı Caddesi,71.73859891329398
2385196688,2385196686,0,sxk904,0.167713849552485,primary_link,,15.56321093324999
3178628117,1026970846,0,sxk901,0.07100189729628174,trunk,,76.77991534617242
3178628117,1026970610,0,sxk901,0.04012535271710422,primary,Yeni Havaalanı Caddesi,101.2214643666886
3178628129,1027243711,0,sxk901,0.2161464335783735,secondary_link,,110.501975809347
3178628129,1026971224,0,sxk901,0.15142413162089494,primary,,77.46968075343248
3283907246,968158702,0,sxk91r,0.2829228261098756,primary,Çobançeşme Koşuyolu Bulvarı,49.06252457294839
3723183911,2385196688,0,sxk904,0.20154193342157317,primary,Yeni Havaalanı Caddesi,541.5021884621041
4519705612,1027243752,0,sxk903,0.20467450875437698,residential,Kuşkonmaz Sokağı,89.18044005021969
4519705613,1027243752,0,sxk903,0.19290350558461541,residential,Kuşkonmaz Sokağı,50.60678091219839
4519705613,1027244278,0,sxk903,0.2567582801994097,residential,Ürgüplü Caddesi,96.18562766708939
4586888655,958405109,0,sxk91n,0.1919516179040865,residential,Suna Sokağı,17.058555571437637
4586888655,968158173,0,sxk91n,0.17215523118758977,residential,Suna Sokağı,28.696683437656464
4586889197,2364065047,0,sxk91r,0.2643087903040773,primary_link,,20.56145705774976
4589727643,4586889197,0,sxk91r,0.17750948061187513,primary_link,,160.70037162097069
4621146980,2382943935,0,sxk90m,0.14086961674888224,unclassified,,13.216377286277664
4621146980,1007404472,0,sxk90m,0.13832159814470454,secondary,Uğur Mumcu Bulvarı,194.8554239461692
4978760081,988336052,0,sxk90u,0.295615366123275,secondary,,60.25995611977441
6300279742,1005965602,0,sxk90s,0.2408549836470423,primary_link,,28.32644503008571
6300279742,1005965393,0,sxk90s,0.25132232689931305,primary,Adnan Kahveci Bulvarı,66.41440107513148
6367407127,968158131,0,sxk91n,0.2604226123125278,residential,Sugözü Sokağı,118.93027096069164
6367407127,968158137,0,sxk91n,0.28125834406537253,tertiary,Tez Sokağı,104.6853417305563
6761863770,1026970818,0,sxk904,0.21561680183343843,primary_link,,14.978662508992779
6761863770,2385196686,0,sxk904,0.1907632147510319,primary,Yeni Havaalanı Caddesi,71.36094984742248
6761863770,13690686464,0,sxk904,0.26604663558633174,residential,,127.95104107584986
7242709082,12962077039,0,sxk90n,0.29217864145525485,residential,,3.958544980389255
7242709082,12962077042,0,sxk90n,0.29198411630386334,residential,,62.902513363823026
7242709083,12962077041,0,sxk90n,0.2880588391685666,residential,,4.427863902028052
7631602537,1005964266,0,sxk90t,0.2157644330794148,primary_link,,196.02727126072907
7631602537,1005965072,0,sxk90t,0.21593243774330023,primary,Doktor Remzi Kazancıgil Caddesi,114.76913051548296
7968198693,967134105,0,sxk90g,0.08712555053851329,secondary,Ali Rıza Efendi Caddesi,51.54503178947985
7968198693,967134029,0,sxk90g,0.2265100453134308,secondary,Ali Rıza Efendi Caddesi,246.57304357608075
7968198696,8859366405,0,sxk90g,0.29869762496019303,primary,Strasburg Caddesi,192.1986444200231
7968198697,967134470,0,sxk90g,0.08566243612418965,secondary,Zübeyde Hanım Caddesi,59.00041629745005
7968198697,967134077,0,sxk90g,0.08163472290053288,primary,,43.24623407438821
8745873128,4586889197,0,sxk91r,0.18417587811026012,primary_link,,284.6839518159374
8745909513,958136239,0,sxk91p,0.22024151273561074,primary,D-100 Güney Yanyolu,285.1434705113357
8746470341,907179819,0,sxk90w,0.13941743329363301,trunk,,642.840880100964
8746470341,2245030843,0,sxk90w,0.04941860792398366,trunk_link,,187.10826929462414
8857549277,959578696,0,sxk90g,0.2816199350035032,secondary_link,,22.80199611946248
8857549280,11905082898,0,sxk90g,0.2615440003573771,secondary_link,,27.849049161431054
8857549280,959578737,0,sxk90g,0.26591163993543643,secondary,Fişekhane Caddesi,20.870109143345765
8857549308,967134295,0,sxk90g,0.20826079686759338,secondary_link,,8.259104715095448
8857549308,967134356,0,sxk90g,0.22131436748068653,secondary,Zübeyde Hanım Caddesi,22.26618583518147
8857558117,967134196,0,sxk90g,0.14249878357705217,secondary_link,,7.018222530347608
8857558117,988329424,0,sxk90g,0.142225228238293,secondary,Zübeyde Hanım Caddesi,8.718626758879452
8857558134,959578766,0,sxk90g,0.1428967078865064,trunk_link,Ataköy Galleria Kavşağı,116.86882621427277
8857558134,959578941,0,sxk90g,0.13984366090787867,primary,,52.54116935729086
8859366397,2382930394,0,sxk90g,0.27849829669858195,primary,Strasburg Caddesi,187.70288588804942
8859366459,2382930395,0,sxk90e,0.2920494616522928,secondary_link,,46.75886118324081
8868871213,2382923602,0,sxk90t,0.1644236499810544,primary_link,,54.77554522586199
8868871213,990483757,0,sxk90t,0.17178836034004613,secondary,,28.195174651789042
8868878855,1005965054,0,sxk90t,0.27251216727265626,primary_link,,187.3648832514733
8868878855,1005965048,0,sxk90t,0.26075285397223463,primary,Mustafa Sarıçiçek Bulvarı,155.125575278616
8871992990,248138590,0,sxk90e,0.23952321426515638,trunk_link,Ataköy 5. Kısım Kavşağı,160.0434205435413
8871992995,8871992990,0,sxk90e,0.27256393903295895,primary,Adnan Kahveci Bulvarı,23.589843852011985
8871993014,11889214429,0,sxk90e,0.28395550235204364,primary,Adnan Kahveci Bulvarı,18.322640755943876
8873045392,8873045396,0,sxk90e,0.2646782890674877,primary_link,,48.300795236991476
8873045392,2382971030,0,sxk90e,0.2799882959056921,primary,,27.715615304733028
8873045396,8871992995,0,sxk90e,0.2628147614923563,primary,,12.833799694363494
8880083835,1027244278,0,sxk903,0.29671466055743884,residential,Başak Sokağı,121.9693810160194
9038284123,988329408,0,sxk90u,0.28466218836616763,secondary,"['Fişekhane Caddesi', 'Ak Mescit Sokağı']",276.819191546679
9038284123,959578705,0,sxk90u,0.1641141568570591,secondary_link,,36.73739448516116
9046101961,988337275,0,sxk90e,0.2394110004548826,tertiary,,26.980995055102888
9046101961,988336677,0,sxk90e,0.2389104930066726,tertiary,,11.013404780479036
9654303386,1007407462,0,sxk90m,0.24202550252286759,residential,,6.716204035759346
9769272789,958405490,0,sxk90y,0.28880561351137074,secondary,İncirli Caddesi,102.44284808364968
9769272792,958405820,0,sxk90y,0.2695324869815638,secondary,Dr. Tevfik Sağlam,72.43744986794708
9769272792,958703200,0,sxk90y,0.22186823455380378,secondary_link,,35.47549068602424
10151772512,1005965431,0,sxk90s,0.23890164021474458,residential,,40.49786819464405
10151772512,10151772513,0,sxk90s,0.25644911461678477,residential,,36.08639614464746
10151772512,2382923588,0,sxk90s,0.2143053758666674,residential,,43.313853695581
10151772513,10151772512,0,sxk90s,0.22288231801265956,residential,,36.08639614464746
10191775409,988336722,0,sxk90s,0.2992490347246135,residential,,166.26040485332868
10191775409,988336814,0,sxk90s,0.2256984499698993,residential,,164.6868344588662
10191775409,988336814,1,sxk90s,0.20384289064915748,living_street,,155.2986700502452
10884273119,12244813316,0,sxk90j,0.28125258651138907,tertiary,Bedri Rahmi Eyüboğlu Caddesi,121.15916663603227
10884273119,2112679826,0,sxk90j,0.18234366668770235,tertiary,"['Bedri Rahmi Eyüboğlu Caddesi', 'Osman Hamdi Bey Bulvarı']",360.20537172985473
11556721691,959578675,0,sxk90u,0.2250946244957616,living_street,Bestekar Rakim El Kutlu Sokağı,19.235502970698754
11826403694,968158622,0,sxk91q,0.20607626218329084,tertiary,,177.92975710866983
11826403694,968158378,0,sxk91q,0.09237620067550834,primary,Ekrem Kurt Bulvarı,332.1697330546075
11826403701,968158046,0,sxk91q,0.23769661245155282,primary,Ekrem Kurt Bulvarı,91.84552372764942
11826403701,968158143,0,sxk91q,0.17769161449234394,primary,,43.279001256233656
11889214429,8873045392,0,sxk90e,0.2782282822473353,primary,,34.78554581435829
11889214431,988336947,0,sxk90e,0.2976171913171997,trunk_link,Ataköy 5. Kısım Kavşağı,194.57819087662466
11889214431,248138590,0,sxk90e,0.1775509691955166,trunk,Rauf Orbay Caddesi,121.01534536489775
11889214432,8871992995,0,sxk90e,0.21383891395365576,trunk_link,Ataköy 5. Kısım Kavşağı,117.60368725952867
11889214432,13845960911,0,sxk90e,0.16495432987184366,trunk,Rauf Orbay Caddesi,135.31968995434158
11889586765,959578789,0,sxk90g,0.15471289984378592,trunk_link,Ataköy Galleria Kavşağı,174.95691135114131
11889586765,959578766,0,sxk90g,0.1337256275225735,trunk,Rauf Orbay Caddesi,111.32010034368614
11889586767,959578899,0,sxk90g,0.12259583620304144,trunk,Rauf Orbay Caddesi,74.38168585804014
11889586767,959578822,0,sxk90g,0.13812284593072935,trunk_link,Ataköy Galleria Kavşağı,127.35927460930856
11889586768,959578808,0,sxk90g,0.061596727713528185,trunk_link,Ataköy Galleria Kavşağı,222.59660326814287
11889586768,959578875,0,sxk90g,0.08648250333634816,trunk,Rauf Orbay Caddesi,145.93060966768533
11889589070,959578859,0,sxk90g,0.07794379662704551,trunk_link,Ataköy Galleria Kavşağı,115.47562657519062
11889589070,959578844,0,sxk90g,0.10801106879541424,trunk,Rauf Orbay Caddesi,110.77111275310466
11889861379,959578844,0,sxk90g,0.0609836628929855,trunk_link,Ataköy Galleria Kavşağı,166.01517299719004
11889861379,959578859,0,sxk90g,0.026281574237024048,primary,,87.08597425962525
11889861380,959578875,0,sxk90g,0.04329453658674236,trunk_link,Ataköy Galleria Kavşağı,107.65832459864112
11889861380,959578808,0,sxk90g,0.021425912807272875,primary,,77.835137738304
11905082898,8857549277,0,sxk90g,0.27047152547162423,secondary_link,,8.96932910283431
11905082898,959578737,0,sxk90g,0.2688883417182508,secondary,Zübeyde Hanım Caddesi,10.6321207544053
11930643228,958405120,0,sxk91n,0.28140125850702,tertiary,İsmail Erez Bulvarı,320.41697053407944
12142728022,1859108033,0,sxk90q,0.2972789476919514,trunk_link,,142.350894479038
12143279068,1005965720,0,sxk90s,0.23937781624215185,residential,,566.0690481338274
12205869468,988336083,0,sxk90u,0.23891366437269404,residential,,301.3986288331265
12205869468,988336052,0,sxk90u,0.2521023686010143,secondary,Behçet Kemal Çağlar Caddesi,23.821430632828125
12205869468,959578651,0,sxk90u,0.17271320239073207,secondary,Behçet Kemal Çağlar Caddesi,177.12334646462028
12205869493,969160829,0,sxk91k,0.2825844907234921,secondary,Abay Caddesi,90.3565239438961
12244813312,10884273119,0,sxk90j,0.27704463643984334,tertiary,Bedri Rahmi Eyüboğlu Caddesi,118.43202836898158
12246600527,958703006,0,sxk90v,0.270552681525814,residential,Vankulu Sokağı,53.78880542735788
12246600527,958702983,0,sxk90v,0.2787265922728534,secondary,Yüce Tarla Caddesi,116.71816485595366
12574401376,1005965388,0,sxk90t,0.23325948513898803,residential,Mimoza Sokağı,264.78089006379025
12574401376,12574401377,0,sxk90t,0.16726523873288826,residential,Mimoza Sokağı,8.029478440651255
12574401377,12574401376,0,sxk90t,0.16726523873288826,residential,Mimoza Sokağı,8.029478440651255
12574401377,1005965361,0,sxk90t,0.2547545848066794,residential,Mimoza Sokağı,123.64148977428576
12574401377,2382923600,0,sxk90t,0.1556030776516746,residential,,22.109153360043045
12782217605,2112679826,0,sxk90j,0.284039084968637,tertiary,Osman Hamdi Bey Bulvarı,330.2895875908913
12962077039,7242709082,0,sxk90n,0.29595789297667296,residential,,3.958544980389255
12962077039,2245056706,0,sxk90n,0.15705802962349313,residential,,232.40293691461986
12962077041,7242709083,0,sxk90n,0.2923492729175212,residential,,4.427863902028052
12962077041,12962077043,0,sxk90n,0.2811562602876663,residential,,81.66861459925528
12962077041,2245056702,0,sxk90n,0.10108904074912058,residential,,214.8544920511257
12962077042,7242709083,0,sxk90n,0.2923492729175212,residential,,81.65663884384098
12962077042,12962077043,0,sxk90n,0.2811562602876663,residential,,4.16060139931262
12962077043,12962077042,0,sxk90n,0.2853049211190588,residential,,4.16060139931262
12962077043,12962077039,0,sxk90n,0.2880684040137207,residential,,63.02478826345006
12962078634,1026991640,0,sxk90j,0.2827661249506932,residential,,253.22603808761423
13299221377,6300279742,0,sxk90s,0.22593612491251974,primary_link,,2.1972508241704527
13370167352,968158061,0,sxk91r,0.23519994887836618,unclassified,,714.3247036463781
13609786203,2245056706,0,sxk90n,0.22555946464571583,primary,D-100 Güney Yanyolu,216.18885108487007
13690671187,13690686415,0,sxk901,0.1506485932636151,residential,,150.96879464624817
13690671187,13690686449,0,sxk901,0.19884949651175987,residential,,75.27717399233137
13690671187,13690686456,0,sxk901,0.25224511102152386,residential,,78.02582388669065
13690686407,13690686408,0,sxk901,0.26752260537522105,residential,,46.525540738037584
13690686407,13690686415,0,sxk901,0.20223871241083516,residential,,48.28708724173152
13690686407,13690686456,0,sxk901,0.2634310337865502,residential,,45.62934993665658
13690686408,13690686407,0,sxk901,0.2308574144399522,residential,,46.525540738037584
13690686408,13690686457,0,sxk901,0.29616617869645423,residential,,47.506451071230636
13690686408,13690686414,0,sxk901,0.24588295455035383,residential,,45.42398255122363
13690686409,13690686408,0,sxk901,0.26752260537522105,residential,,56.668942834215166
13690686413,13690686419,0,sxk901,0.28984990108929,residential,,39.19097075076916
13690686414,13690686408,0,sxk901,0.26752260537522105,residential,,45.42398255122363
13690686414,13690686415,0,sxk901,0.20223871241083516,residential,,48.06188182714015
13690686414,13690686419,0,sxk901,0.28984990108929,residential,,46.95386578160168
13690686415,13690686414,0,sxk901,0.24588295455035383,residential,,48.06188182714015
13690686415,13690686407,0,sxk901,0.2308574144399522,residential,,48.28708724173152
13690686415,13690671187,0,sxk901,0.152820784873139,residential,,150.96879464624817
13690686415,13690686420,0,sxk901,0.23606809649711016,residential,,146.45084804788274
13690686419,13690686414,0,sxk901,0.24588295455035383,residential,,46.95386578160168
13690686419,13690686420,0,sxk901,0.27927011485445796,residential,,48.44843432646031
13690686420,13690686419,0,sxk901,0.28984990108929,residential,,48.44843432646031
13690686420,13690686415,0,sxk901,0.18266733940159577,residential,,146.45084804788274
13690686420,13690686424,0,sxk901,0.2908411700740638,residential,,80.91132259602007
13690686424,13690686420,0,sxk901,0.2908411700740638,residential,,80.91132259602007
13690686426,13690686457,0,sxk901,0.29616617869645423,residential,,47.12205873406334
13690686427,13690686456,0,sxk901,0.2867278576680537,residential,,45.561825015909704
13690686449,1026970893,0,sxk901,0.16219901246592303,trunk_link,,100.6456491372311
13690686449,13690671187,0,sxk901,0.19883531862832246,residential,,75.27717399233138
13690686456,13690686407,0,sxk901,0.2308574144399522,residential,,45.62934993665658
13690686456,13690686457,0,sxk901,0.29616617869645423,residential,,45.02601603421755
13690686456,13690686427,0,sxk901,0.2867278576680537,residential,,45.561825015909704
13690686456,13690671187,0,sxk901,0.23634544471896352,residential,,78.02582388669065
13690686457,13690686408,0,sxk901,0.26752260537522105,residential,,47.506451071230636
13690686457,13690686456,0,sxk901,0.2634310337865502,residential,,45.02601603421755
13690686458,13690686457,0,sxk901,0.29616617869645423,residential,,43.8024614343108
13690686464,6761863770,0,sxk904,0.26604663558633174,residential,,127.95104107584984
13736826260,958405458,0,sxk91n,0.009127488978802294,residential,Sugözü Sokağı,5.4066714909880575
13736826260,968158233,0,sxk91n,0.069991138173888,residential,Sugözü Sokağı,89.08889040345358
13736826260,13736826264,0,sxk91n,0.038405005924414204,residential,,97.34544327942935
13736826264,958405255,0,sxk91n,0.14240434493514892,tertiary,Tez Sokağı,120.67523955877311
13736826264,958405065,0,sxk91n,0.0983166905528449,tertiary,Tez Sokağı,40.53733055607608
13736826264,13736826260,0,sxk91n,0.01493124232183019,residential,,97.34544327942935
13736829416,966218399,0,sxk91h,0.2902178850333323,residential,Yakup Şevki Sokağı,34.9090534173721
13736829416,966218398,0,sxk91h,0.23810492591290777,residential,Yakup Şevki Sokağı,20.861373107573204
13736829416,13736829420,0,sxk91h,0.24185293707969496,residential,,140.70709483967104
13736829420,966218716,0,sxk91h,0.24916927757805404,residential,Rıfkı Işık Sokağı,7.081535762441973
13736829420,966218430,0,sxk91h,0.21881912335201972,residential,Rıfkı Işık Sokağı,23.760095707064533
13736829420,13736829416,0,sxk91h,0.24185293707969496,residential,,140.70709483967104
13785147621,13785147628,0,sxk90s,0.1357298039459212,residential,,7.101832770586428
13785147628,13785147646,0,sxk90s,0.12737635786599616,residential,,16.929498540934798
13785147628,1005965681,0,sxk90s,0.11974113016973527,residential,,33.31941241663489
13785147631,13785147621,0,sxk90s,0.14525961685310976,residential,,17.00688692960886
13785147631,1005965733,0,sxk90s,0.15443839062359557,residential,Kilitbahir Sokağı,20.329893150657412
13785147633,13785147631,0,sxk90s,0.14809562281475716,residential,,6.803030912484203
13785147646,13785147648,0,sxk90s,0.13062026900881302,residential,,2.9009608819738286
13785147648,13785147633,0,sxk90s,0.14080141421543285,residential,,16.26155419226604
13785147648,1005965720,0,sxk90s,0.13377932522872998,residential,,30.178223525544265
13845960911,3178643365,0,sxk90e,0.06361618705732859,trunk,Rauf Orbay Caddesi,298.1950873029974
13845960911,13845960915,0,sxk90e,0.08266483367861956,trunk_link,,60.688576411742886
13845960915,3178643365,0,sxk90e,0.16647410082142133,trunk_link,,239.5717989174443
13881850738,966218547,0,sxk91h,0.288732632823441,tertiary,Koşuyolu Caddesi,37.27715273547747
13881850738,966218471,0,sxk91h,0.2769203961354318,residential,Şanlı Asker Sokağı,16.870993799947968
13891516134,958405385,0,sxk90y,0.14426517315346937,secondary,Dr. Tevfik Sağlam,29.507931513797516
13891516134,958405334,0,sxk90y,0.16783390830196082,residential,Turanlı Sokağı,123.89529772476953
13891532709,13891532722,0,sxk90u,0.15364559040675807,tertiary,Demirkapı Caddesi,26.525049209046365
13891532709,13891532718,0,sxk90u,0.14838775991855588,tertiary,,17.9822089546599
13891532713,13891532716,0,sxk90u,0.14119143700515202,tertiary,Zuhuratbaba Caddesi,4.289736946591346
13891532716,13891532718,0,sxk90u,0.14501995443950738,tertiary_link,,10.163911444391868
13891532716,958703283,0,sxk90u,0.14428228457768816,tertiary,Zuhuratbaba Caddesi,36.89545030048223
13891532718,2382891993,0,sxk90u,0.1484343611908003,tertiary,,10.747848835441962
13891532718,13891532722,0,sxk90u,0.1560288987226649,tertiary_link,,16.999012491461407
13891532722,2382891996,0,sxk90u,0.17210107523960663,tertiary,Demirkapı Caddesi,12.30327456719429
13914561021,959578620,0,sxk91h,0.039307675156365254,residential,General Şükrü Kanatlı Caddesi,81.630881180046
13914561026,966218431,0,sxk91h,0.12193834852734875,residential,Rıfkı Işık Sokağı,53.11712444628869
