u,v,key,name,highway,length
248138590,11889214430,0,Rauf Orbay Caddesi,trunk,66.75986277100165
304051898,304051902,0,Ataköy Kavşağı,primary_link,322.40015246614973
304051898,1859108033,0,D-100 Güney Yanyolu,primary,142.99059409067104
304051902,304051907,0,Ataköy Kavşağı,trunk_link,144.26901569100613
304051907,8868878855,0,Mustafa Sarıçiçek Bulvarı,primary,228.65657906109408
304052298,304052313,0,Ataköy Kavşağı,primary_link,188.6544976998937
304052298,304051907,0,Mustafa Sarıçiçek Bulvarı,primary,190.4318216952126
304052313,304052752,0,D-100 Güney Yanyolu,primary,80.82914299623029
304052424,2245030843,0,D-100 Güney Yanyolu,primary,176.7042582914863
304052752,304052764,0,Ataköy Kavşağı,primary_link,233.5905876845738
304052752,304052424,0,D-100 Güney Yanyolu,primary,226.9006176118694
304053231,304052424,0,Ataköy Kavşağı,primary_link,391.45875049082156
304053231,304052764,0,Mustafa Sarıçiçek Bulvarı,primary,218.23272958182443
363910202,958405710,0,Bahçesaray Sokağı,residential,57.27426092244263
363910202,363910204,0,,residential,18.090631236340506
363910204,958406328,0,Pembe Ay Sokağı,residential,50.05836898503848
363910204,363910206,0,,residential,24.5849748122133
363910206,958406085,0,Bahçesaray Sokağı,residential,58.51673790696607
363910206,4104770089,0,,residential,27.830134403434702
494078053,8880802729,0,,residential,29.72761038012073
494078053,2380790711,0,Germeyan Sokağı,residential,71.83472945683765
494094318,2244990994,0,Cami Girişi Sokağı,residential,56.985840553923126
494094318,1027924576,0,Güven Sokağı,residential,113.12342653334866
494094318,1027924575,0,"['Üniversite Sokağı', 'Cami Girişi Sokağı']",residential,168.94428729261045
495411144,1033540409,0,Fuat Paşa Sokağı,residential,204.6742473136418
495411144,2380790838,0,,secondary_link,56.021006264685056
495411144,1033540926,0,,secondary_link,43.491408939572985
495411182,8887329233,0,Yamaç Sokağı,residential,7.942644950524822
495411182,1033540508,0,Yamaç Sokağı,residential,65.8047500924778
495411182,1033540699,0,Çetiner Sokağı,residential,70.39785546621519
495458804,2244746147,0,Kır Sokağı,residential,87.10641155537677
495458804,2244746172,0,,residential,59.51801053277278
579904564,11889214432,0,Rauf Orbay Caddesi,trunk,50.77144057134165
620077517,620077517,0,,residential,140.1902102009022
620077517,11039309419,0,,residential,53.68769387026676
905151588,11345677264,0,Basın Ekspress Yolu,primary,219.9726756099189
905151611,905166687,0,Çobançeşme Kavşağı,motorway_link,387.50883561067934
905151611,905151618,0,Basın Ekspress Yolu,motorway,415.43540491552403
905166498,304051898,0,D-100 Güney Yanyolu,primary,508.69855300860263
905166599,905166602,0,,trunk,333.92170239804705
905166602,2245056702,0,,trunk_link,190.77114976629014
905166602,905166614,0,,trunk,795.5110705517311
905166614,12142728022,0,,trunk,451.30922524945925
905166663,905151588,0,Çobançeşme Kavşağı,motorway_link,231.0663324611977
905166687,905166947,0,Çobançeşme Kavşağı,motorway_link,208.53388076650614
905166754,1857917102,0,,trunk_link,177.6992715400009
905166754,905166599,0,,trunk,1516.5150827810598
905166947,1857937358,0,D-100 Güney Yanyolu,primary,160.39487537936552
905192864,1931523090,0,Ahmet Yesevi Caddesi,tertiary,56.921242889382555
905362834,12244813341,0,D-100 Güney Yanyolu,primary,113.91744644044392
905362834,2245056676,0,Elif Naci Caddesi,residential,144.90834739335315
907179819,909194349,0,,trunk,1425.6019414630423
909194033,909195158,0,D-100 Güney Yanyolu,primary,266.8151529871251
909194033,2372029858,0,,secondary,66.31502589429647
909194266,2245070584,0,,secondary,57.851339491957155
909194266,2245070578,0,,secondary,13.71033937108809
909194314,909194316,0,İncirli Kavşağı,primary_link,57.01019477723826
909194314,909194429,0,İncirli Caddesi,secondary,117.56523589873123
909194316,909194326,0,İncirli Kavşağı,primary_link,217.5996272299906
909194316,958405938,0,Alpay İzer Sokağı,residential,96.55237732137584
909194326,958136024,0,İncirli Kavşağı,primary_link,10.122622513928498
909194333,909194349,0,,trunk_link,305.31834295231164
909194333,958136015,0,Olgunlar Sokağı,residential,35.68061453453825
909194333,8745909513,0,D-100 Güney Yanyolu,primary,45.98934894598884
909194349,5777925705,0,,trunk,227.96854740501203
909194403,909194429,0,İncirli Kavşağı,primary_link,159.515082782789
909194403,909194326,0,,primary_link,121.78928435497266
909194403,909194333,0,D-100 Güney Yanyolu,primary,255.3952660376527
909194568,909194645,0,,secondary,32.704029079457264
909194645,2365290907,0,İncirli Kavşağı,primary_link,219.90581004082898
909194645,909194652,0,İncirli Caddesi,secondary,94.43965480597831
909194652,958405373,0,İncirli Caddesi,secondary,58.492148802475896
909195158,909194652,0,İncirli Kavşağı,primary_link,221.34577129804887
909195158,2365290907,0,D-100 Güney Yanyolu,primary,173.08814193701934
918481467,918481664,0,,primary_link,112.47085047332565
918481467,918481470,0,Merter Kavşağı,primary_link,74.9871144566516
918481470,918481472,0,Merter Kavşağı,primary_link,86.3822059339237
918481472,918481473,0,D-100 Güney Yanyolu,primary,60.81352961522093
918481473,958128674,0,,primary_link,70.89376127269715
918481664,918481735,0,,secondary,310.3398244231091
918481672,918481470,0,,primary_link,87.57302336168205
918481672,918481664,0,,secondary,77.93512400557367
918481706,918481722,0,,primary_link,77.57613734265661
918481706,918481748,0,D-100 Güney Yanyolu,primary,78.6475391192568
918481722,918481933,0,,primary_link,429.82615270624353
918481735,918481722,0,,primary_link,13.96736240165051
918481735,918481748,0,,primary_link,109.39004353004013
918481748,2364065083,0,D-100 Güney Yanyolu,primary,124.61944381581148
918481828,918481860,0,,primary_link,257.4935482881965
918481828,918482342,0,D-100 Güney Yanyolu,primary,215.1871044889077
918481860,2368203169,0,,primary_link,330.3332881973763
918481860,8745873128,0,,primary_link,51.534014408106884
918481862,8745873128,0,,primary_link,64.33390253949425
918481862,2368203169,0,Çobançeşme Koşuyolu Bulvarı,primary,342.5854942008214
918481946,918481862,0,Ekrem Kurt Bulvarı,primary,45.91869941269705
918481946,918482342,0,Merter 2 Köprülü Kavşağı,primary_link,272.8529325385413
918482342,2364065038,0,D-100 Güney Yanyolu,primary,261.6169425545776
958128667,958128674,0,,secondary,61.4450744513652
958128674,958128680,0,,secondary,31.957990408203763
958128674,974171746,0,,secondary,49.93466082829702
958128680,918481672,0,,secondary,144.27828555447257
958128711,958128667,0,,secondary_link,87.05401764658065
958136015,958136017,0,Olgunlar Sokağı,residential,38.80649880357725
958136015,8745909513,0,,residential,32.23162299233407
958136017,958136015,0,Olgunlar Sokağı,residential,38.80649880357725
958136017,958136047,0,Lavanta Çiçeği Sokağı,residential,66.62032825257509
958136024,958136036,0,"['Alem Sokağı', 'Pelinli Sokağı']",residential,141.66553819976065
958136024,909194333,0,İncirli Kavşağı,primary_link,127.11900526082093
958136029,958136047,0,Lavanta Sokağı,residential,48.801897362490045
958136029,958136017,0,Alem Sokağı,residential,47.123887523980315
958136029,9346982261,0,Alem Sokağı,residential,41.118188169954614
958136036,10705338489,0,Alpay İzer Sokağı,residential,102.22563750470977
958136036,958405708,0,Pelinli Sokağı,residential,65.46560749645054
958136036,958405432,0,Alpay İzer Sokağı,residential,73.94205069771462
958136047,958136029,0,Lavanta Sokağı,residential,48.801897362490045
958136047,958136036,0,Lavanta Çiçeği Sokağı,residential,77.23251149277891
958136102,5777925709,0,D-100 Güney Yanyolu,primary,296.07577139877213
958136239,958136102,0,D-100 Güney Yanyolu,primary,91.73794647545813
958136239,958404971,0,,primary_link,495.8044685308228
958136383,2364065047,0,,primary_link,217.27758969565272
958136383,968158074,0,Çobançeşme Koşuyolu Bulvarı,primary,296.96049075589445
958404936,958404939,0,,tertiary_link,14.443650497957885
958404936,968158282,0,İsmail Erez Bulvarı,tertiary,235.66733220293315
958404939,958404946,0,,primary_link,36.237705006905905
958404939,958404971,0,İsmail Erez Bulvarı,tertiary,46.61320645993613
958404946,958136102,0,,primary_link,464.1265922157669
958404971,958405649,0,İsmail Erez Bulvarı,tertiary,36.28639100620301
958405050,958405158,0,Başarı Sokağı,residential,60.357798674263435
958405050,958405054,0,,residential,63.70961066035237
958405054,958405074,0,,residential,58.72348226845853
958405054,958405057,0,,residential,126.08054683258709
958405054,958405050,0,,residential,63.70961066035237
958405054,958405083,0,,residential,174.78219005947625
958405057,958702735,0,Yunus Nadi Sokağı,tertiary,17.928744676262802
958405057,958405054,0,,residential,126.08054683258709
958405057,958405211,0,Yunus Nadi Sokağı,tertiary,57.11481958587504
958405065,958702684,0,,residential,160.3485833336175
958405065,13736826264,0,Tez Sokağı,tertiary,40.53733055607608
958405065,958702676,0,Tez Sokağı,tertiary,105.58991641566301
958405070,958702684,0,,residential,14.785588415622563
958405070,958405074,0,,residential,82.54772512560358
958405070,958405255,0,Ahmet Doğan Yılmaz Sokağı,tertiary,88.89680941038587
958405074,958405054,0,,residential,58.72348226845853
958405074,958405211,0,Agah Efendi Sokağı,tertiary,135.15062692400545
958405074,958405070,0,,residential,82.54772512560358
958405083,958405054,0,,residential,174.78219005947622
958405083,958702735,0,Yunus Nadi Sokağı,tertiary,48.551891199695696
958405083,958405232,0,Yunus Nadi Sokağı,tertiary,212.8560919090528
958405093,958405095,0,,living_street,91.83334384209304
958405095,958405093,0,,living_street,91.83334384209304
958405095,958406151,0,Necmettin Sadak Sokağı,living_street,66.78548078830511
958405095,958405162,0,Necmettin Sadak Sokağı,living_street,68.26336825054634
958405109,2381937670,0,Suna Sokağı,residential,119.35681286772041
958405109,4586888655,0,Suna Sokağı,residential,17.058555571437637
958405109,958405259,0,,tertiary,37.534514660219735
958405113,2381937670,0,Olgunlar Sokağı,tertiary,11.121183791745986
958405120,958404946,0,,primary_link,56.92800915322111
958405120,958404939,0,İsmail Erez Bulvarı,tertiary,46.63753868618663
958405158,958405074,0,Agah Efendi Sokağı,tertiary,59.843760421353295
958405158,958405478,0,Olgunlar Sokağı,tertiary,92.53216235317316
958405160,958405050,0,Başarı Sokağı,residential,40.23582634344999
958405162,958405160,0,Başarı Sokağı,residential,74.27333006541208
958405162,958406146,0,Pembe Ay Sokağı,residential,92.09007647316561
958405162,958405095,0,Necmettin Sadak Sokağı,living_street,68.26336825054634
958405173,958405162,0,Başarı Sokağı,residential,67.4290720751436
958405175,958405173,0,Başarı Sokağı,residential,59.14603905042542
958405175,958405188,0,,residential,90.80365974837952
958405179,958405736,0,,secondary_link,7.966444302195002
958405179,958405175,0,Başarı Sokağı,residential,50.147565652855704
958405179,958405488,0,İncirli Caddesi,secondary,98.2282210936024
958405184,958405486,0,Sayfiye Sokağı,residential,103.24408062767168
958405184,958406139,0,Aydın Yuva Sokağı,residential,74.9687528606938
958405188,958405488,0,Ahu Sokağı,tertiary,49.462078716511805
958405203,958405070,0,Ahmet Doğan Yılmaz Sokağı,tertiary,180.51783184879457
958405203,958702679,0,Yunus Nadi Sokağı,tertiary,56.213060982402226
958405211,958405057,0,Yunus Nadi Sokağı,tertiary,57.11481958587504
958405211,958405203,0,Yunus Nadi Sokağı,tertiary,138.5919154970756
958405232,2365290891,0,İncirli Caddesi,secondary,41.699225311209005
958405255,958405259,0,Ahmet Doğan Yılmaz Sokağı,tertiary,82.41416709764148
958405255,13736826264,0,Tez Sokağı,tertiary,120.67523955877311
958405259,958405470,0,Sugözü Sokağı,residential,38.39233562785727
958405259,958405478,0,Ahu Sokağı,tertiary,121.9322526585622
958405259,958405109,0,,tertiary,37.53451466021973
958405297,958405321,0,Haksever Sokağı,residential,67.09268471062882
958405297,958405373,0,Çağ Sokağı,residential,82.09712217030315
958405297,11006314365,0,Çetiner Sokağı,residential,62.65599506496959
958405314,958405381,0,,secondary,74.4080955971983
958405317,958405314,0,Gülderen Sokağı,residential,65.29099150263897
958405317,958405380,0,Yolbaşı Sokağı,residential,63.85855690757002
958405321,958405333,0,Haksever Sokağı,residential,72.22827998119018
958405321,958405317,0,Gülderen Sokağı,residential,97.0700704814112
958405327,9769272789,0,İncirli Caddesi,secondary,65.37486948235694
958405327,958405321,0,Gülderen Sokağı,residential,75.37986475096753
958405333,958405334,0,Haksever Sokağı,residential,92.72357395993721
958405333,9769272789,0,Tatlı Nar Sokağı,residential,50.68065619813564
958405334,2365290898,0,Haksever Sokağı,residential,79.47662219901773
958405334,13891516134,0,Turanlı Sokağı,residential,123.89529772476955
958405334,958405490,0,Turanlı Sokağı,residential,49.52594361557014
958405352,958703113,0,Karabal Caddesi,tertiary,65.31932317770736
958405352,958702973,0,Karabal Caddesi,tertiary,100.131932100435
958405373,958405327,0,İncirli Caddesi,secondary,63.54884743588107
958405380,958405297,0,Çağ Sokağı,residential,82.73718917630816
958405380,958405381,0,Çağ Sokağı,residential,67.64206190133217
958405383,958405317,0,Yolbaşı Sokağı,residential,62.619213674206364
958405383,958405333,0,Tatlı Nar Sokağı,residential,131.43632225428027
958405385,958405747,0,Dr. Tevfik Sağlam,secondary,52.44845732892475
958405385,958405383,0,Yolbaşı Sokağı,residential,69.91058743043328
958405392,958405385,0,Karabal Caddesi,tertiary,15.635008469899276
958405392,9769272792,0,,secondary,172.03413636766956
958405403,958405392,0,,secondary,8.713583810928386
958405403,958405352,0,Karabal Caddesi,tertiary,153.91532921175147
958405417,958405383,0,Tatlı Nar Sokağı,residential,64.09648913756783
958405417,958405314,0,,secondary,62.17994111573722
958405432,958405938,0,Alpay İzer Sokağı,residential,72.05171527690293
958405432,958136036,0,Alpay İzer Sokağı,residential,73.94205069771462
958405432,11579057577,0,Pembe Ay Sokağı,residential,63.181452904068394
958405450,958405458,0,Yeşilsu Sokağı,residential,52.37386135222947
958405450,968158244,0,Yeşilsu Sokağı,residential,42.96301341420865
958405450,968158241,0,Mescit Sokağı,residential,96.0920622248629
958405458,13736826260,0,Sugözü Sokağı,residential,5.4066714909880575
958405458,958405450,0,Yeşilsu Sokağı,residential,52.37386135222947
958405458,958405470,0,Sugözü Sokağı,residential,149.39202932054187
958405470,958405259,0,Sugözü Sokağı,residential,38.39233562785727
958405470,958702696,0,,residential,87.00096765187982
958405470,958405458,0,Sugözü Sokağı,residential,149.39202932054187
958405478,958405480,0,Ahu Sokağı,tertiary,18.096347899694727
958405478,958405113,0,Olgunlar Sokağı,tertiary,16.908421676595843
958405480,958405482,0,Ahu Sokağı,tertiary,87.22434366841989
958405482,958405160,0,Pelinli Sokağı,residential,93.10689664057037
958405482,958406146,0,Ahu Sokağı,tertiary,71.99796551461905
958405486,958405173,0,Sayfiye Sokağı,residential,91.28836687503612
958405486,958405188,0,Ahu Sokağı,tertiary,56.46371162439228
958405488,958405490,0,,secondary_link,8.065599558544402
958405488,958405889,0,İncirli Caddesi,secondary,103.14609334207562
958405490,958405736,0,İncirli Caddesi,secondary,98.42746500577907
958405490,958405334,0,Turanlı Sokağı,residential,49.52594361557014
958405511,958405605,0,Aydın Yuva Sokağı,residential,102.79235799842068
958405511,958405482,0,Pelinli Sokağı,residential,98.11854187885687
958405511,958405513,0,Yavuklular Sokağı,residential,110.87511091442254
958405513,958405480,0,Yavuklular Sokağı,residential,22.904122829475153
958405513,958405113,0,Yavuklular Sokağı,residential,29.096187760017422
958405531,958702955,0,Yüce Tarla Caddesi,secondary,107.04903834584019
958405561,13716437556,0,Kireç Ocağı Yolu Kavşağı,tertiary,19.75455728538361
958405566,958405561,0,Kireç Ocağı Yolu Kavşağı,tertiary,12.888928820469149
958405574,958405691,0,Olgunlar Sokağı,residential,53.759740280000756
958405574,958405566,0,Kireç Ocağı Yolu Kavşağı,tertiary,12.750613482166832
958405579,958405574,0,Kireç Ocağı Yolu Kavşağı,tertiary,13.954870041218856
958405592,958405579,0,Kireç Ocağı Yolu Kavşağı,tertiary,28.32905199260905
958405592,958405666,0,İsmail Erez Bulvarı,tertiary,55.80801383889474
958405595,958405592,0,Kireç Ocağı Yolu Kavşağı,tertiary,4.871906632227599
958405605,2245070590,0,Aydın Yuva Sokağı,residential,55.77085964135514
958405605,958405607,0,Olgunlar Sokağı,tertiary,65.28989248936226
958405607,958405711,0,Baharlı Bahçe Sokağı,residential,103.32205492160364
958405607,958405561,0,Olgunlar Sokağı,tertiary,56.17708211149548
958405623,2365310144,0,Çağlar Sokağı,residential,101.89589825591901
958405623,968158288,0,Mine Sokağı,residential,73.42637886033339
958405649,958405670,0,,tertiary_link,10.703951590288744
958405649,958405579,0,İsmail Erez Bulvarı,tertiary,93.74256578935585
958405666,2365310146,0,Şirin Sokağı,residential,132.03126534327322
958405666,958405670,0,İsmail Erez Bulvarı,tertiary,37.63698110565918
958405670,958404936,0,İsmail Erez Bulvarı,tertiary,69.47807910706116
958405691,958405708,0,Limon Çiçeği Sokağı,residential,103.2722385524615
958405691,10705338489,0,Olgunlar Sokağı,residential,61.352384650950924
958405708,958406328,0,Limon Çiçeği Sokağı,residential,71.52959842909223
958405708,958405710,0,Pelinli Sokağı,residential,60.662608366948305
958405710,958405566,0,Bahçesaray Sokağı,residential,109.97790388939565
958405710,958405711,0,Pelinli Sokağı,residential,66.04273209146734
958405711,958405511,0,Pelinli Sokağı,residential,68.34701709234501
958405711,958406132,0,Baharlı Bahçe Sokağı,residential,70.66734565742364
958405736,958405820,0,İncirli Caddesi,secondary,6.185014938078732
958405736,958703203,0,Dr. Tevfik Sağlam,secondary,33.67422912100513
958405743,13891516134,0,Dr. Tevfik Sağlam,secondary,161.03786541851812
958405747,958405749,0,,secondary,8.323255890782896
958405749,958405417,0,,secondary,61.38577025425478
958405749,909194266,0,,secondary,23.40033702867286
958405771,958405403,0,,secondary,49.81464241276425
958405771,958405747,0,,secondary,26.743580040439607
958405820,2365290893,0,,secondary_link,8.296332907860686
958405820,958405531,0,İncirli Caddesi,secondary,55.40279797061093
958405889,13713396013,0,Aydın Yuva Sokağı,residential,99.29412322482645
958405889,958405891,0,İncirli Caddesi,secondary,65.03886210736579
958405891,958405893,0,İncirli Caddesi,secondary,61.57116515147021
958405891,958406214,0,Baharlı Bahçe Sokağı,residential,103.17096651697719
958405893,958406085,0,Bahçesaray Sokağı,residential,103.3311074695402
958405893,958405895,0,İncirli Caddesi,secondary,63.64068043164693
958405895,909194314,0,İncirli Caddesi,secondary,5.649333672792094
958405938,958406383,0,Sayfiye Sokağı,residential,66.04094448234999
958405938,958405432,0,Alpay İzer Sokağı,residential,72.05171527690293
958405938,11579057570,0,Sayfiye Sokağı,residential,23.10897642471043
958405938,909194316,0,Alpay İzer Sokağı,residential,96.55237732137583
958406085,958406214,0,Sayfiye Sokağı,residential,62.96900192038005
958406085,363910206,0,Bahçesaray Sokağı,residential,58.51673790696607
958406085,958405893,0,Bahçesaray Sokağı,residential,103.3311074695402
958406132,4104770089,0,Pembe Ay Sokağı,residential,48.622629696333895
958406139,958405511,0,Aydın Yuva Sokağı,residential,71.88551322906316
958406139,958406132,0,Pembe Ay Sokağı,residential,65.36113028595709
958406146,958405486,0,Ahu Sokağı,tertiary,70.33065114285618
958406146,958406139,0,Pembe Ay Sokağı,residential,100.35360552578075
958406151,958405095,0,Necmettin Sadak Sokağı,living_street,66.78548078830511
958406214,958405184,0,Sayfiye Sokağı,residential,63.7420086693929
958406214,958406132,0,Baharlı Bahçe Sokağı,residential,75.45021742833828
958406328,958405432,0,Pembe Ay Sokağı,residential,67.81546954443543
958406328,958406383,0,Limon Çiçeği Sokağı,residential,74.67283878997274
958406383,958406085,0,Sayfiye Sokağı,residential,65.01466571611756
958406383,958405895,0,Limon Çiçeği Sokağı,residential,102.90520649042357
958702676,968172560,0,,tertiary,69.24249204020636
958702676,958405065,0,Tez Sokağı,tertiary,105.58991641566303
958702676,958702760,0,Tez Sokağı,tertiary,41.463470179009676
958702679,968172096,0,Terakki Caddesi,tertiary,19.943612551544966
958702679,968172560,0,,tertiary,63.504146561406415
958702679,958405203,0,Yunus Nadi Sokağı,tertiary,56.213060982402226
958702681,958702684,0,,residential,116.43806759991207
958702684,958405070,0,,residential,14.785588415622563
958702684,958405065,0,,residential,160.3485833336175
958702684,958702681,0,,residential,116.43806759991207
958702696,958405470,0,,residential,87.00096765187982
958702719,958703267,0,Rüzgarlı Bahçe Sokağı,tertiary,21.42315100670084
958702719,958702730,0,Mahmut Moralı Sokağı,living_street,189.96573699302965
958702730,958703292,0,Zuhuratbaba Caddesi,tertiary,17.539440203510207
958702735,958702736,0,Faik Köksal Sokağı,residential,93.23040679786884
958702735,958405057,0,Yunus Nadi Sokağı,tertiary,17.928744676262802
958702735,958405083,0,Yunus Nadi Sokağı,tertiary,48.551891199695696
958702736,958702735,0,Faik Köksal Sokağı,residential,93.23040679786884
958702736,958702740,0,Faik Köksal Sokağı,residential,139.1974970796238
958702736,958702740,1,Karacaoğlan Sokağı,living_street,177.358308102895
958702740,958702741,0,Faik Köksal Sokağı,residential,62.846912320849704
958702740,958702736,0,Faik Köksal Sokağı,residential,139.19749707962376
958702741,2365290889,0,İncirli Caddesi,secondary,56.097071775564665
958702741,958702740,0,Faik Köksal Sokağı,residential,62.846912320849704
958702747,968172096,0,Terakki Caddesi,tertiary,73.64655670071002
958702747,968172610,0,Terakki Caddesi,tertiary,37.89741844422353
958702747,958702736,0,Karacaoğlan Sokağı,living_street,278.0601833430328
958702760,968172558,0,,residential,41.21855397639951
958702760,968158137,0,Tez Sokağı,tertiary,19.870716802730996
958702760,958702676,0,Tez Sokağı,tertiary,41.463470179009676
958702782,958703502,0,Dr. Salih Zeki Sokağı,residential,117.26220664109562
958702782,958702817,0,,residential,38.31471785711364
958702782,958702789,0,Dr. Salih Zeki Sokağı,residential,122.00402800799708
958702789,958703014,0,Dr. Salih Zeki Sokağı,residential,45.16054522864788
958702789,958702782,0,Dr. Salih Zeki Sokağı,residential,122.0040280079971
958702789,958702796,0,Sağlık Sokağı,residential,135.57137782764215
958702796,958702871,0,Asiller Sokağı,living_street,71.44023230511121
958702796,958702789,0,Sağlık Sokağı,residential,135.57137782764215
958702798,4621154616,0,Santral Çıkmazı Sokağı,living_street,168.51471641582998
958702817,958702782,0,,residential,38.31471785711364
958702831,958703326,0,Yüce Tarla Caddesi,secondary,35.135433941697755
958702844,958702847,0,Bakır Sokağı,living_street,74.29472546288784
958702844,958702852,0,Gülbahçe Sokağı,living_street,112.08991081191809
958702844,4621154613,0,Gülbahçe Sokağı,living_street,153.41873392712964
958702847,958702848,0,Bakır Sokağı,living_street,99.02627259018345
958702847,958702844,0,Bakır Sokağı,living_street,74.29472546288784
958702847,958703163,0,Zümrüt Evler Sokağı,living_street,128.5574911315497
958702848,958702847,0,Bakır Sokağı,living_street,99.02627259018345
958702848,2382907933,0,Vankulu Sokağı,residential,155.48803620922175
958702852,958703163,0,Yüce Tarla Caddesi,secondary,72.85673928533599
958702852,958702844,0,Gülbahçe Sokağı,living_street,112.08991081191809
958702871,958703006,0,Yeni İncirli Yolu Sokağı,residential,51.02228401674115
958702878,2382907933,0,İncirli Caddesi,secondary,61.65651440027795
958702878,958702796,0,Asiller Sokağı,living_street,175.3478003982372
958702891,958703154,0,Demirkapı Caddesi,tertiary,87.20241209859391
958702891,958702893,0,Vankulu Sokağı,residential,69.4810657073257
958702891,2382891996,0,Demirkapı Caddesi,tertiary,309.57567607369674
958702893,958703044,0,Akatlar Sokağı,residential,6.1844395814136295
958702893,958702891,0,Vankulu Sokağı,residential,69.4810657073257
958702893,958703157,0,Akatlar Sokağı,residential,95.84111437281362
958702899,958702900,0,Tamburacı Osman Sokağı,living_street,65.57748003075814
958702899,958703288,0,Yüce Tarla Caddesi,secondary,66.64087625710337
958702900,958702990,0,Zümrüt Bahçe Sokağı,residential,67.51221442867619
958702900,958702899,0,Tamburacı Osman Sokağı,living_street,65.57748003075814
958702911,958702912,0,Resneli Sokağı,living_street,70.51980249624398
958702911,958702982,0,Zümrüt Bahçe Sokağı,residential,36.5411841535616
958702912,958702994,0,Yüce Tarla Caddesi,secondary,66.60769632441482
958702915,958702912,0,Yüce Tarla Caddesi,secondary,8.188883854061865
958702915,958702918,0,Muhtar Sokağı,living_street,92.57461371365252
958702918,958702915,0,Muhtar Sokağı,living_street,92.57461371365252
958702918,958702871,0,Yeni İncirli Yolu Sokağı,residential,92.09943591161331
958702924,958703219,0,Yüce Tarla Caddesi,secondary,73.39327313665672
958702924,958702928,0,Hür Sokağı,living_street,185.36191815597584
958702928,958702741,0,İncirli Caddesi,secondary,42.62514976470174
958702955,958702956,0,Sarsılmaz Sokağı,living_street,59.6520820102257
958702955,958703318,0,Yüce Tarla Caddesi,secondary,118.26590261585767
958702956,958702957,0,Sarsılmaz Sokağı,living_street,54.33462798424259
958702956,958703121,0,Türkiş Caddesi,residential,112.59718210499238
958702957,958702970,0,Sarsılmaz Sokağı,living_street,54.6933615837847
958702957,958703121,0,Hüdaverdi Sokağı,residential,95.80831225311476
958702957,958703186,0,Hüdaverdi Sokağı,residential,126.53399919556747
958702970,958703226,0,Akatlar Sokağı,residential,129.0965630543093
958702970,958702973,0,Sarsılmaz Sokağı,living_street,59.32290928348749
958702970,958703118,0,Akatlar Sokağı,residential,126.06299833085757
958702973,958405352,0,Karabal Caddesi,tertiary,100.131932100435
958702973,958703228,0,Karabal Caddesi,tertiary,132.82541794943594
958702982,958702983,0,Ünaldı Sokağı,living_street,79.1431620493252
958702982,958703044,0,Zümrüt Bahçe Sokağı,residential,111.84857937304136
958702983,958702915,0,Yüce Tarla Caddesi,secondary,24.974222549058293
958702983,958702982,0,Ünaldı Sokağı,living_street,79.1431620493252
958702990,958702994,0,Kubilay Sokağı,living_street,65.01006119024908
958702990,958702911,0,Zümrüt Bahçe Sokağı,residential,61.72355544188045
958702994,958702999,0,Kubilay Sokağı,living_street,88.2274108353898
958702994,958702990,0,Kubilay Sokağı,living_street,65.01006119024908
958702994,958702899,0,Yüce Tarla Caddesi,secondary,66.83013821340475
958702999,958702994,0,Kubilay Sokağı,living_street,88.2274108353898
958702999,958703014,0,Yeni İncirli Yolu Sokağı,residential,48.18256037335877
958703005,12246600527,0,Yüce Tarla Caddesi,secondary,73.05266101183997
958703005,958703006,0,Yeni İncirli Sokağı,living_street,78.73647803829965
958703006,958702848,0,Vankulu Sokağı,residential,102.77615767083377
958703006,958703005,0,Yeni İncirli Sokağı,living_street,78.73647803829965
958703014,958702789,0,Dr. Salih Zeki Sokağı,residential,45.16054522864788
958703014,958702918,0,Yeni İncirli Yolu Sokağı,residential,30.23378022767383
958703026,2245070454,0,Yeni İncirli Yolu Sokağı,residential,73.32352970299017
958703026,958702730,0,Zuhuratbaba Caddesi,tertiary,147.24335578387024
958703042,12246600527,0,Vankulu Sokağı,residential,52.95785757689149
958703042,958703142,0,Türkiş Caddesi,residential,106.54825354906544
958703044,958702893,0,Akatlar Sokağı,residential,6.1844395814136295
958703044,958703042,0,Vankulu Sokağı,residential,53.86078036885246
958703113,958405392,0,Karabal Caddesi,tertiary,86.8825128277513
958703113,958703118,0,Hüdaverdi Çarşısı Sokağı,residential,92.12601572685755
958703118,958703121,0,Hüdaverdi Çarşısı Sokağı,residential,62.536928337473014
958703118,958702970,0,Akatlar Sokağı,residential,126.06299833085757
958703118,958703113,0,Hüdaverdi Çarşısı Sokağı,residential,92.12601572685753
958703121,958703200,0,Hüdaverdi Sokağı,residential,71.37715508902559
958703121,958703118,0,Hüdaverdi Çarşısı Sokağı,residential,62.536928337473014
958703121,958702957,0,Hüdaverdi Sokağı,residential,95.80831225311476
958703134,958703318,0,Yavuzevler Mektep Sokağı,living_street,60.85586492955821
958703134,958702956,0,Türkiş Caddesi,residential,113.55320577771997
958703136,958703134,0,Türkiş Caddesi,residential,12.117482082295211
958703137,958703136,0,Türkiş Caddesi,residential,120.79381472058188
958703137,958703182,0,Çamlık Çeşme Sokağı,living_street,57.66694285506416
958703140,958703137,0,Türkiş Caddesi,residential,103.64878604704917
958703140,958703176,0,Leventler Sokağı,living_street,65.65098216306022
958703142,958703159,0,Bilginler Sokağı,living_street,49.46711597374789
958703142,958703140,0,Türkiş Caddesi,residential,123.56952474225588
958703142,2382892012,0,Bilginler Sokağı,living_street,58.449161614869425
958703154,958702891,0,Demirkapı Caddesi,tertiary,87.20241209859391
958703154,958703157,0,Bilginler Sokağı,living_street,68.90481600509838
958703154,958703323,0,"['Demirkapı Caddesi', 'Karabal Caddesi']",tertiary,188.79685844798036
958703157,958703159,0,Bilginler Sokağı,living_street,47.48443864649991
958703157,958703154,0,Bilginler Sokağı,living_street,68.90481600509838
958703157,958702893,0,Akatlar Sokağı,residential,95.84111437281362
958703157,958703325,0,Akatlar Sokağı,residential,154.31830739225663
958703159,958703142,0,Bilginler Sokağı,living_street,49.46711597374789
958703159,958703157,0,Bilginler Sokağı,living_street,47.48443864649991
958703159,958703176,0,Hüdaverdi Sokağı,residential,135.97435287452382
958703163,2382892012,0,Yüce Tarla Caddesi,secondary,7.335087639771717
958703169,958703519,0,İncirli Caddesi,secondary,22.765052124782986
958703169,958702847,0,Zümrüt Evler Sokağı,living_street,156.6883303392676
958703176,958703325,0,Leventler Sokağı,living_street,66.7180635478175
958703176,958703182,0,Hüdaverdi Sokağı,residential,106.53800481499437
958703176,958703159,0,Hüdaverdi Sokağı,residential,135.97435287452382
958703182,958703186,0,Hüdaverdi Sokağı,residential,120.8860976078222
958703182,958703215,0,Çamlık Çeşme Sokağı,living_street,65.20638300233395
958703182,958703137,0,Çamlık Çeşme Sokağı,living_street,57.66694285506416
958703182,958703176,0,Hüdaverdi Sokağı,residential,106.53800481499437
958703186,958703182,0,Hüdaverdi Sokağı,residential,120.8860976078222
958703186,958703136,0,Yavuzevler Mektep Sokağı,living_street,58.39938133826878
958703186,958702957,0,Hüdaverdi Sokağı,residential,126.53399919556747
958703200,958703121,0,Hüdaverdi Sokağı,residential,71.37715508902559
958703200,958405531,0,,secondary_link,71.65432423643
958703203,958405743,0,Dr. Tevfik Sağlam,secondary,24.20277328466422
958703203,2365290898,0,,residential,23.06558117309106
958703211,958703215,0,Çamlık Çeşme Sokağı,living_street,73.24291099053337
958703211,958703228,0,Karabal Caddesi,tertiary,118.46662315461899
958703211,958703323,0,Karabal Caddesi,tertiary,111.43585240472795
958703215,958703211,0,Çamlık Çeşme Sokağı,living_street,73.24291099053337
958703215,958703182,0,Çamlık Çeşme Sokağı,living_street,65.20638300233395
958703215,958703325,0,Akatlar Sokağı,residential,113.00535402507148
958703215,958703226,0,Akatlar Sokağı,residential,116.82010534485755
958703219,958703137,0,Çamlık Çeşme Sokağı,living_street,62.21724746205296
958703219,958702831,0,Yüce Tarla Caddesi,secondary,63.398240037809856
958703223,958702928,0,İncirli Caddesi,secondary,43.59107209616622
958703223,958703219,0,Tunaboylu Sokağı,living_street,211.05349915154383
958703223,968172754,0,Ülkü Sokağı,residential,160.1957918590599
958703226,958702970,0,Akatlar Sokağı,residential,129.0965630543093
958703226,958703186,0,Yavuzevler Mektep Sokağı,living_street,61.387885440124826
958703226,958703215,0,Akatlar Sokağı,residential,116.82010534485755
958703228,958703226,0,Yavuzevler Mektep Sokağı,living_street,64.1804726015249
958703228,958702973,0,Karabal Caddesi,tertiary,132.82541794943594
958703228,958703211,0,Karabal Caddesi,tertiary,118.46662315461899
958703267,958703615,0,Rüzgarlı Bahçe Sokağı,tertiary,49.40744631884273
958703270,958703267,0,Kent Sokağı,living_street,62.3455536647713
958703270,958703305,0,Zuhuratbaba Caddesi,tertiary,58.72954836443445
958703283,13891532709,0,,tertiary,11.086336036145621
958703283,958703288,0,Zuhuratbaba Caddesi,tertiary,46.240191813171904
958703288,959578678,0,Ak Mescit Sokağı,secondary,99.63414870936107
958703288,959578673,0,Zuhuratbaba Caddesi,tertiary,78.05350057107634
958703288,958703283,0,Zuhuratbaba Caddesi,tertiary,46.240191813171904
958703292,958703294,0,Zuhuratbaba Caddesi,tertiary,5.718783310099939
958703292,959578674,0,Aydınlar Sokağı,living_street,247.30046898361837
958703294,958702719,0,Rüzgarlı Bahçe Sokağı,tertiary,56.28788635882297
958703294,958703270,0,Zuhuratbaba Caddesi,tertiary,99.18830915527764
958703305,958703489,0,İncirli Caddesi,secondary,22.77294200220242
958703318,2365290889,0,Yavuzevler Mektep Sokağı,living_street,128.97821435982715
958703318,958702924,0,Yüce Tarla Caddesi,secondary,58.79170329491795
958703323,958703211,0,Karabal Caddesi,tertiary,111.43585240472797
958703323,958703154,0,"['Demirkapı Caddesi', 'Karabal Caddesi']",tertiary,188.79685844798036
958703325,958703323,0,Leventler Sokağı,living_street,78.25872451502588
958703325,958703157,0,Akatlar Sokağı,residential,154.3183073922566
958703325,958703215,0,Akatlar Sokağı,residential,113.00535402507148
958703326,958702852,0,Yüce Tarla Caddesi,secondary,38.80761960293516
958703326,958703140,0,Leventler Sokağı,living_street,59.14525757848652
958703489,968173010,0,Teyyareci Hayrettin Sokağı,tertiary,59.32969036940809
958703489,958703615,0,İncirli Caddesi,secondary,49.66747427368576
958703499,968173048,0,İncirli Caddesi,secondary,69.52973710040207
958703502,968173056,0,İncirli Caddesi,secondary,48.731891463169895
958703502,958702782,0,Dr. Salih Zeki Sokağı,residential,117.26220664109562
958703509,4621154616,0,İncirli Caddesi,secondary,9.378614982753234
958703519,4621154613,0,İncirli Caddesi,secondary,67.55473173000809
958703519,968172929,0,İhsan Kalmaz Sokağı,living_street,125.11026854015354
958703600,958703509,0,İncirli Caddesi,secondary,39.20321689509564
958703600,4605476987,0,Akıncılar Sokağı,living_street,175.12318343715907
958703615,958703499,0,İncirli Caddesi,secondary,19.50423141240082
959578411,959578412,0,Muhtar Halit Kral Sokağı,residential,55.56632405274253
959578412,966218498,0,Muhtar Halit Kral Sokağı,residential,57.54876291371741
959578412,959578411,0,Muhtar Halit Kral Sokağı,residential,55.56632405274253
959578412,2382917963,0,Şehit Nusret Sokağı,residential,66.42018705762511
959578414,959578415,0,Muhtar Halit Kral Sokağı,residential,43.576956099113694
959578414,966218498,0,Muhtar Halit Kral Sokağı,residential,18.85123653556625
959578415,959578414,0,Muhtar Halit Kral Sokağı,residential,43.576956099113694
959578415,959578484,0,Kartopu Sokağı,residential,43.91974488384882
959578415,959578505,0,Kartopu Sokağı,residential,78.35479391850178
959578420,966218563,0,Hatboyu Çıkışı Sokağı,living_street,121.6755779279857
959578423,959578420,0,Hatboyu Çıkışı Sokağı,living_street,118.3805875965445
959578423,959578426,0,Hüsreviye Sokağı,residential,131.7084605441482
959578426,959578428,0,Dantelacı Sokağı,residential,87.9704213059938
959578426,959578423,0,Hüsreviye Sokağı,residential,131.7084605441482
959578428,959578479,0,İstanbul Caddesi,secondary,30.209615874719493
959578460,959578551,0,Halit Ziya Uşaklıgil Caddesi,secondary,87.10969471669576
959578466,959578468,0,Bilgi Sokağı,residential,43.0896209379735
959578468,959578469,0,Bilgi Sokağı,residential,69.07855885361747
959578468,959578528,0,Ömer Naci Sokağı,residential,69.9203885804288
959578468,959578466,0,Bilgi Sokağı,residential,43.0896209379735
959578468,959578531,0,Ömer Naci Sokağı,residential,60.89089915263543
959578469,959578470,0,Bilgi Sokağı,residential,56.23811556180813
959578469,959578468,0,Bilgi Sokağı,residential,69.07855885361747
959578469,959578532,0,Pancar Sokağı,residential,61.40181318591889
959578470,959578469,0,Bilgi Sokağı,residential,56.23811556180813
959578470,959578547,0,Odabaşı Sokağı,residential,66.81473340883306
959578475,966218582,0,Hamam Sokağı,residential,9.013247989139133
959578475,959578426,0,Hallaç Hüseyin Sokağı,residential,61.956483667173416
959578475,2246164852,0,Hamam Sokağı,residential,16.62377672101287
959578479,959578491,0,İstanbul Caddesi,secondary,7.597441625046191
959578479,2246164852,0,Hamam Sokağı,residential,74.40947021949
959578484,959578508,0,Kartopu Sokağı,residential,54.787334664653336
959578484,959578415,0,Kartopu Sokağı,residential,43.91974488384882
959578484,966218526,0,Mor Sümbül Sokağı,residential,161.31390396804343
959578491,2246164827,0,İstanbul Caddesi,secondary,86.39445559905354
959578503,966218511,0,Küçük Yalı Sokağı,residential,36.34691208136569
959578503,966218504,0,Revnaklı Sokağı,residential,55.23159034202179
959578505,966218499,0,Banyolar Sokağı,residential,56.89240691735763
959578505,966218566,0,Kartopu Sokağı,residential,59.00996494720628
959578505,959578415,0,Kartopu Sokağı,residential,78.35479391850178
959578508,959578484,0,Kartopu Sokağı,residential,54.787334664653336
959578525,959578540,0,Mor Menekşe Sokağı,residential,67.05271558434487
959578527,959578525,0,Ömer Naci Sokağı,residential,68.69638191947512
959578527,959578539,0,Şehit Nusret Sokağı,residential,67.46741276593207
959578528,959578527,0,Ömer Naci Sokağı,residential,69.87547873407263
959578528,959578414,0,Hoca Hasan Sokağı,residential,144.75236236974698
959578531,959578532,0,Mabet Sokağı,residential,65.84188580132266
959578531,2382917965,0,Mabet Sokağı,residential,6.446871133554636
959578532,959578536,0,Pancar Sokağı,residential,30.836096670518337
959578533,959578470,0,Odabaşı Sokağı,residential,61.32978183682665
959578533,959578532,0,Mabet Sokağı,residential,54.467398691738744
959578534,967134344,0,Halit Ziya Uşaklıgil Caddesi,secondary,39.552763389222804
959578534,959578533,0,Mabet Sokağı,residential,46.541508412844586
959578536,2382909866,0,,residential,6.1603767397862015
959578536,2382909867,0,Taşevler Sokağı,residential,47.44307815282732
959578537,959578528,0,Hoca Hasan Sokağı,residential,70.63909803602392
959578537,959578469,0,Pancar Sokağı,residential,69.15083848737574
959578539,959578537,0,Pancar Sokağı,residential,67.99336419622661
959578539,959578546,0,Şehit Nusret Sokağı,residential,52.68107809952447
959578540,959578539,0,Pancar Sokağı,residential,68.18072129567453
959578540,959578544,0,Mor Menekşe Sokağı,residential,58.19985288588227
959578541,959578540,0,Pancar Sokağı,residential,42.898910658481114
959578541,959578544,0,Rauf Orbay Caddesi,trunk,70.46065600001202
959578543,959578525,0,Mor Menekşe Sokağı,residential,39.240013353530216
959578544,959578546,0,Odabaşı Sokağı,residential,75.21806300178767
959578544,959578732,0,Rauf Orbay Caddesi,trunk,261.13358797288777
959578546,959578561,0,Ekrembey Sokağı,residential,104.20453276699114
959578547,959578546,0,Odabaşı Sokağı,residential,65.83123961160945
959578547,959578537,0,Hoca Hasan Sokağı,residential,51.84064673343749
959578551,959578547,0,Hoca Hasan Sokağı,residential,82.02851705097397
959578551,959578561,0,Halit Ziya Uşaklıgil Caddesi,secondary,9.44021249533958
959578555,959578580,0,Yakut Sokağı,residential,79.64126592191658
959578556,959578601,0,Fişekhane Caddesi,secondary,43.31314683019428
959578556,959578555,0,Yakutlu Sokağı,living_street,72.95622883931419
959578559,959578586,0,Yakut Sokağı,residential,57.53234579366777
959578559,959578560,0,Milliyetçi Sokağı,living_street,79.82353318589183
959578560,959578761,0,Fişekhane Caddesi,secondary,58.8574871633432
959578561,959578732,0,,secondary,153.92197412946388
959578565,966218523,0,Şehit Nusret Sokağı,residential,57.12251590301186
959578565,966218514,0,İskele Caddesi,tertiary,35.636172087924706
959578565,966218500,0,İskele Caddesi,tertiary,55.8955826264509
959578579,959578556,0,Fişekhane Caddesi,secondary,80.93627490192968
959578580,959578579,0,Sporcu Sokağı,living_street,68.99546373188848
959578580,959578581,0,Sporcu Sokağı,living_street,60.53106915499136
959578580,959578585,0,Yakut Sokağı,residential,49.74906536325092
959578581,959578595,0,Fazıl Paşa Sokağı,living_street,48.95432260167639
959578581,959578580,0,Sporcu Sokağı,living_street,60.53106915499136
959578581,959578582,0,Sporcu Sokağı,living_street,55.61793745018438
959578582,959578581,0,Sporcu Sokağı,living_street,55.61793745018438
959578582,4916333187,0,Ray Sokağı,living_street,109.14958524410345
959578582,2246164877,0,Ray Sokağı,living_street,93.55894650960174
959578584,959578705,0,Fişekhane Caddesi,secondary,269.2565163666869
959578585,959578584,0,Yakut Sokağı,residential,56.59623590661016
959578586,959578555,0,Yakut Sokağı,residential,43.84213712621156
959578586,959578601,0,Cumhuriyetçi Sokağı,living_street,76.31506541281306
959578587,959578559,0,Yakut Sokağı,residential,66.06836401655252
959578587,959578643,0,Türkçü Sokağı,residential,106.35150296924037
959578595,959578585,0,İzci Sokağı,living_street,62.64717216748196
959578595,959578581,0,Fazıl Paşa Sokağı,living_street,48.95432260167639
959578595,2246164877,0,Fazıl Paşa Sokağı,living_street,94.12949524988916
959578601,959578560,0,Fişekhane Caddesi,secondary,58.06709691536215
959578607,968172766,0,Buhar Sokak,residential,105.87258062909034
959578607,966218477,0,Yeni Caddesi,tertiary,98.67613697448085
959578607,966218470,0,Buhar Sokak,residential,119.50071440029929
959578607,966218476,0,Yeni Caddesi,tertiary,84.41953146292357
959578608,966218411,0,Şanlı Asker Sokağı,residential,33.007727998420904
959578608,966218451,0,Filiz Sokağı,residential,75.68304332058332
959578608,966218470,0,Buhar Sokak,residential,11.096337858320492
959578620,966218453,0,Kartaltepe Caddesi,residential,70.39111110105723
959578620,13914561021,0,General Şükrü Kanatlı Caddesi,residential,81.630881180046
959578620,959578630,0,Kartaltepe Caddesi,living_street,48.295299815563894
959578630,959578620,0,Kartaltepe Caddesi,living_street,48.295299815563894
959578631,966218453,0,Kartaltepe Caddesi,residential,74.78456781368546
959578631,966218413,0,Behire Sokağı,residential,27.087104912992018
959578637,2246164877,0,Ray Sokağı,living_street,83.78079322483998
959578642,10270443653,0,Milliyetçi Sokağı,living_street,50.26019980813398
959578642,959578643,0,Ray Sokağı,living_street,62.15731247784256
959578642,4916333187,0,Ray Sokağı,living_street,60.398318299795136
959578643,959578642,0,Ray Sokağı,living_street,62.15731247784256
959578643,9750953056,0,"['Ray Sokağı', 'Halkçı Sokağı']","['living_street', 'residential']",244.24494908762262
959578651,988336272,0,Gençler Caddesi,residential,58.916845430707326
959578651,12205869468,0,Behçet Kemal Çağlar Caddesi,secondary,177.12334646462028
959578651,988336292,0,Behçet Kemal Çağlar Caddesi,secondary,106.19981787585013
959578664,959578671,0,,residential,81.46956439595537
959578664,959578668,0,Gençler Caddesi,residential,331.82844594878765
959578664,2382907921,0,,residential,94.41598195608525
959578668,958703305,0,"['İncirli Caddesi', 'Şükran Çiftliği Sokağı']",secondary,163.5232970529316
959578668,959578664,0,Gençler Caddesi,residential,331.82844594878765
959578671,959578664,0,,residential,81.46956439595537
959578671,959578668,0,Şükran Çiftliği Sokağı,secondary,280.2379670090795
959578673,958703026,0,Zuhuratbaba Caddesi,tertiary,9.357477407725344
959578674,959578673,0,Bestekar Rauf Yekta Sokağı,living_street,93.14274388751986
959578674,959578678,0,Aydınlar Sokağı,living_street,108.02293474840846
959578675,959578674,0,Bestekar Rauf Yekta Sokağı,living_street,59.749345509672814
959578675,11556721691,0,Bestekar Rakim El Kutlu Sokağı,living_street,19.235502970698754
959578676,959578671,0,Şükran Çiftliği Sokağı,secondary,59.91491396955719
959578676,959578675,0,Bestekar Rauf Yekta Sokağı,living_street,39.87449200211028
959578678,959578685,0,Ak Mescit Sokağı,secondary,69.87603691004514
959578685,959578675,0,Bestekar Rakim El Kutlu Sokağı,living_street,125.85188665031079
959578685,9038284123,0,Ak Mescit Sokağı,secondary,63.10652454570655
959578692,8857549280,0,Fişekhane Caddesi,secondary,16.55849299586625
959578692,967134295,0,Zübeyde Hanım Caddesi,secondary,109.24029129796997
959578696,959578579,0,Fişekhane Caddesi,secondary,29.396689747680657
959578705,959578676,0,Şükran Çiftliği Sokağı,secondary,101.76484390688002
959578732,11889586768,0,Rauf Orbay Caddesi,trunk,191.1229602020044
959578737,959578584,0,Fişekhane Caddesi,secondary,76.61231638841593
959578737,959578696,0,Fişekhane Caddesi,secondary,27.948751428218383
959578761,11905082929,0,Fişekhane Caddesi,secondary,10.076336918812293
959578761,2382909864,0,Halit Ziya Uşaklıgil Caddesi,secondary,133.5745933207939
959578766,11889586767,0,Rauf Orbay Caddesi,trunk,59.82212131146837
959578789,959578952,0,,primary,44.91621971686015
959578808,7968198697,0,,primary,8.458629577227128
959578819,959578941,0,,primary_link,30.8211705774652
959578819,959578822,0,,primary,61.44647079318729
959578822,11889861380,0,,primary,71.48824007841628
959578844,11889214431,0,Rauf Orbay Caddesi,trunk,892.0454553573919
959578859,8857558134,0,,primary,77.76392424797133
959578875,11889589070,0,Rauf Orbay Caddesi,trunk,60.76166048618479
959578899,620098496,0,,trunk_link,35.75674132241246
959578899,959578908,0,Rauf Orbay Caddesi,trunk,533.5921600339618
959578908,3153018925,0,Kennedy Caddesi,trunk,870.2072497483261
959578908,967135035,0,,tertiary,14.360694794573764
959578941,959578789,0,,primary,20.791042801427935
959578952,959578957,0,,primary,28.73142792693496
959578952,11039309419,0,,tertiary,426.71035149599584
959578957,959578819,0,,primary,55.811773296256575
966218396,966218398,0,Yakup Şevki Sokağı,residential,70.66724962513706
966218396,966218404,0,Sami Ayanoğlu Sokağı,residential,10.122349055469337
966218396,966218428,0,Sami Ayanoğlu Sokağı,residential,93.58080675791321
966218398,13736829416,0,Yakup Şevki Sokağı,residential,20.861373107573204
966218398,966218396,0,Yakup Şevki Sokağı,residential,70.66724962513706
966218398,966218426,0,Şehit Er Rıdvan Mert Sokağı,residential,75.98641960580407
966218398,966218430,0,Şehit Er Rıdvan Mert Sokağı,residential,142.55406337456552
966218399,13736829416,0,Yakup Şevki Sokağı,residential,34.9090534173721
966218399,966218402,0,Yakup Şevki Sokağı,residential,62.54108007096896
966218399,2245070474,0,Hulusi Demirelli Sokağı,residential,54.74755360103134
966218399,966218716,0,Hulusi Demirelli Sokağı,residential,143.2236997161335
966218402,966218399,0,Yakup Şevki Sokağı,residential,62.54108007096896
966218403,966218404,0,Yakup Şevki Sokağı,residential,71.15626679462815
966218403,966218439,0,Park Önü Caddesi,tertiary,107.89414489167152
966218403,966218543,0,Park Önü Caddesi,tertiary,137.72968925054937
966218404,966218403,0,Yakup Şevki Sokağı,residential,71.15626679462815
966218404,966218396,0,Sami Ayanoğlu Sokağı,residential,10.122349055469337
966218404,966218431,0,Sami Ayanoğlu Sokağı,residential,137.35920749664777
966218405,967089844,0,Hulusi Demirelli Sokağı,residential,63.24100279960609
966218405,2245070489,0,Hulusi Demirelli Sokağı,residential,31.980979526773783
966218405,966218408,0,Saraçoğlu Sokağı,residential,218.73338375979125
966218408,2382892004,0,Koşuyolu Caddesi,tertiary,43.716761178520706
966218408,966218547,0,Koşuyolu Caddesi,tertiary,24.802596523723793
966218408,966218405,0,Saraçoğlu Sokağı,residential,218.73338375979125
966218411,966218474,0,Şanlı Asker Sokağı,residential,22.684841901182203
966218412,966218452,0,Ruşen Bey Sokağı,residential,21.375031966551674
966218412,966218451,0,Ruşen Bey Sokağı,residential,38.05034585001139
966218412,966218411,0,Gülbeşeker Sokağı,residential,78.67281080853833
966218413,966218412,0,Gülbeşeker Sokağı,residential,59.46876444106741
966218413,959578631,0,Behire Sokağı,residential,27.087104912992018
966218413,966218460,0,Behire Sokağı,residential,36.80770173536062
966218414,966218454,0,Sefalı Sokağı,residential,36.06717949214963
966218414,966218413,0,Gülbeşeker Sokağı,residential,71.98440825432576
966218415,967089934,0,Koşuyolu Caddesi,tertiary,19.600087236712493
966218415,967089925,0,Koşuyolu Caddesi,tertiary,225.80525278541052
966218420,968172684,0,,tertiary,9.396977209517368
966218420,2245070503,0,Koşuyolu Caddesi,tertiary,51.554384992059155
966218423,2382892008,0,Koşuyolu Caddesi,tertiary,70.88080450775307
966218423,967089832,0,,tertiary,10.632969064729659
966218424,2245070474,0,,residential,88.71759510943973
966218426,966218398,0,Şehit Er Rıdvan Mert Sokağı,residential,75.98641960580407
966218426,966218428,0,Avcı Sokağı,residential,65.17576236171202
966218426,2245070474,0,Avcı Sokağı,residential,73.2228689536713
966218428,966218396,0,Sami Ayanoğlu Sokağı,residential,93.58080675791321
966218428,966218439,0,Avcı Sokağı,residential,73.63041990121279
966218428,966218426,0,Avcı Sokağı,residential,65.17576236171202
966218430,13736829420,0,Rıfkı Işık Sokağı,residential,23.760095707064533
966218430,966218398,0,Şehit Er Rıdvan Mert Sokağı,residential,142.55406337456552
966218430,966218431,0,Rıfkı Işık Sokağı,residential,88.49749896518784
966218431,966218404,0,Sami Ayanoğlu Sokağı,residential,137.35920749664777
966218431,966218430,0,Rıfkı Işık Sokağı,residential,88.49749896518784
966218431,13914561026,0,Rıfkı Işık Sokağı,residential,53.11712444628869
966218439,966218472,0,Park Önü Caddesi,tertiary,45.94931497000764
966218439,966218403,0,Park Önü Caddesi,tertiary,107.89414489167152
966218439,966218428,0,Avcı Sokağı,residential,73.63041990121279
966218440,966218449,0,Ruşen Bey Sokağı,residential,124.7554169803507
966218449,966218450,0,Ruşen Bey Sokağı,residential,42.22769484810907
966218449,966218440,0,Ruşen Bey Sokağı,residential,124.75541698035069
966218449,966218475,0,Terakki Caddesi,tertiary,67.79554477109863
966218449,966218462,0,Terakki Caddesi,tertiary,58.18122015265141
966218450,966218451,0,Ruşen Bey Sokağı,residential,31.03504679338891
966218450,966218449,0,Ruşen Bey Sokağı,residential,42.22769484810907
966218450,966218463,0,Avniye Sokağı,residential,73.05867430743757
966218450,966218461,0,Avniye Sokağı,residential,58.06254884827833
966218451,966218412,0,Ruşen Bey Sokağı,residential,38.05034585001139
966218451,966218450,0,Ruşen Bey Sokağı,residential,31.03504679338891
966218451,966218460,0,Filiz Sokağı,residential,58.662497105659035
966218451,959578608,0,Filiz Sokağı,residential,75.68304332058332
966218452,966218412,0,Ruşen Bey Sokağı,residential,21.375031966551674
966218452,959578631,0,Kartaltepe Caddesi,residential,55.81046654655476
966218453,966218414,0,Sefalı Sokağı,residential,31.479690462090677
966218454,966218460,0,Filiz Sokağı,residential,72.73367658547859
966218454,959578620,0,Filiz Sokağı,residential,152.0054408911619
966218455,966218461,0,Avniye Sokağı,residential,67.6103795149862
966218455,966218454,0,Sefalı Sokağı,residential,34.27315298475441
966218459,966218627,0,Teyyareci Hayrettin Sokağı,tertiary,4.328583543907197
966218459,966218455,0,Sefalı Sokağı,residential,69.84832436978007
966218460,966218454,0,Filiz Sokağı,residential,72.73367658547859
966218460,966218451,0,Filiz Sokağı,residential,58.662497105659035
966218460,966218413,0,Behire Sokağı,residential,36.80770173536062
966218460,966218461,0,Behire Sokağı,residential,31.619242185026767
966218461,966218462,0,Behire Sokağı,residential,40.8021776804366
966218461,966218455,0,Avniye Sokağı,residential,67.6103795149862
966218461,966218450,0,Avniye Sokağı,residential,58.06254884827833
966218461,966218460,0,Behire Sokağı,residential,31.619242185026767
966218462,966218627,0,Terakki Caddesi,tertiary,28.61836396514573
966218462,966218461,0,Behire Sokağı,residential,40.8021776804366
966218462,966218449,0,Terakki Caddesi,tertiary,58.18122015265141
966218463,966218464,0,Avniye Sokağı,residential,10.288001147512526
966218463,966218450,0,Avniye Sokağı,residential,73.05867430743757
966218463,959578608,0,Şanlı Asker Sokağı,residential,30.494367083534655
966218464,966218463,0,Avniye Sokağı,residential,10.288001147512526
966218464,966218469,0,Şanlı Asker Sokağı,residential,58.566732558486414
966218465,966218466,0,Muhtar Tahsin Sokağı,residential,36.542511333350724
966218465,966218491,0,Huban Sokağı,residential,64.09102385266823
966218465,966218564,0,Huban Sokağı,residential,42.13588710675399
966218466,966218467,0,Muhtar Tahsin Sokağı,residential,45.78159177684412
966218466,966218465,0,Muhtar Tahsin Sokağı,residential,36.542511333350724
966218466,966218468,0,Aralık Sokağı,residential,62.95840327879639
966218467,966218466,0,Muhtar Tahsin Sokağı,residential,45.78159177684412
966218467,966218492,0,Mektep Arkası Sokağı,tertiary,64.03804338166775
966218467,966218550,0,Mektep Arkası Sokağı,tertiary,40.03291804940697
966218468,966218466,0,Aralık Sokağı,residential,62.95840327879639
966218468,966218492,0,Mektep Yolu Sokağı,residential,43.17798016726143
966218468,966218491,0,Mektep Yolu Sokağı,residential,37.00547772413458
966218469,966218475,0,Terakki Caddesi,tertiary,10.376457099238458
966218469,968172991,0,Terakki Caddesi,tertiary,62.614178497604534
966218470,966218464,0,Şanlı Asker Sokağı,residential,29.157126465041014
966218470,959578608,0,Buhar Sokak,residential,11.096337858320492
966218470,959578607,0,Buhar Sokak,residential,119.50071440029929
966218471,966218474,0,Koşuyolu Caddesi,residential,14.152922039633461
966218471,966218470,0,Şanlı Asker Sokağı,residential,61.3034279422062
966218472,966218439,0,Park Önü Caddesi,tertiary,45.94931497000764
966218472,13881850738,0,Koşuyolu Caddesi,tertiary,11.052006782190293
966218472,2245070479,0,Çiçekdağlı Sokağı,residential,221.88730740822342
966218474,966218452,0,Kartaltepe Caddesi,residential,82.60730083471873
966218474,966218472,0,Şanlı Asker Sokağı,residential,23.787761403359738
966218475,966218463,0,Şanlı Asker Sokağı,residential,56.50422610921366
966218475,966218469,0,Terakki Caddesi,tertiary,10.376457099238458
966218475,966218449,0,Terakki Caddesi,tertiary,67.79554477109863
966218476,966218548,0,,tertiary,7.626887990925299
966218477,959578607,0,Yeni Caddesi,tertiary,98.67613697448085
966218477,968172991,0,Terakki Caddesi,tertiary,36.84551854184575
966218477,968172763,0,Terakki Caddesi,tertiary,108.33287082262994
966218478,966218568,0,Kennedy Caddesi,trunk,408.0623703840647
966218479,966218480,0,Havlucular Sokağı,residential,66.44191074105238
966218479,1969992660,0,Havlucular Sokağı,residential,52.52920698291139
966218479,966218642,0,Taşhan Caddesi,residential,111.14048719965719
966218480,966218620,0,İstanbul Caddesi,secondary,4.187863407699559
966218480,966218539,0,İstanbul Caddesi,secondary,78.35586531983255
966218484,966218571,0,Teyyareci Sadık Sokağı,residential,56.66843866934792
966218485,966218484,0,Yanık Ses Sokağı,residential,56.65191184895024
966218485,966218615,0,Teyyareci Fethi Sokağı,residential,55.79225345976519
966218486,966218485,0,Yanık Ses Sokağı,residential,38.66014146573725
966218486,966218569,0,General Kani Elitez Sokağı,residential,57.159039856677005
966218486,966218489,0,Yanık Ses Sokağı,residential,210.75254548594364
966218489,966218543,0,Hazırlık Sokağı,tertiary,128.45038595408926
966218491,966218468,0,Mektep Yolu Sokağı,residential,37.00547772413458
966218491,966218465,0,Huban Sokağı,residential,64.09102385266823
966218491,966218563,0,Huban Sokağı,residential,64.55717898008959
966218492,966218468,0,Mektep Yolu Sokağı,residential,43.17798016726143
966218492,966218467,0,Mektep Arkası Sokağı,tertiary,64.03804338166775
966218492,966218737,0,Mektep Arkası Sokağı,tertiary,70.12083437947153
966218493,966218494,0,Allale Sokağı,residential,141.7681014767001
966218494,966218493,0,Allale Sokağı,residential,141.7681014767001
966218494,966218526,0,Beyaz Zambak Sokağı,residential,54.49751239348023
966218495,959578503,0,Küçük Yalı Sokağı,residential,118.29054283633548
966218498,959578414,0,Muhtar Halit Kral Sokağı,residential,18.85123653556625
966218498,959578412,0,Muhtar Halit Kral Sokağı,residential,57.54876291371741
966218498,966218499,0,Asmalı Sakız Sokağı,residential,68.05289447536266
966218499,966218500,0,Asmalı Sakız Sokağı,residential,59.812418386151265
966218499,966218523,0,Banyolar Sokağı,residential,57.68634520634295
966218499,959578505,0,Banyolar Sokağı,residential,56.89240691735763
966218500,966218501,0,Asmalı Sakız Sokağı,residential,53.718328777460655
966218500,966218566,0,İskele Caddesi,tertiary,56.13076483728725
966218500,959578565,0,İskele Caddesi,tertiary,55.8955826264509
966218501,966218502,0,Asmalı Sakız Sokağı,residential,44.098415160904615
966218501,966218514,0,Muharrir Ahmet Rasim Sokağı,residential,147.5137663108989
966218502,966218503,0,Revnaklı Sokağı,residential,57.784646157737114
966218502,959578503,0,Revnaklı Sokağı,residential,58.13824737724394
966218502,966218495,0,"['Asmalı Sakız Sokağı', 'Yetim Kız Sokağı']",residential,165.0309903160715
966218503,966218502,0,Revnaklı Sokağı,residential,57.784646157737114
966218504,966218530,0,Rüya Sokağı,residential,24.961740357913243
966218505,966218637,0,Heyet Sokağı,residential,48.32493780157311
966218505,966218507,0,Yurt Sahibi Sokağı,residential,94.59138610089693
966218507,966218554,0,Şinasi Gürünlü Sokağı,residential,31.551517970215553
966218507,966218505,0,Yurt Sahibi Sokağı,residential,94.59138610089693
966218507,966218555,0,Şinasi Gürünlü Sokağı,residential,52.581898587637305
966218508,966218549,0,İstanbul Caddesi,secondary,25.796154858248634
966218508,966218509,0,Muharrir Ahmet Rasim Sokağı,residential,81.26005074782246
966218509,966218510,0,Muharrir Ahmet Rasim Sokağı,residential,88.2876720456169
966218509,966218556,0,Beyaz Güvercin Sokağı,residential,56.2107428616148
966218510,966218511,0,Muharrir Ahmet Rasim Sokağı,residential,55.99898216830472
966218510,966218504,0,Rüya Sokağı,residential,28.942335662114914
966218511,966218501,0,Muharrir Ahmet Rasim Sokağı,residential,57.59733411343511
966218511,959578503,0,Küçük Yalı Sokağı,residential,36.34691208136569
966218511,966218566,0,Küçük Yalı Sokağı,residential,54.384799186816444
966218514,959578565,0,İskele Caddesi,tertiary,35.636172087924706
966218516,966218528,0,Rüya Sokağı,residential,62.342432945715004
966218516,959578505,0,Kırmızı Şebboy Sokağı,residential,58.807744650568765
966218521,966218523,0,Banyolar Sokağı,residential,75.06822910141997
966218523,966218521,0,Banyolar Sokağı,residential,75.06822910141997
966218523,966218499,0,Banyolar Sokağı,residential,57.68634520634295
966218523,959578412,0,Şehit Nusret Sokağı,residential,61.166386493995056
966218526,959578491,0,Mor Sümbül Sokağı,residential,65.14149939774494
966218528,966218516,0,Rüya Sokağı,residential,62.342432945715004
966218528,966218510,0,Rüya Sokağı,residential,55.44031628551954
966218528,966218556,0,İskele Caddesi,tertiary,90.72239476485606
966218530,966218553,0,Şinasi Gürünlü Sokağı,residential,66.00378734445202
966218530,966218534,0,Rüya Sokağı,residential,143.6069778790154
966218534,966218495,0,"['Küçük Yalı Sokağı', 'Heyet Sokağı']",residential,78.35721304704313
966218534,966218537,0,Cevizli Yalı Sokağı,residential,132.2498156755732
966218537,966218479,0,Taşhan Caddesi,residential,77.06703349968097
966218537,966218539,0,Cevizli Yalı Sokağı,residential,77.42852889389192
966218539,966218480,0,İstanbul Caddesi,secondary,78.35586531983255
966218539,966218728,0,İstanbul Caddesi,secondary,75.39384317567274
966218543,966218403,0,Park Önü Caddesi,tertiary,137.72968925054937
966218543,966218737,0,,tertiary,49.83839721640745
966218547,966218471,0,Koşuyolu Caddesi,residential,34.21750530189648
966218547,966218408,0,Koşuyolu Caddesi,tertiary,24.802596523723793
966218548,2382892004,0,Koşuyolu Caddesi,tertiary,29.096397204911373
966218548,967089806,0,,tertiary,7.867152708860704
966218549,966218550,0,Mektep Arkası Sokağı,tertiary,92.93097573650562
966218549,966218555,0,İstanbul Caddesi,secondary,51.402882867039786
966218550,966218549,0,Mektep Arkası Sokağı,tertiary,92.93097573650562
966218550,966218564,0,Reyhan Sokağı,residential,83.12666664641488
966218550,966218467,0,Mektep Arkası Sokağı,tertiary,40.03291804940697
966218550,966218581,0,Reyhan Sokağı,residential,93.57822261080337
966218553,966218554,0,Şinasi Gürünlü Sokağı,residential,23.050754613622903
966218553,966218530,0,Şinasi Gürünlü Sokağı,residential,66.00378734445202
966218554,966218507,0,Şinasi Gürünlü Sokağı,residential,31.551517970215553
966218554,966218553,0,Şinasi Gürünlü Sokağı,residential,23.050754613622903
966218554,966218509,0,Beyaz Güvercin Sokağı,residential,73.77987587053806
966218555,966218584,0,İstanbul Caddesi,secondary,45.48997051255078
966218555,966218507,0,Şinasi Gürünlü Sokağı,residential,52.581898587637305
966218556,966218528,0,İskele Caddesi,tertiary,90.72239476485606
966218556,2382094023,0,Beyaz Güvercin Sokağı,residential,65.26878029483389
966218556,966218565,0,İskele Caddesi,tertiary,79.95528375590925
966218558,966218565,0,İstanbul Caddesi,secondary,50.93443737543448
966218558,2382094022,0,"['Beyaz Zambak Sokağı', 'Kırmızı Şebboy Sokağı']",residential,78.41586602933947
966218559,2246164862,0,Reyhan Sokağı,residential,41.70673941131619
966218559,966218558,0,Niyazi Bey Sokağı,residential,89.01113703028703
966218561,2246164959,0,İmren Sokağı,residential,45.40411166935656
966218561,966218559,0,Niyazi Bey Sokağı,residential,124.40955025735104
966218562,2246164959,0,İmren Sokağı,residential,43.337124290692806
966218562,959578420,0,Hamam Sokağı,living_street,40.187574627553246
966218563,966218491,0,Huban Sokağı,residential,64.55717898008959
966218563,966218622,0,Hatboyu Çıkışı Sokağı,residential,328.41057724763743
966218564,966218565,0,Huban Sokağı,residential,91.15592012052682
966218564,966218559,0,Reyhan Sokağı,residential,51.0661530270869
966218564,966218465,0,Huban Sokağı,residential,42.13588710675399
966218565,966218564,0,Huban Sokağı,residential,91.15592012052682
966218565,966218508,0,İstanbul Caddesi,secondary,57.213880867807006
966218565,966218556,0,İskele Caddesi,tertiary,79.95528375590925
966218566,959578505,0,Kartopu Sokağı,residential,59.00996494720628
966218566,966218528,0,İskele Caddesi,tertiary,56.78608376235492
966218566,966218511,0,Küçük Yalı Sokağı,residential,54.384799186816444
966218568,966218514,0,İskele Caddesi,tertiary,35.271120845809044
966218568,8859366358,0,Kennedy Caddesi,trunk,316.8389139001527
966218568,8859366358,1,,busway,314.63806857903876
966218569,2382883694,0,General Kani Elitez Sokağı,residential,61.339570909401125
966218570,966218569,0,Yeni Fırın Sokağı,residential,41.51849623814289
966218570,966218485,0,Teyyareci Fethi Sokağı,residential,56.07683783706666
966218571,966218570,0,Yeni Fırın Sokağı,residential,58.72162248781898
966218571,966218576,0,Teyyareci Sadık Sokağı,residential,57.84399015210456
966218572,966218571,0,Yeni Fırın Sokağı,residential,96.52422492574033
966218572,966218573,0,Pazar Sokağı,residential,52.52367327027212
966218573,966218618,0,Pazar Sokağı,residential,75.97678468799273
966218574,966218573,0,Karakol Sokağı,residential,64.56555506019014
966218576,966218574,0,Karakol Sokağı,residential,44.06969789719974
966218576,966218647,0,Teyyareci Sadık Sokağı,residential,95.2698081184724
966218577,966218576,0,Karakol Sokağı,residential,58.191736476193796
966218577,966218570,0,Teyyareci Fethi Sokağı,residential,61.059983620934716
966218581,966218489,0,Hazırlık Sokağı,tertiary,114.1025131150553
966218581,966218550,0,Reyhan Sokağı,residential,93.57822261080337
966218581,2382883694,0,Mera Sokağı,residential,176.65005095044216
966218582,959578475,0,Hamam Sokağı,residential,9.013247989139133
966218582,966218562,0,Hamam Sokağı,residential,123.49664533629826
966218583,966218574,0,,residential,86.96699261735324
966218583,966218647,0,İstanbul Caddesi,secondary,60.95886090725925
966218583,966218618,0,İstanbul Caddesi,secondary,66.13383785599271
966218584,966218728,0,İstanbul Caddesi,secondary,35.73769753994387
966218584,966218581,0,Hazırlık Sokağı,tertiary,97.43047761712083
966218591,967090130,0,,primary,759.8807851213527
966218591,966218603,0,,primary_link,33.718303594173804
966218603,966218617,0,10 Temmuz Caddesi,tertiary,106.58790099141707
966218603,6885004776,0,,primary,198.19909209787443
966218614,966218577,0,Teyyareci Fethi Sokağı,residential,95.54467866842917
966218614,966218620,0,İstanbul Caddesi,secondary,55.436711776568146
966218614,966218647,0,İstanbul Caddesi,secondary,52.44949011714607
966218615,966218622,0,10 Temmuz Caddesi,tertiary,40.61793875455132
966218617,966218648,0,10 Temmuz Caddesi,tertiary,76.16896988736138
966218617,966218572,0,Pazar Sokağı,residential,99.43151201352975
966218618,966218583,0,İstanbul Caddesi,secondary,66.13383785599271
966218618,6885004776,0,İstanbul Caddesi,secondary,55.40960908884378
966218620,966218480,0,İstanbul Caddesi,secondary,4.187863407699559
966218620,966218614,0,İstanbul Caddesi,secondary,55.436711776568146
966218622,966218486,0,General Kani Elitez Sokağı,residential,59.974604858350304
966218627,966218462,0,Terakki Caddesi,tertiary,28.61836396514573
966218637,966218534,0,Heyet Sokağı,residential,61.3610597432742
966218637,966218553,0,Taşhan Caddesi,residential,110.89536681407725
966218637,966218537,0,Taşhan Caddesi,residential,70.99329619117104
966218642,12205869491,0,Tayyare Meydanı Sokağı,residential,44.85756823888404
966218642,966218644,0,Taşhan Caddesi,residential,129.79562025641337
966218644,966218694,0,,trunk_link,16.518657461348933
966218647,966218642,0,Tayyare Meydanı Sokağı,residential,74.08729751822003
966218647,966218614,0,İstanbul Caddesi,secondary,52.44949011714607
966218647,966218583,0,İstanbul Caddesi,secondary,60.95886090725925
966218648,966218615,0,10 Temmuz Caddesi,tertiary,57.26539546025553
966218648,966218484,0,Teyyareci Sadık Sokağı,residential,51.333865160999764
966218653,12205869493,0,,trunk_link,155.34786524266215
966218694,2382034303,0,,trunk_link,81.41655707798418
966218694,966218653,0,,trunk_link,35.84416542979278
966218716,13736829420,0,Rıfkı Işık Sokağı,residential,7.081535762441973
966218716,966218399,0,Hulusi Demirelli Sokağı,residential,143.22369971613352
966218716,2382891970,0,Rıfkı Işık Sokağı,living_street,50.34959690278594
966218728,966218584,0,İstanbul Caddesi,secondary,35.73769753994387
966218728,966218505,0,Heyet Sokağı,residential,42.14326871953292
966218728,966218539,0,İstanbul Caddesi,secondary,73.72049709776559
966218737,966218492,0,Mektep Arkası Sokağı,tertiary,70.12083437947153
967089806,967089808,0,,tertiary,3.044913719635686
967089808,966218423,0,,tertiary,2.8179113187759066
967089808,967089844,0,Alemdar Sokağı,residential,190.41695555792762
967089832,967089837,0,,tertiary,9.316247916401256
967089837,968172769,0,Buhar Sokak,residential,101.96935381210038
967089837,2382892007,0,,tertiary,1.1459062644095979
967089844,966218405,0,Hulusi Demirelli Sokağı,residential,63.24100279960609
967089844,967089808,0,Alemdar Sokağı,residential,190.41695555792762
967089844,2245070503,0,Hulusi Demirelli Sokağı,residential,102.31815628371115
967089866,967089877,0,,residential,66.082312180655
967089877,966218603,0,,primary,547.4592357591455
967089877,967089866,0,,residential,66.082312180655
967089887,967089889,0,Hazım Körmükçü Sokağı,residential,86.74832389801327
967089889,966218415,0,Koşuyolu Caddesi,tertiary,104.89574491377158
967089889,967089887,0,Hazım Körmükçü Sokağı,residential,86.74832389801327
967089918,967089925,0,,tertiary,79.35144041582224
967089918,967090103,0,,primary_link,31.7742481126703
967089918,967090126,0,,primary,56.44896332985589
967089925,966218415,0,Koşuyolu Caddesi,tertiary,225.80525278541052
967089925,2382892093,0,Tez Sokağı,tertiary,211.96365467931395
967089925,967090126,0,,tertiary,35.20566086065141
967089934,968173029,0,Koşuyolu Caddesi,tertiary,122.0275134307238
967089934,968172101,0,Talat Artemel Sokağı,residential,133.74010055775506
967089977,6367407135,0,Tez Sokağı,tertiary,28.976699249076116
967089977,968158748,0,Tez Sokağı,tertiary,118.56218955413863
967089977,968172618,0,Akın Yolu Sokağı,residential,123.56315847442863
967089977,968158451,0,Referans Bakıköy,residential,164.2694196457706
967090084,968158679,0,,residential,34.300497138227676
967090084,967089918,0,Ekrem Kurt Bulvarı,primary,95.78119081593688
967090103,2382892076,0,,unclassified,27.712558454703665
967090103,2382892079,0,,primary,22.84273871097458
967090113,967090114,0,Ekrem Kurt Bulvarı,primary,56.78301138405826
967090113,967090084,0,,primary_link,52.016523446135174
967090114,968158146,0,Ekrem Kurt Bulvarı,primary,534.5907597768015
967090114,2382892070,0,,unclassified,118.31088072543648
967090126,2382883699,0,,primary,30.332728506067944
967090126,967090130,0,,tertiary,40.45713659374472
967090130,967090103,0,,primary,21.91821705946441
967133929,966218478,0,Kennedy Caddesi,trunk,839.3047875318623
967133929,11889589107,0,,trunk_link,473.60034590521883
967134029,7968198693,0,Ali Rıza Efendi Caddesi,secondary,246.57304357608072
967134029,2382930353,0,Ali Rıza Efendi Caddesi,secondary,112.01137808760011
967134063,7968198693,0,Ali Rıza Efendi Caddesi,secondary,13.642367224786511
967134077,967134089,0,Ali Rıza Efendi Caddesi,primary_link,14.602826917466723
967134077,7968198696,0,Strasburg Caddesi,primary,35.336769169469925
967134089,967134105,0,,primary,32.420436501626334
967134089,967134063,0,Ali Rıza Efendi Caddesi,secondary,20.135149980681447
967134105,11889861379,0,,primary,9.828057161707614
967134196,8857558117,0,,secondary_link,7.018222530347608
967134196,967134364,0,Zübeyde Hanım Caddesi,secondary,67.14554964123505
967134295,8857558117,0,Zübeyde Hanım Caddesi,secondary,81.22172927573155
967134311,967134312,0,Zübeyde Hanım Caddesi,secondary,9.563544820380955
967134312,967134196,0,Zübeyde Hanım Caddesi,secondary,39.632281046128895
967134312,967134470,0,Zübeyde Hanım Caddesi,secondary,70.42043360217056
967134323,8857549277,0,,secondary_link,16.247991928954914
967134323,11905082898,0,Zübeyde Hanım Caddesi,secondary,18.443039007381316
967134344,8857549298,0,Zübeyde Hanım Caddesi,secondary,44.34521427631552
967134344,959578460,0,Halit Ziya Uşaklıgil Caddesi,secondary,7.675808205601931
967134347,967134374,0,,secondary_link,4.781350440282518
967134347,967134352,0,Zübeyde Hanım Caddesi,secondary,209.19430612586385
967134352,8857549308,0,,secondary_link,28.067936801320613
967134352,967134356,0,,secondary_link,33.887234407353475
967134356,967134323,0,Zübeyde Hanım Caddesi,secondary,37.31258662898497
967134364,967134374,0,Zübeyde Hanım Caddesi,secondary,255.2288441667874
967134364,8857549308,0,Zübeyde Hanım Caddesi,secondary,21.88255535047387
967134374,967134347,0,,secondary_link,4.781350440282518
967134374,967134380,0,Zübeyde Hanım Caddesi,secondary,37.1918197545939
967134380,959578460,0,Zübeyde Hanım Caddesi,secondary,45.17441004086296
967134380,8857549298,0,,secondary_link,5.8993466858673544
967134470,7968198696,0,,primary_link,62.09394550030627
967134470,967134312,0,Zübeyde Hanım Caddesi,secondary,70.42043360217056
967134470,967134077,0,Zübeyde Hanım Caddesi,secondary,40.03876652909666
967134529,2246163915,0,,residential,24.799050225499727
967135035,959578908,0,,tertiary,14.360694794573764
967135035,12569484127,0,,tertiary,26.547263193124966
967135055,12569484124,0,,tertiary,24.30447332089804
967135255,2246163990,0,,residential,79.13736811564937
967135255,2246164062,0,,residential,94.88252448901034
967135255,2246163915,0,,residential,111.88273214322173
967135259,967135261,0,,unclassified,24.385566221380707
967135259,11215618679,0,,unclassified,25.228122018823594
967135259,2246164062,0,,residential,55.017364997762286
967135261,967135259,0,,unclassified,24.385566221380707
967135261,2382917903,0,,unclassified,7.455487190217802
967135264,967135261,0,,unclassified,16.518000230437217
967135264,967135266,0,,residential,75.97761212578135
967135266,967135055,0,,residential,43.492860781111645
967135266,967135264,0,,residential,75.97761212578135
968158041,968158046,0,,primary,113.56923870892714
968158041,968158143,0,,primary_link,18.229063737314988
968158046,3283907246,0,Çobançeşme Koşuyolu Bulvarı,primary,19.347031036467673
968158053,968158061,0,Fikret Yüzatlı Caddesi,primary,140.6690479350572
968158061,968158041,0,,primary,181.19715805409118
968158061,968158053,0,Fikret Yüzatlı Caddesi,primary,140.6690479350572
968158061,13370167352,0,,unclassified,714.3247036463781
968158074,918481933,0,Çobançeşme Koşuyolu Bulvarı,primary,68.56937721450758
968158113,968158203,0,Köy Altı Sokağı,residential,48.44034335074586
968158117,968158125,0,Köy Altı Sokağı,residential,138.23480463297003
968158117,968158203,0,Köy Altı Sokağı,residential,81.67041169960257
968158117,968158131,0,Seyfi Bey Sokağı,residential,94.11569256034143
968158117,968158127,0,Seyfi Bey Sokağı,residential,90.95604424394753
968158125,6367407127,0,Tez Sokağı,tertiary,10.919493583920717
968158125,968172593,0,Tez Sokağı,tertiary,45.622281655004976
968158125,968158117,0,Köy Altı Sokağı,residential,138.23480463297005
968158127,968158117,0,Seyfi Bey Sokağı,residential,90.95604424394753
968158127,968158670,0,,residential,33.08518921041461
968158127,968158205,0,,residential,125.59504213802721
968158131,968158117,0,Seyfi Bey Sokağı,residential,94.11569256034144
968158131,968158233,0,Sugözü Sokağı,residential,103.24548066678588
968158131,6367407127,0,Sugözü Sokağı,residential,118.93027096069164
968158134,968158137,0,,residential,106.6949356189578
968158137,968172551,0,,residential,61.31681325759835
968158137,958702760,0,Tez Sokağı,tertiary,19.870716802730996
968158137,968158134,0,,residential,106.6949356189578
968158137,6367407127,0,Tez Sokağı,tertiary,104.6853417305563
968158139,11826403694,0,Ekrem Kurt Bulvarı,primary,12.898607162454903
968158139,11826403701,0,,primary,85.04528116671833
968158143,968158144,0,,primary,43.13597236736595
968158144,968158061,0,,primary,140.9821386123153
968158146,11826403701,0,Ekrem Kurt Bulvarı,primary,66.31187464431017
968158146,968158144,0,,primary_link,109.05225611323735
968158167,968158173,0,Osmaniye Yolu Çıkmazı Sokağı,residential,100.1587485480873
968158173,968158167,0,Osmaniye Yolu Çıkmazı Sokağı,residential,100.1587485480873
968158173,4586888655,0,Suna Sokağı,residential,28.696683437656464
968158173,968158288,0,Suna Sokağı,residential,110.79015534015481
968158182,968158244,0,Fabrikalar Sokağı,unclassified,98.8812820873898
968158182,968158193,0,,residential,146.74970978334073
968158182,968158205,0,Fabrikalar Sokağı,unclassified,29.291512521372265
968158193,968158182,0,,residential,146.74970978334073
968158193,968158330,0,Fabrikalar Caddesi,residential,60.03773500429504
968158193,968158736,0,Fabrikalar Caddesi,residential,42.273229066759576
968158203,968158113,0,Köy Altı Sokağı,residential,48.44034335074586
968158203,968158205,0,Şengül Sokağı,residential,24.00497880316722
968158203,968158117,0,Köy Altı Sokağı,residential,81.67041169960257
968158203,968158233,0,Şengül Sokağı,residential,93.45288244364033
968158205,968158203,0,Şengül Sokağı,residential,24.00497880316722
968158205,968158182,0,Fabrikalar Sokağı,unclassified,29.291512521372265
968158205,968158127,0,,residential,125.59504213802722
968158211,958405623,0,Mine Sokağı,residential,38.11027091378436
968158211,2381936227,0,Şirin Sokağı,residential,65.74439780475
968158221,968158318,0,Cemiyet Sokağı,residential,25.335016751522293
968158221,968158222,0,Evlek Sokağı,residential,97.74493050998001
968158222,968158451,0,Cami Sokağı,residential,59.47265575395424
968158222,968158426,0,Cami Sokağı,residential,43.79191825730307
968158222,968158221,0,Evlek Sokağı,residential,97.74493050998001
968158233,968158203,0,Şengül Sokağı,residential,93.45288244364033
968158233,13736826260,0,Sugözü Sokağı,residential,89.08889040345358
968158233,968158131,0,Sugözü Sokağı,residential,103.24548066678588
968158241,968158288,0,Suna Sokağı,residential,10.330248157208986
968158241,958405450,0,Mescit Sokağı,residential,96.0920622248629
968158241,968158276,0,Suna Sokağı,residential,170.93527371759043
968158244,968158182,0,Fabrikalar Sokağı,unclassified,98.8812820873898
968158244,958405450,0,Yeşilsu Sokağı,residential,42.96301341420865
968158244,968158250,0,Yeşilsu Sokağı,residential,184.42123012010669
968158250,968158736,0,Fabrikalar Caddesi,residential,16.314004270029088
968158250,968158244,0,Yeşilsu Sokağı,residential,184.4212301201067
968158250,968158733,0,Fabrikalar Caddesi,residential,29.722845462738697
968158261,968158267,0,,residential,45.30753329223852
968158267,968158261,0,,residential,45.307533292238524
968158267,968158637,0,Aralık Başı Sokağı,residential,59.20156077297432
968158267,968158642,0,Aralık Başı Sokağı,residential,94.10459278563758
968158268,968158270,0,,residential,52.96975759754193
968158270,968158268,0,,residential,52.96975759754193
968158270,968158733,0,,tertiary,151.4561095179027
968158270,968158646,0,,tertiary,46.03070932878832
968158276,968158241,0,Suna Sokağı,residential,170.9352737175904
968158276,968158733,0,Suna Sokağı,residential,110.27149796980703
968158282,968158276,0,İncirli Çıkmazı,residential,137.29997816130825
968158282,12242082786,0,İsmail Erez Bulvarı,tertiary,98.98584555919302
968158288,968158241,0,Suna Sokağı,residential,10.330248157208986
968158288,968158173,0,Suna Sokağı,residential,110.79015534015483
968158295,968158302,0,,residential,155.49505859164103
968158302,968158304,0,,residential,166.08789827520093
968158302,968158295,0,,residential,155.49505859164103
968158302,968158308,0,,residential,85.82486119188724
968158304,968158378,0,,residential,62.4469653173284
968158304,968158302,0,,residential,166.08789827520093
968158304,968158364,0,,residential,123.25987227966368
968158308,968158302,0,,residential,85.82486119188724
968158308,968158622,0,,residential,68.48966325337987
968158310,968158769,0,,tertiary,18.923757217657183
968158310,968158441,0,,tertiary,32.09068278862927
968158311,2368203154,0,Osmaniye Mektebi Sokağı,residential,107.82314542749313
968158311,968158448,0,,residential,42.132884614512086
968158311,968158439,0,,residential,45.606433319883614
968158312,968158311,0,Osmaniye Mektebi Sokağı,residential,121.62454220637753
968158312,968158449,0,,residential,34.16117212043017
968158314,968158221,0,Cemiyet Sokağı,residential,66.6848031200646
968158314,968158451,0,,residential,109.83547507942198
968158314,968158670,0,,residential,65.72779496290869
968158318,968158321,0,Cemiyet Sokağı,residential,116.16626696537264
968158318,968158330,0,Bildik Sokağı,residential,119.85026293567532
968158321,968158642,0,,residential,20.889170466437083
968158321,968158325,0,Cemiyet Sokağı,residential,137.1054227001406
968158325,968158637,0,,residential,91.28563812697642
968158325,968158448,0,,residential,40.99824061220372
968158325,968158328,0,Cemiyet Sokağı,residential,95.42897909205048
968158328,968158716,0,,tertiary,50.859674926510095
968158328,968158446,0,,tertiary,43.31949214825542
968158330,968158318,0,Bildik Sokağı,residential,119.85026293567532
968158330,968158670,0,Fabrikalar Caddesi,residential,92.97312918821792
968158330,968158193,0,Fabrikalar Caddesi,residential,60.03773500429503
968158344,968158348,0,Pulluk Sokağı,residential,143.25080937895353
968158344,968158411,0,,residential,47.112313704433674
968158348,968158421,0,,residential,44.86632520381942
968158348,968158344,0,Pulluk Sokağı,residential,143.25080937895353
968158348,968158424,0,,residential,58.13803597850516
968158354,968158355,0,Fazıl Kayıkçı Sokağı,residential,30.230302766282524
968158354,968158428,0,Fildamı Sokağı,residential,69.33120044193458
968158355,968158356,0,Fazıl Kayıkçı Sokağı,residential,18.554680167837592
968158355,968158354,0,Fazıl Kayıkçı Sokağı,residential,30.230302766282524
968158355,968158359,0,Gencer Sokağı,residential,64.06208258262888
968158356,968158358,0,Fazıl Kayıkçı Sokağı,residential,64.36552679745135
968158356,968158355,0,Fazıl Kayıkçı Sokağı,residential,18.554680167837592
968158356,968158421,0,,residential,67.24859180521831
968158358,968158356,0,Fazıl Kayıkçı Sokağı,residential,64.36552679745135
968158358,968158362,0,,residential,82.78007096529323
968158359,968158688,0,,residential,49.890851091675444
968158359,968158355,0,Gencer Sokağı,residential,64.06208258262888
968158362,968158364,0,,residential,38.85685936708802
968158362,968158359,0,,residential,21.61673564713899
968158364,968158362,0,,residential,38.85685936708802
968158364,968158370,0,,residential,80.39457836061038
968158364,968158304,0,,residential,123.2598722796637
968158370,968158688,0,Fildamı Sokağı,residential,42.47702469925832
968158370,968158364,0,,residential,80.39457836061038
968158378,968158304,0,,residential,62.4469653173284
968158378,968158419,0,Ekrem Kurt Bulvarı,primary,80.59419805361158
968158406,968158407,0,,residential,105.76308708270483
968158406,967090084,0,Ekrem Kurt Bulvarı,primary,170.50804677554115
968158407,968158415,0,,residential,84.26990994968013
968158407,968158411,0,,residential,55.4060095690703
968158407,968158406,0,,residential,105.76308708270483
968158411,968158407,0,,residential,55.4060095690703
968158411,968158358,0,,residential,38.922207410629355
968158415,968158416,0,,residential,107.41745730925057
968158415,968158407,0,,residential,84.26990994968013
968158415,968158419,0,,residential,140.78080742613562
968158416,968158415,0,,residential,107.41745730925057
968158416,968158406,0,Ekrem Kurt Bulvarı,primary,69.91544390131047
968158419,968158416,0,Ekrem Kurt Bulvarı,primary,31.402327521044967
968158419,968158415,0,,residential,140.78080742613562
968158421,968158348,0,,residential,44.86632520381942
968158421,968158428,0,Fildamı Sokağı,residential,16.60064628521083
968158421,968158356,0,,residential,67.24859180521831
968158424,968158451,0,,residential,24.207221119318536
968158424,968158348,0,,residential,58.13803597850516
968158424,968158455,0,,residential,184.7992786262371
968158426,968158428,0,Fildamı Sokağı,residential,29.317513125904377
968158426,968158222,0,Cami Sokağı,residential,43.79191825730307
968158426,968158449,0,Cami Sokağı,residential,117.616387904379
968158428,968158421,0,Fildamı Sokağı,residential,16.60064628521083
968158428,968158426,0,Fildamı Sokağı,residential,29.317513125904377
968158434,968158435,0,Rahmi Paşa Sokağı,residential,68.8521436663554
968158434,968158621,0,İsmail Erez Bulvarı,tertiary,70.53134054079547
968158435,968158434,0,Rahmi Paşa Sokağı,residential,68.8521436663554
968158435,968158441,0,,tertiary,8.014987794251937
968158435,968158622,0,,tertiary,75.26064611364448
968158439,968158311,0,,residential,45.606433319883614
968158439,968158370,0,Fildamı Sokağı,residential,76.12510852907621
968158439,968158308,0,,residential,116.78752359406712
968158441,968158310,0,,tertiary,32.09068278862927
968158441,968158435,0,,tertiary,8.014987794251937
968158441,2368203153,0,Fildamı Sokağı,residential,30.391272618756588
968158446,968158448,0,Cami Sokağı,residential,109.58270781522283
968158446,968158769,0,,tertiary,29.064119804461697
968158446,968158328,0,,tertiary,43.31949214825542
968158448,968158325,0,,residential,40.99824061220372
968158448,968158311,0,,residential,42.132884614512086
968158448,968158449,0,Cami Sokağı,residential,124.0629759879671
968158449,968158448,0,Cami Sokağı,residential,124.0629759879671
968158449,968158321,0,,residential,71.3486970179114
968158449,968158426,0,Cami Sokağı,residential,117.616387904379
968158451,968158222,0,Cami Sokağı,residential,59.47265575395424
968158451,968158424,0,,residential,24.207221119318536
968158451,968158314,0,,residential,109.835475079422
968158451,967089977,0,Referans Bakıköy,residential,164.2694196457706
968158455,968158456,0,,residential,11.05246719025338
968158455,968158424,0,,residential,184.79927862623714
968158455,968158659,0,,residential,30.4230486960512
968158456,968158455,0,,residential,11.05246719025338
968158456,968158344,0,,residential,109.58465081970279
968158621,968158622,0,Rahmi Apak Sokağı,residential,89.2246356118691
968158621,968158962,0,İsmail Eres Bulvarı,tertiary,25.709096611564846
968158622,968158621,0,Rahmi Apak Sokağı,residential,89.2246356118691
968158622,968158435,0,,tertiary,75.26064611364447
968158637,968158646,0,Aralık Başı Sokağı,residential,24.277506992231775
968158637,968158325,0,,residential,91.28563812697642
968158637,968158267,0,Aralık Başı Sokağı,residential,59.20156077297432
968158642,968158267,0,Aralık Başı Sokağı,residential,94.10459278563758
968158642,968158736,0,,residential,162.4163785196345
968158646,968158637,0,Aralık Başı Sokağı,residential,24.277506992231775
968158646,968158270,0,,tertiary,46.03070932878832
968158646,968158716,0,,tertiary,64.96685772974699
968158659,967089918,0,,residential,77.63120747665985
968158670,968158330,0,Fabrikalar Caddesi,residential,92.97312918821791
968158670,968158314,0,,residential,65.72779496290869
968158670,968158748,0,Fabrikalar Caddesi,residential,145.1432622502512
968158670,968158127,0,,residential,33.08518921041461
968158679,968158456,0,,residential,29.353505837620794
968158679,968158659,0,,residential,29.53232862972989
968158688,968158689,0,Fildamı Sokağı,residential,3.580465010160167
968158689,968158312,0,,residential,45.86557322060057
968158689,968158354,0,Fildamı Sokağı,residential,58.194863819595795
968158702,968158709,0,,primary_link,40.86658261257944
968158702,958136383,0,Çobançeşme Koşuyolu Bulvarı,primary,287.31257200401086
968158709,968158911,0,İsmail Erez Bulvarı,tertiary,43.51913937363448
968158709,968158715,0,Çobançeşme Koşuyolu Bulvarı,primary,65.78368430055313
968158715,968158139,0,Çobançeşme Koşuyolu Bulvarı,primary,26.581601679385603
968158715,3283907246,0,,primary_link,28.906436354660116
968158716,968158646,0,,tertiary,64.96685772974699
968158716,968158328,0,,tertiary,50.859674926510095
968158722,968158716,0,Kireçocağı Yolu Sokağı,residential,251.5059542230781
968158733,968158250,0,Fabrikalar Caddesi,residential,29.722845462738697
968158733,968158276,0,Suna Sokağı,residential,110.27149796980703
968158733,968158270,0,,tertiary,151.4561095179027
968158733,968158722,0,Fabrikalar Caddesi,residential,197.26970601983172
968158736,968158250,0,Fabrikalar Caddesi,residential,16.314004270029088
968158736,968158193,0,Fabrikalar Caddesi,residential,42.273229066759576
968158748,968172593,0,Tez Sokağı,tertiary,45.196077453610734
968158748,967089977,0,Tez Sokağı,tertiary,118.56218955413861
968158748,968158670,0,Fabrikalar Caddesi,residential,145.1432622502512
968158769,968158802,0,Fırın Sokağı,residential,62.05730166798792
968158769,968158446,0,,tertiary,29.064119804461697
968158769,968158310,0,,tertiary,18.923757217657183
968158802,968158769,0,Fırın Sokağı,residential,62.05730166798792
968158802,968158804,0,,tertiary_link,10.413005259566473
968158802,968158434,0,İsmail Erez Bulvarı,tertiary,64.29982194879639
968158804,968158802,0,,tertiary_link,10.413005259566473
968158804,11826403684,0,İsmail Erez Bulvarı,tertiary,311.2840338182974
968158804,968158813,0,,residential,144.8721836310318
968158813,968158813,0,,residential,105.05866912635975
968158813,968158813,1,,residential,105.05866912635975
968158813,968158804,0,,residential,144.8721836310318
968158835,11932587431,0,İsmail Erez Bulvarı,residential,7.235695301084361
968158835,968158802,0,İsmail Erez Bulvarı,tertiary,340.7217766253549
968158911,968158804,0,İsmail Erez Bulvarı,tertiary,193.96329417367838
968158962,968158715,0,İsmail Eres Bulvarı,tertiary,82.77125633576136
968158962,968158911,0,,tertiary_link,86.18648481349403
968172095,968172096,0,,residential,53.44086308369903
968172096,968172095,0,,residential,53.44086308369903
968172096,958702679,0,Terakki Caddesi,tertiary,19.943612551544966
968172096,958702747,0,Terakki Caddesi,tertiary,73.64655670071002
968172099,968172101,0,Aksoy Sokağı,residential,97.52449905822075
968172101,968172103,0,Aksoy Sokağı,residential,35.191065490636255
968172101,968172099,0,Aksoy Sokağı,residential,97.52449905822075
968172101,967089934,0,Talat Artemel Sokağı,residential,133.74010055775506
968172103,968172101,0,Aksoy Sokağı,residential,35.191065490636255
968172103,968172699,0,Akın Yolu Sokağı,residential,38.86560254724904
968172103,968172111,0,Akın Yolu Sokağı,residential,36.273049151974334
968172107,6367407135,0,,residential,69.84375300304089
968172107,2382892085,0,,residential,28.759083624884447
968172107,2382892086,0,,residential,28.66862658234408
968172111,2382892085,0,Dost Sokağı,residential,126.33481400750233
968172111,968172103,0,Akın Yolu Sokağı,residential,36.273049151974334
968172111,968172676,0,Akın Yolu Sokağı,residential,82.99262413491529
968172533,968172689,0,Buhar Sokak,residential,83.8651971609081
968172533,968172706,0,Buhar Sokak,residential,57.71614691536617
968172533,968172703,0,,residential,95.86309471456806
968172539,968172545,0,,residential,59.17427504913487
968172545,968172539,0,,residential,59.17427504913487
968172545,968172602,0,,residential,133.57486616206762
968172545,968172594,0,,residential,56.42509628700532
968172551,968158137,0,,residential,61.31681325759835
968172558,958702760,0,,residential,41.21855397639951
968172559,968172560,0,,residential,20.160436594197325
968172560,958702676,0,,tertiary,69.24249204020636
968172560,968172559,0,,residential,20.160436594197325
968172560,958702679,0,,tertiary,63.504146561406415
968172593,968158125,0,Tez Sokağı,tertiary,45.622281655004976
968172593,968158748,0,Tez Sokağı,tertiary,45.196077453610734
968172593,968172594,0,,residential,82.25931739020292
968172594,968172618,0,Kendirli Sokağı,residential,113.22411545591528
968172594,968172545,0,,residential,56.42509628700532
968172594,968172593,0,,residential,82.25931739020292
968172602,968172639,0,,residential,41.550868740730486
968172602,968172610,0,,residential,107.09181460099461
968172602,968172545,0,,residential,133.57486616206762
968172610,968172851,0,Terakki Caddesi,tertiary,14.035947993622841
968172610,958702747,0,Terakki Caddesi,tertiary,37.89741844422353
968172610,968172602,0,,residential,107.09181460099461
968172618,968172594,0,Kendirli Sokağı,residential,113.22411545591528
968172618,968172676,0,Akın Yolu Sokağı,residential,28.82035051345307
968172618,967089977,0,Akın Yolu Sokağı,residential,123.56315847442862
968172628,968172629,0,Yayla Dağı Sokağı,residential,25.755963691173715
968172629,968172628,0,Yayla Dağı Sokağı,residential,25.755963691173715
968172629,968172630,0,Yayla Dağı Sokağı,residential,33.30917372314746
968172629,968172670,0,,residential,45.463931678961345
968172630,968172657,0,Yıldıztepe Sokağı,residential,94.7863317832623
968172630,968172629,0,Yayla Dağı Sokağı,residential,33.30917372314746
968172630,968172656,0,Yıldıztepe Sokağı,residential,43.94998159089395
968172639,968172602,0,,residential,41.550868740730486
968172652,968172653,0,,residential,43.1605743518187
968172653,968172652,0,,residential,43.1605743518187
968172653,968172713,0,,residential,27.79730819606719
968172653,2382892059,0,,residential,61.30356092331216
968172656,968172673,0,,residential,29.109293515731324
968172656,968172630,0,Yıldıztepe Sokağı,residential,43.94998159089395
968172656,968172670,0,,residential,30.455546793500012
968172657,968172630,0,Yıldıztepe Sokağı,residential,94.7863317832623
968172657,2382892060,0,Boztepe Sokağı,residential,5.648864637814572
968172657,968172702,0,Boztepe Sokağı,residential,11.709013625439038
968172670,2382892091,0,,residential,31.680963309063653
968172670,968172656,0,,residential,30.455546793500016
968172670,968172629,0,,residential,45.463931678961345
968172673,968172656,0,,residential,29.109293515731324
968172673,968172676,0,,residential,75.86925148983278
968172673,968172678,0,Karlıtepe Sokağı,residential,140.3505073462548
968172676,968172673,0,,residential,75.86925148983278
968172676,968172111,0,Akın Yolu Sokağı,residential,82.99262413491529
968172676,968172618,0,Akın Yolu Sokağı,residential,28.82035051345307
968172678,968172702,0,Boztepe Sokağı,residential,18.540493194691813
968172678,968172673,0,Karlıtepe Sokağı,residential,140.3505073462548
968172678,2382892059,0,Boztepe Sokağı,residential,42.108760466086295
968172683,968172684,0,Gülay Sokağı,residential,89.61981973684011
968172683,968172778,0,Bitişik Bağlar Sokağı,residential,47.95105667830792
968172683,968172782,0,Bitişik Bağlar Sokağı,residential,41.1691766023325
968172684,968172683,0,Gülay Sokağı,residential,89.61981973684011
968172684,966218420,0,,tertiary,9.396977209517368
968172684,968172800,0,Koşuyolu Caddesi,tertiary,59.1129558172251
968172687,968172870,0,Terakki Caddesi,tertiary,18.035978207020534
968172687,968172689,0,,residential,47.2015483598456
968172687,968172837,0,Terakki Caddesi,tertiary,39.763826693318535
968172689,968172687,0,,residential,47.2015483598456
968172689,968172766,0,Buhar Sokak,residential,183.8595824348609
968172689,968172533,0,Buhar Sokak,residential,83.86519716090808
968172699,2382892059,0,Boztepe Sokağı,residential,44.18481557969473
968172699,968172103,0,Akın Yolu Sokağı,residential,38.86560254724904
968172699,968172791,0,Akın Yolu Sokağı,residential,53.48890113674568
968172702,968172657,0,Boztepe Sokağı,residential,11.709013625439038
968172702,968172678,0,Boztepe Sokağı,residential,18.540493194691813
968172702,968172713,0,,residential,32.717103087521174
968172703,2382892060,0,Boztepe Sokağı,residential,37.968599254130275
968172703,968172533,0,,residential,95.86309471456806
968172703,968172706,0,Boztepe Sokağı,residential,75.24577443512266
968172706,968172533,0,Buhar Sokak,residential,57.71614691536617
968172706,968172769,0,Buhar Sokak,residential,116.933310006228
968172706,968172703,0,Boztepe Sokağı,residential,75.24577443512266
968172713,968172702,0,,residential,32.717103087521174
968172713,968172653,0,,residential,27.79730819606719
968172713,2382892011,0,,residential,105.05073096145816
968172713,2382892060,0,,residential,42.70615855235539
968172726,2382907935,0,Barbaros Sokağı,residential,73.43501463149505
968172730,968172851,0,Terakki Caddesi,tertiary,47.7099277314836
968172730,968172870,0,Terakki Caddesi,tertiary,46.32555160343569
968172730,2382907936,0,Ulubatlı Sokağı,living_street,44.33416996828781
968172742,968172827,0,Ülkü Sokağı,residential,8.504907582108913
968172742,968172754,0,Umut Sokağı,residential,183.7197564785981
968172754,968172979,0,Ülkü Sokağı,residential,25.846379142606633
968172754,968172742,0,Umut Sokağı,residential,183.71975647859807
968172763,968172947,0,Terakki Caddesi,tertiary,23.529302339264593
968172763,968172766,0,Bitişik Bağlar Sokağı,residential,80.09642488346152
968172763,966218477,0,Terakki Caddesi,tertiary,108.33287082262994
968172766,959578607,0,Buhar Sokak,residential,105.87258062909034
968172766,968172769,0,Bitişik Bağlar Sokağı,residential,87.05600392977837
968172766,968172763,0,Bitişik Bağlar Sokağı,residential,80.09642488346152
968172766,968172689,0,Buhar Sokak,residential,183.85958243486087
968172769,967089837,0,Buhar Sokak,residential,101.96935381210038
968172769,2382892011,0,Bitişik Bağlar Sokağı,residential,81.15362698819291
968172769,968172766,0,Bitişik Bağlar Sokağı,residential,87.05600392977837
968172769,968172706,0,Buhar Sokak,residential,116.933310006228
968172778,968172683,0,Bitişik Bağlar Sokağı,residential,47.95105667830792
968172778,2382892011,0,Bitişik Bağlar Sokağı,residential,4.153093329193016
968172778,968172800,0,Yalçın Sokağı,residential,93.23271654348731
968172782,2382892013,0,,residential,33.8625168618738
968172782,968172791,0,Bitişik Bağlar Sokağı,residential,46.330834450098735
968172782,968172683,0,Bitişik Bağlar Sokağı,residential,41.1691766023325
968172791,2382892013,0,Akın Yolu Sokağı,residential,32.740398673707645
968172791,968172782,0,Bitişik Bağlar Sokağı,residential,46.330834450098735
968172791,968172699,0,Akın Yolu Sokağı,residential,53.48890113674568
968172800,968172778,0,Yalçın Sokağı,residential,93.23271654348731
968172800,2382892008,0,,tertiary,8.301539002272445
968172800,967089832,0,Koşuyolu Caddesi,tertiary,71.89716785011393
968172815,968172816,0,Ömür Sokağı,residential,128.05242051031837
968172815,968172945,0,Seri Evler Sokağı,residential,17.223448524923796
968172815,968172943,0,Seri Evler Sokağı,residential,49.888673315453616
968172816,968172818,0,Ömür Sokağı,residential,40.95982586934565
968172816,968172815,0,Ömür Sokağı,residential,128.05242051031837
968172816,968172837,0,Piyalepaşa Sokağı,living_street,117.73530498861408
968172818,968172827,0,Ömür Sokağı,residential,76.94206919765757
968172818,968172816,0,Ömür Sokağı,residential,40.95982586934565
968172818,968172847,0,Muradım Sokağı,living_street,45.83717968513217
968172827,968172818,0,Ömür Sokağı,residential,76.94206919765757
968172827,968172860,0,Ülkü Sokağı,residential,45.25753458544656
968172837,968172687,0,Terakki Caddesi,tertiary,39.763826693318535
968172837,968172947,0,Terakki Caddesi,tertiary,127.0076228265655
968172837,968172816,0,Piyalepaşa Sokağı,living_street,117.73530498861408
968172847,968172818,0,Muradım Sokağı,living_street,45.83717968513217
968172847,968172979,0,,residential,73.20226633857752
968172851,968172610,0,Terakki Caddesi,tertiary,14.035947993622841
968172851,968172730,0,Terakki Caddesi,tertiary,47.7099277314836
968172860,968172726,0,Barbaros Sokağı,residential,19.25994159043015
968172860,968172851,0,Barbaros Sokağı,residential,115.1926915003047
968172870,968172730,0,Terakki Caddesi,tertiary,46.32555160343569
968172870,968172687,0,Terakki Caddesi,tertiary,18.035978207020534
968172892,968172894,0,Şeker Sokağı,living_street,84.56673484749116
968172894,968172892,0,Şeker Sokağı,living_street,84.56673484749116
968172894,968172984,0,Kormaç Sokağı,residential,41.545259048544445
968172898,968172900,0,Ahmet Yolaç Sokağı,living_street,101.76540983122837
968172900,968172898,0,Ahmet Yolaç Sokağı,living_street,101.76540983122837
968172900,968172909,0,Kormaç Sokağı,residential,45.4676728329763
968172909,968172913,0,Milas Sokağı,living_street,69.46091890942581
968172909,968172894,0,Kormaç Sokağı,residential,27.292562393998043
968172913,968172909,0,Milas Sokağı,living_street,69.46091890942581
968172913,968172945,0,Pancarlı Sokağı,living_street,97.56258956846666
968172913,968172990,0,Pancarlı Sokağı,living_street,86.50779555489551
968172920,968172929,0,Şehit Üsteğmen Tarık Koçoğlu Sokak,residential,157.4747946519752
968172929,968172943,0,"['Şehit Üsteğmen Tarık Koçoğlu Sokak', 'Seri Evler Sokağı']",residential,74.41626886978236
968172929,968172920,0,Şehit Üsteğmen Tarık Koçoğlu Sokak,residential,157.4747946519752
968172943,968172900,0,Kormaç Sokağı,residential,54.164541387927564
968172943,968172815,0,Seri Evler Sokağı,residential,49.888673315453616
968172943,968172847,0,,residential,166.189214595333
968172943,968172929,0,"['Şehit Üsteğmen Tarık Koçoğlu Sokak', 'Seri Evler Sokağı']",residential,74.41626886978236
968172945,968172947,0,Seri Evler Sokağı,residential,93.10211995317988
968172945,968172815,0,Seri Evler Sokağı,residential,17.223448524923796
968172947,968172763,0,Terakki Caddesi,tertiary,23.529302339264593
968172947,968172837,0,Terakki Caddesi,tertiary,127.0076228265655
968172979,968172742,0,Ülkü Sokağı,residential,38.12748457647638
968172979,968172847,0,,residential,73.20226633857752
968172984,958703509,0,Yeşil Adalı Sokağı,residential,148.11437682792172
968172990,968172913,0,Pancarlı Sokağı,living_street,86.50779555489551
968172990,968172984,0,"['Alpullu Sokağı', 'Kormaç Sokağı']",residential,91.46177930569684
968172991,968172990,0,Alpullu Sokağı,residential,91.71507899378203
968172991,966218477,0,Terakki Caddesi,tertiary,36.84551854184575
968172991,966218469,0,Terakki Caddesi,tertiary,62.614178497604534
968173010,958703499,0,Teyyareci Nurettin Sokağı,living_street,140.81130868758652
968173010,966218459,0,Teyyareci Hayrettin Sokağı,tertiary,170.1887833571409
968173029,968172684,0,Koşuyolu Caddesi,tertiary,75.44483032061497
968173029,2382892013,0,Akın Yolu Sokağı,residential,57.12747850391918
968173048,958703502,0,İncirli Caddesi,secondary,31.01214495127742
968173048,968173056,0,Kıbrıs Sokağı,living_street,209.1735451762425
968173056,958703600,0,İncirli Caddesi,secondary,26.523656467198595
969160829,969160869,0,Abay Caddesi,secondary,63.49929293746148
969160869,966218591,0,,primary,80.09398064798812
974171746,958128711,0,,secondary,38.26467015137004
988329369,8859366389,0,Conk Bayırı Caddesi,tertiary,11.146138523066442
988329369,2382930420,0,Conk Bayırı Caddesi,tertiary,70.27996252339864
988329369,8859366393,0,,primary_link,14.40905781970078
988329371,988329375,0,,primary_link,13.055162344925654
988329371,8859366397,0,Strasburg Caddesi,primary,25.284824760897397
988329375,8859366391,0,Strasburg Caddesi,primary,29.350686071016938
988329375,12205869447,0,,tertiary,19.68669307830034
988329379,988329397,0,Yeni Fişekhane Caddesi,tertiary,102.60540829944738
988329379,8859366391,0,,tertiary_link,48.73637998848597
988329397,988329408,0,Yeni Fişekhane Caddesi,tertiary,229.82427065633033
988329397,988329420,0,General Naci Tınaztepe Caddesi,residential,239.3449967813064
988329397,988329379,0,Yeni Fişekhane Caddesi,tertiary,102.60540829944736
988329408,959578692,0,Fişekhane Caddesi,secondary,41.113836884785336
988329420,988329397,0,General Naci Tınaztepe Caddesi,residential,239.34499678130638
988329420,967134311,0,,residential,36.46539792795859
988329424,967134311,0,Zübeyde Hanım Caddesi,secondary,22.089593713721545
988329424,988329420,0,,residential,31.31392166186061
988335970,988336105,0,,primary_link,11.891688326637947
988335970,988336233,0,Doktor Remzi Kazancıgil Caddesi,primary,204.31755289960438
988336052,8021836408,0,,secondary,71.98431965732583
988336052,12205869468,0,Behçet Kemal Çağlar Caddesi,secondary,23.821430632828125
988336083,988336105,0,,residential,192.5322966588032
988336083,12205869468,0,,residential,301.3986288331265
988336083,988336433,0,,residential,115.88568286758759
988336105,988336083,0,,residential,192.5322966588032
988336105,988336258,0,Doktor Remzi Kazancıgil Caddesi,primary,99.76161151543819
988336233,4978760081,0,,primary_link,35.341873047753126
988336233,988337300,0,Strasburg Caddesi,primary,208.2154304202782
988336258,990483791,0,Doktor Remzi Kazancıgil Caddesi,primary,64.46664905567789
988336258,1005965809,0,,primary_link,26.548241818787137
988336260,988336265,0,,residential,165.19795476141383
988336265,2271469472,0,Zuhuratbaba Caddesi,tertiary,52.27082838472283
988336265,988336375,0,Zuhuratbaba Caddesi,tertiary,57.515457032715545
988336265,988336260,0,,residential,165.19795476141383
988336272,988336292,0,Havacı Feza Sokağı,residential,231.4821119003312
988336272,2382907921,0,Gençler Caddesi,residential,262.82711946691
988336272,959578651,0,Gençler Caddesi,residential,58.916845430707326
988336292,988336272,0,Havacı Feza Sokağı,residential,231.4821119003312
988336292,959578651,0,Behçet Kemal Çağlar Caddesi,secondary,106.19981787585013
988336292,988336375,0,Behçet Kemal Çağlar Caddesi,secondary,121.83404080261886
988336367,988336375,0,Behçet Kemal Çağlar Caddesi,secondary,276.0545619391821
988336367,1005964207,0,Behçet Kemal Çağlar Caddesi,secondary,349.3638793998611
988336367,1005964477,0,Refet Bele Sokağı,residential,88.97577483152664
988336375,988336265,0,Zuhuratbaba Caddesi,tertiary,57.515457032715545
988336375,988336367,0,Behçet Kemal Çağlar Caddesi,secondary,276.0545619391822
988336375,988336433,0,Refet Bele Sokağı,residential,341.14217712126737
988336375,988336292,0,Behçet Kemal Çağlar Caddesi,secondary,121.83404080261887
988336433,988336375,0,Refet Bele Sokağı,residential,341.14217712126737
988336433,1005964477,0,Refet Bele Sokağı,residential,45.65754782992485
988336433,988336083,0,,residential,115.88568286758759
988336506,988336511,0,,residential,140.94620875479157
988336511,988336556,0,Conk Bayırı Caddesi,tertiary,94.36803659940946
988336511,988336506,0,,residential,140.94620875479157
988336511,988336541,0,Conk Bayırı Caddesi,tertiary,241.1854294547049
988336523,2382930434,0,,residential,121.61649916133368
988336523,988336556,0,Conk Bayırı Caddesi,tertiary,161.33339215865317
988336523,8859366389,0,Conk Bayırı Caddesi,tertiary,64.26925102925416
988336540,988336541,0,,residential,128.18247879158156
988336541,988336540,0,,residential,128.18247879158156
988336541,988336634,0,Conk Bayırı Caddesi,tertiary,76.0163961683552
988336541,988336511,0,Conk Bayırı Caddesi,tertiary,241.1854294547049
988336543,13745426358,0,,residential,35.130979810384844
988336543,2382930420,0,Conk Bayırı Caddesi,tertiary,31.808157896210712
988336543,988336609,0,Conk Bayırı Caddesi,tertiary,116.13915438091308
988336549,988336556,0,,residential,101.97150016026539
988336556,988336511,0,Conk Bayırı Caddesi,tertiary,94.36803659940946
988336556,988336549,0,,residential,101.97150016026539
988336556,988336523,0,Conk Bayırı Caddesi,tertiary,161.33339215865317
988336609,988336543,0,Conk Bayırı Caddesi,tertiary,116.1391543809131
988336634,988336541,0,Conk Bayırı Caddesi,tertiary,76.0163961683552
988336634,8859366459,0,Conk Bayırı Caddesi,tertiary,32.60967772050552
988336662,8859366425,0,,secondary_link,113.9133201298123
988336662,2382930353,0,Ali Rıza Efendi Caddesi,secondary,80.96428100357386
988336677,988336687,0,,tertiary,14.658469231875387
988336687,988336828,0,,residential,22.636560748748497
988336687,988336693,0,,tertiary,10.947816399856217
988336693,988336696,0,,tertiary,13.711639325024729
988336696,2382930410,0,,tertiary,60.218121525970176
988336696,988336704,0,,tertiary,19.64693040475976
988336704,9046101961,0,,tertiary,4.513214998081505
988336709,988336709,0,Nergis Yolu Sokağı,residential,126.90289374275727
988336709,988336709,1,Nergis Yolu Sokağı,residential,126.90289374275727
988336709,988336722,0,,residential,116.67905391875532
988336722,988336709,0,,residential,116.67905391875532
988336722,10191775409,0,,residential,166.26040485332868
988336722,988336828,0,,residential,110.18042276889705
988336728,988336736,0,Mutlu Sokağı,residential,102.44236555763733
988336728,988336728,0,Mutlu Sokağı,residential,140.30924399723472
988336728,988336728,1,Mutlu Sokağı,residential,140.30924399723472
988336736,988336728,0,Mutlu Sokağı,residential,102.44236555763733
988336736,988336773,0,,residential,105.78987596529363
988336736,2382971073,0,,residential,68.80284290727485
988336773,988336736,0,,residential,105.78987596529362
988336773,3448836567,0,,residential,33.73431571700557
988336774,988336773,0,,residential,37.51516390560222
988336774,3448836567,0,,tertiary,28.18280130694184
988336780,988336804,0,,residential,6.692391893269106
988336793,988336809,0,,residential,17.16055463451909
988336793,4859033660,0,,residential,7.092955245739456
988336804,2382971073,0,,residential,30.42562447267747
988336804,2382971083,0,,residential,13.113386151781931
988336809,2382971084,0,,residential,15.225174386076427
988336809,988336793,0,,residential,17.16055463451909
988336809,988336814,0,,residential,281.27164683390623
988336814,10191775409,0,,residential,164.68683445886623
988336814,10191775409,1,,living_street,155.2986700502452
988336814,988336809,0,,residential,281.27164683390623
988336828,988336693,0,,residential,21.42330920975511
988336828,988336722,0,,residential,110.18042276889705
988336903,988336966,0,,tertiary,30.174377728344137
988336947,11889861377,0,Adnan Kahveci Bulvarı,primary,9.973942883656463
988336962,8871993006,0,Adnan Kahveci Bulvarı,primary,16.878626059663635
988336962,1785651793,0,,residential,109.4464893672683
988336963,988336962,0,,primary_link,14.183481968413565
988336963,4859033658,0,Adnan Kahveci Bulvarı,primary,24.69763206168847
988336966,988336774,0,,tertiary_link,22.839829980422515
988336966,2382930404,0,,tertiary,240.86552357898609
988336991,988336962,0,Adnan Kahveci Bulvarı,primary,56.15745250060821
988337008,579904564,0,Rauf Orbay Caddesi,trunk,122.32222538585842
988337008,2382971030,0,,trunk_link,141.71250271642836
988337275,988336677,0,,tertiary,23.836350139135487
988337275,2382930395,0,Conk Bayırı Caddesi,secondary,48.41699274500373
988337300,988329371,0,Strasburg Caddesi,primary,21.730965070919947
988337300,8859366389,0,,primary_link,39.58194874248312
990483757,990483759,0,,primary_link,14.99462094465759
990483757,2382923602,0,Doktor Remzi Kazancıgil Caddesi,primary,34.57638207496356
990483759,990483823,0,Doktor Remzi Kazancıgil Caddesi,primary,16.250815599958393
990483765,1005964489,0,Cevat Dursunoğlu Sokağı,residential,167.97179457217206
990483765,990483881,0,Doktor Remzi Kazancıgil Caddesi,primary,141.5549727705311
990483791,1005964489,0,Cevat Dursunoğlu Sokağı,residential,325.6160369813306
990483791,990483765,0,Doktor Remzi Kazancıgil Caddesi,primary,310.62371262401706
990483820,1005965276,0,Doktor Remzi Kazancıgil Caddesi,primary,116.66591379223478
990483823,990483881,0,,primary_link,15.72847206286596
990483823,1005965809,0,Doktor Remzi Kazancıgil Caddesi,primary,520.2074848895714
990483881,2382923605,0,,secondary,41.67306058899067
990483881,990483757,0,Doktor Remzi Kazancıgil Caddesi,primary,22.950151617871953
1005964192,1005964207,0,,residential,27.286633667780954
1005964207,1005964192,0,,residential,27.286633667780954
1005964207,988336367,0,Behçet Kemal Çağlar Caddesi,secondary,349.36387939986105
1005964207,2382923605,0,Behçet Kemal Çağlar Caddesi,secondary,178.76237456699687
1005964266,304053231,0,Mustafa Sarıçiçek Bulvarı,primary,268.7784180490032
1005964477,988336433,0,Refet Bele Sokağı,residential,45.65754782992486
1005964477,988336367,0,Refet Bele Sokağı,residential,88.97577483152662
1005964477,1005964489,0,,residential,246.90018658619516
1005964489,990483791,0,Cevat Dursunoğlu Sokağı,residential,325.6160369813306
1005964489,990483765,0,Cevat Dursunoğlu Sokağı,residential,167.9717945721721
1005964489,1005964477,0,,residential,246.9001865861952
1005964789,990483820,0,,primary_link,116.29884878468206
1005964789,1005965102,0,Adnan Kahveci Bulvarı,primary,76.3727647191762
1005965040,1005965102,0,,primary,38.489717105881795
1005965040,5674276006,0,Adnan Kahveci Bulvarı,primary,180.0097361694004
1005965048,1005965054,0,Uğur Mumcu Bulvarı,secondary,47.45576087264181
1005965048,1005965040,0,,primary,38.69550784376449
1005965054,4621146983,0,Uğur Mumcu Bulvarı,secondary,134.4849578953463
1005965072,1005964266,0,Mustafa Sarıçiçek Bulvarı,primary,89.36809499592187
1005965072,1005965048,0,,primary,44.143896572250505
1005965102,1005965072,0,,primary,41.189917976806804
1005965102,990483820,0,Doktor Remzi Kazancıgil Caddesi,primary,69.61181440738925
1005965276,2382923600,0,Doktor Remzi Kazancıgil Caddesi,primary,21.619325330940367
1005965276,12574401376,0,,residential,23.214960508018045
1005965361,12574401377,0,Mimoza Sokağı,residential,123.64148977428576
1005965388,12574401376,0,Mimoza Sokağı,residential,264.7808900637902
1005965388,1005965418,0,,residential,92.27249718589982
1005965388,2382923594,0,,residential,50.24454353684018
1005965393,2382923592,0,Adnan Kahveci Bulvarı,primary,11.013213406506742
1005965393,2382923594,0,,residential,25.77582424932371
1005965418,2382923590,0,,residential,12.127722106128648
1005965418,1005965421,0,Adnan Kahveci Bulvarı,residential,92.02978961389834
1005965418,1005965388,0,,residential,92.27249718589982
1005965421,1005965457,0,,residential,54.166773018243006
1005965421,2382923574,0,,residential,12.33712333159513
1005965421,1005965425,0,,residential,93.08045885364618
1005965425,1005965457,0,Kilitbahir Sokağı,residential,102.09233936995233
1005965425,1005965681,0,Kilitbahir Sokağı,residential,108.52199128924099
1005965425,1005965421,0,,residential,93.08045885364618
1005965430,1005965431,0,,residential,29.39529994281383
1005965431,2382923590,0,,residential,34.98879567679225
1005965431,1005965430,0,,residential,29.39529994281383
1005965431,10151772512,0,,residential,40.49786819464405
1005965455,2382923574,0,,residential,40.162559695429536
1005965455,2382923588,0,,residential,67.63599382060792
1005965455,2382923588,1,,residential,91.55778662833431
1005965457,1005965421,0,,residential,54.166773018243006
1005965457,1005965693,0,Kilitbahir Sokağı,residential,69.38984288524497
1005965457,1005965425,0,Kilitbahir Sokağı,residential,102.09233936995233
1005965580,1005965583,0,,primary_link,2.3412399280757468
1005965583,1005965693,0,,primary_link,52.030483408749014
1005965583,13299221377,0,,primary_link,20.968249959859293
1005965602,1005965605,0,,primary_link,6.732313843142368
1005965605,1007877400,0,Adnan Kahveci Bulvarı,primary,157.828687435394
1005965605,1005965580,0,,primary_link,23.586123998372074
1005965681,1005965425,0,Kilitbahir Sokağı,residential,108.521991289241
1005965681,13785147646,0,,residential,35.21406882365404
1005965693,13299221377,0,,primary_link,48.58188761786446
1005965693,1005965457,0,Kilitbahir Sokağı,residential,69.38984288524497
1005965720,12143279068,0,,residential,566.0690481338274
1005965720,13785147633,0,,residential,31.790678530052592
1005965733,1005965802,0,Kilitbahir Sokağı,residential,195.05668738166756
1005965733,13785147621,0,Kilitbahir Sokağı,residential,19.708907568489447
1005965802,1005965733,0,Kilitbahir Sokağı,residential,195.05668738166756
1005965802,1005965824,0,,residential,33.32736765421334
1005965809,1005965802,0,,residential,35.67998055202929
1005965809,1005965824,0,Doktor Remzi Kazancıgil Caddesi,primary,32.10304856990375
1005965824,988335970,0,Doktor Remzi Kazancıgil Caddesi,primary,69.30498709680518
1005965861,12143279067,0,,residential,22.8301335335652
1005965861,2382971091,0,Lale Sokağı,residential,122.40625669126075
1005965861,12143279068,0,Lale Sokağı,residential,19.615333340701163
1005965874,1007404601,0,Lale Sokağı,residential,346.23138749534144
1005965874,2382971091,0,Lale Sokağı,residential,106.50456982188514
1007403343,12143279067,0,,residential,72.57082088099546
1007403343,1007877362,0,Defne Sokağı,residential,159.41042678525997
1007403439,12962184049,0,,secondary,10.604895580939214
1007404471,1007404472,0,,secondary_link,13.39523070286084
1007404471,2382943935,0,Uğur Mumcu Bulvarı,secondary,194.49314202963936
1007404471,1007407179,0,,residential,95.6772497012763
1007404472,1007404471,0,,secondary_link,13.39523070286084
1007404472,1007404730,0,Uğur Mumcu Bulvarı,secondary,206.15040719997432
1007404472,1007404478,0,Defne Sokağı,residential,132.73645006424135
1007404478,1007877240,0,Defne Sokağı,residential,136.02525846776348
1007404478,1007876740,0,Defne Sokağı,residential,139.34432852866513
1007404499,1007404712,0,,living_street,70.67347325367854
1007404499,1007876740,0,Defne Sokağı,residential,96.60748244669738
1007404522,1007877351,0,Açık Deniz Sokağı,residential,10.780462901358337
1007404522,12752909085,0,Açık Deniz Sokağı,residential,27.652825062306135
1007404583,2382971093,0,,residential,116.01123117313199
1007404583,1007403343,0,Defne Sokağı,residential,30.01140661864888
1007404590,1007876520,0,Defne Sokağı,residential,151.01847975578607
1007404601,1007878915,0,Ardıç Sokağı,residential,246.54195819850125
1007404601,1007404590,0,Ardıç Sokağı,residential,251.93913824647487
1007404601,1005965874,0,Lale Sokağı,residential,346.2313874953414
1007404665,12962184054,0,,residential,36.240330691687575
1007404665,1007878915,0,Ardıç Sokağı,residential,128.0106819101029
1007404712,1005965040,0,Uğur Mumcu Bulvarı,secondary,277.5595949767747
1007404715,2382943941,0,Yüzücü Talat Yüzmen Sokağı,secondary_link,13.49939892425202
1007404715,1007404471,0,Uğur Mumcu Bulvarı,secondary,217.68548581895982
1007404715,1007407745,0,Yüzücü Talat Yüzmen Sokağı,residential,153.96288564442185
1007404730,2382943941,0,Uğur Mumcu Bulvarı,secondary,10.50897093652551
1007404730,1007404499,0,,living_street,65.02238897975549
1007406269,1007406271,0,Karanfil Sokağı,residential,159.25185873162164
1007406269,9654303386,0,Karanfil Sokağı,residential,155.39575597475016
1007406269,2245030656,0,,residential,78.86303199635773
1007406271,1007406269,0,Karanfil Sokağı,residential,159.25185873162164
1007406271,1007407683,0,Yüzücü Talat Yüzmen Sokağı,tertiary,162.61866568998676
1007406271,14075576914,0,Yüzücü Talat Yüzmen Sokağı,tertiary,222.89771230501083
1007407093,1007407698,0,,residential,116.89110591292875
1007407093,1007407687,0,,residential,117.97798383101853
1007407093,2382943965,0,Nilüfer Sokağı,living_street,103.51027928566029
1007407119,1007407687,0,Karanfil Sokağı,residential,99.79104458051127
1007407119,1007407724,0,Karanfil Sokağı,residential,76.65286476636447
1007407119,2382943965,0,,living_street,120.02836000802132
1007407174,1007407200,0,Nilüfer Sokağı,residential,55.566316013970464
1007407174,1007407179,0,,residential,119.18860982968282
1007407174,1007407724,0,Nilüfer Sokağı,residential,66.41906509428385
1007407179,1007407174,0,,residential,119.1886098296828
1007407179,1007404471,0,,residential,95.67724970127628
1007407179,1007407477,0,,residential,66.05642784868394
1007407182,2382943985,0,,residential,21.09387438377641
1007407182,1007407200,0,Nilüfer Sokağı,living_street,8.521449601372778
1007407182,2382943987,0,,residential,72.25876960765937
1007407200,1007407182,0,Nilüfer Sokağı,living_street,8.521449601372778
1007407200,1007407174,0,Nilüfer Sokağı,residential,55.566316013970464
1007407200,2382943965,0,Nilüfer Sokağı,living_street,72.84447702295697
1007407277,1007407471,0,,residential,338.4276857927199
1007407277,1007407745,0,Yüzücü Talat Yüzmen Sokağı,tertiary,140.19803600525913
1007407277,1007407445,0,Yüzücü Talat Yüzmen Sokağı,tertiary,325.41731818519526
1007407430,1007407445,0,,living_street,131.89966394239883
1007407445,1007407430,0,,living_street,131.89966394239883
1007407445,1007407277,0,Yüzücü Talat Yüzmen Sokağı,tertiary,325.4173181851953
1007407445,1007407721,0,Yüzücü Talat Yüzmen Sokağı,tertiary,104.98020095150778
1007407462,9654303386,0,,residential,6.716204035759346
1007407462,1007407471,0,Orkide Bahçesi Sokağı,residential,172.4804761482448
1007407462,1007407687,0,,residential,135.06919632477548
1007407471,1007407724,0,Nilüfer Sokağı,residential,137.32858721420203
1007407471,1007407277,0,,residential,338.42768579271996
1007407471,1007407462,0,Orkide Bahçesi Sokağı,residential,172.4804761482448
1007407471,1007407721,0,Nilüfer Sokağı,residential,140.68765263185628
1007407477,1007407724,0,Karanfil Sokağı,residential,117.03019284979966
1007407477,1007407745,0,Karanfil Sokağı,residential,218.3410029109636
1007407477,1007407179,0,,residential,66.05642784868394
1007407579,12962184056,0,,secondary,18.352370743519973
1007407579,4621146980,0,Uğur Mumcu Bulvarı,secondary,247.3127515222016
1007407598,1007403439,0,,secondary,28.506476957144148
1007407598,1007407665,0,,tertiary,33.938742185027564
1007407665,1007407748,0,Yüzücü Talat Yüzmen Sokağı,tertiary,482.7530667040098
1007407665,1007403439,0,,tertiary,37.58181233613479
1007407683,9654303386,0,,residential,154.52840203349248
1007407683,1007407721,0,Yüzücü Talat Yüzmen Sokağı,tertiary,173.39935208512148
1007407683,1007406271,0,Yüzücü Talat Yüzmen Sokağı,tertiary,162.61866568998676
1007407687,1007407119,0,Karanfil Sokağı,residential,99.79104458051127
1007407687,2245030656,0,Karanfil Sokağı,residential,230.69811557597833
1007407687,1007407093,0,,residential,117.97798383101853
1007407687,1007407462,0,,residential,135.06919632477548
1007407698,12962184056,0,Uğur Mumcu Bulvarı,secondary,149.86401736975992
1007407698,1007407093,0,,residential,116.89110591292875
1007407721,1007407445,0,Yüzücü Talat Yüzmen Sokağı,tertiary,104.9802009515078
1007407721,1007407683,0,Yüzücü Talat Yüzmen Sokağı,tertiary,173.39935208512145
1007407721,1007407471,0,Nilüfer Sokağı,residential,140.68765263185628
1007407724,1007407471,0,Nilüfer Sokağı,residential,137.32858721420203
1007407724,1007407119,0,Karanfil Sokağı,residential,76.65286476636447
1007407724,1007407477,0,Karanfil Sokağı,residential,117.03019284979966
1007407724,1007407174,0,Nilüfer Sokağı,residential,66.41906509428385
1007407745,1007407477,0,Karanfil Sokağı,residential,218.34100291096362
1007407745,1007407277,0,Yüzücü Talat Yüzmen Sokağı,tertiary,140.19803600525913
1007407745,1007404715,0,Yüzücü Talat Yüzmen Sokağı,residential,153.96288564442182
1007407748,2245030656,0,Karanfil Sokağı,residential,112.9065740820214
1007407748,14075576914,0,Yüzücü Talat Yüzmen Sokağı,tertiary,7.352474640210272
1007407748,1007407665,0,Yüzücü Talat Yüzmen Sokağı,tertiary,482.7530667040099
1007876515,1007876516,0,,residential,44.69400297065522
1007876516,1007876515,0,,residential,44.69400297065522
1007876516,1007404583,0,Defne Sokağı,residential,40.58749858862003
1007876520,1007877278,0,Defne Sokağı,residential,21.65365390656507
1007876520,1007876563,0,,residential,121.17910452095254
1007876563,1005965874,0,,residential,55.148735476709746
1007876563,2382971093,0,,residential,71.13462988872917
1007876740,1007877603,0,Eski Çınar Sokağı,living_street,141.4891597359651
1007876740,1007404478,0,Defne Sokağı,residential,139.34432852866513
1007876740,1007404499,0,Defne Sokağı,residential,96.60748244669738
1007877240,1007404590,0,Defne Sokağı,residential,201.08495106233016
1007877240,1007878915,0,Palmiye Sokağı,residential,354.12380791126105
1007877273,1007877278,0,,residential,64.28498475585818
1007877278,1007876516,0,Defne Sokağı,residential,28.026357417083506
1007877278,1007877273,0,,residential,64.28498475585818
1007877351,2382971243,0,Açık Deniz Sokağı,residential,56.40483965364282
1007877351,12752909097,0,,residential,68.48754532213394
1007877362,1007877440,0,Defne Sokağı,residential,14.26033890028438
1007877362,1007877375,0,,living_street,90.00239310823711
1007877375,2382971063,0,Adnan Kahveci Bulvarı,primary,234.1875880670135
1007877400,8871992938,0,,living_street,42.9708293562171
1007877400,1007877375,0,Adnan Kahveci Bulvarı,primary,153.30538565124155
1007877440,8871992937,0,Defne Sokağı,residential,13.730752878230918
1007877597,12752909081,0,Eski Çınar Sokağı,living_street,105.0833462282088
1007877597,12752909096,0,,residential,104.3321274624558
1007877603,1007877597,0,Eski Çınar Sokağı,living_street,84.69673779884153
1007877603,1007877666,0,,residential,81.63729465943653
1007877666,1007877603,0,,residential,81.63729465943653
1007877814,12752909085,0,,residential,57.911801221635244
1007877814,1007877814,0,,residential,94.20914635757916
1007877814,1007877814,1,,residential,94.20914635757914
1007878915,1007404665,0,Ardıç Sokağı,residential,128.0106819101029
1007878915,1007404601,0,Ardıç Sokağı,residential,246.54195819850128
1020936890,8739267330,0,,trunk,48.8358725981612
1020936890,1857734476,0,Yeşilköy Caddesi,trunk,46.340722166161235
1020936925,1027923889,0,Yeşilköy Caddesi,trunk,64.23648226434041
1020937365,1020936925,0,Florya Kavşağı,trunk_link,382.78796536092324
1020941104,11572888723,0,D-100 Güney Yanyolu,primary,708.3490403523933
1025668939,1064675873,0,Atayurt Caddesi,secondary,98.52255779589058
1025668939,8884099780,0,Atayurt Caddesi,secondary,58.03929375120655
1026970610,6761863770,0,Yeni Havaalanı Caddesi,primary,379.60354419112673
1026970692,1026970698,0,Yeni Havaalanı Caddesi,primary,84.85943045155376
1026970692,2245030261,0,,primary_link,287.730737005374
1026970698,3178628131,0,Yeni Havaalanı Caddesi,primary,89.54396165036172
1026970698,1141127938,0,,primary_link,113.82138195655989
1026970752,3723183911,0,Yeni Havaalanı Caddesi,primary,791.4221840744152
1026970818,6761863770,0,,primary_link,14.978662508992779
1026970818,1026970846,0,Yeni Havaalanı Caddesi,primary,497.8230824558775
1026970846,3178628129,0,,primary,82.02487942236851
1026970846,1027174511,0,,trunk_link,294.66876131786915
1026970893,1026970610,0,,trunk_link,146.64787895642428
1026970893,3178628117,0,,trunk_link,75.29422413977838
1026971224,1026971259,0,,trunk_link,331.71730123323806
1026971224,3178628117,0,,primary,74.1056158744168
1026971259,1026971426,0,Eski Havaalanı Caddesi,trunk,692.8299255269379
1026971426,988337008,0,Rauf Orbay Caddesi,trunk,939.57542976995
1026971731,1027174511,0,Eski Havaalanı Caddesi,trunk,673.359789322198
1026971731,13690686449,0,,trunk_link,127.54440715010834
1026991640,1026991686,0,,residential,22.473113771581392
1026991640,1352530497,0,Atatürk Caddesi,residential,176.13652583119546
1026991681,1141128050,0,Atatürk Caddesi,residential,170.55271246363995
1026991681,1026991720,0,Atatürk Caddesi,residential,64.90559017062401
1026991686,1026991640,0,,residential,22.473113771581392
1026991686,2385196952,0,Atatürk Caddesi,residential,225.3548470932994
1026991720,1026991681,0,Atatürk Caddesi,residential,64.90559017062401
1026991720,1026991721,0,Atatürk Caddesi,residential,126.49230789649008
1026991721,1026991686,0,Atatürk Caddesi,residential,53.526929157237916
1026991729,1293894198,0,Atatürk Caddesi,primary,334.90051064648554
1026991729,1841824812,0,,primary_link,229.01056890655047
1027174293,1027174298,0,Erguvan Sokağı,residential,39.712074045843806
1027174298,1027174300,0,Erguvan Sokağı,residential,10.804379118218401
1027174298,1027174293,0,Erguvan Sokağı,residential,39.712074045843806
1027174298,1027174317,0,,residential,116.78147318718047
1027174300,1027174302,0,Erguvan Sokağı,residential,77.19976897379006
1027174300,1027174298,0,Erguvan Sokağı,residential,10.804379118218401
1027174300,1027174790,0,Abidin Dino Sokağı,residential,209.89091603162836
1027174302,1027174300,0,Erguvan Sokağı,residential,77.19976897379006
1027174302,1026971259,0,Eski Havaalanı Caddesi,trunk,651.5882631342295
1027174302,1027174790,0,,trunk_link,155.25688912028681
1027174309,1027174313,0,,residential,84.09584515937169
1027174313,1027174309,0,,residential,84.09584515937169
1027174313,1027174317,0,Eski Havaalanı Caddesi,trunk,113.24074463537697
1027174317,1027174298,0,,residential,116.78147318718047
1027174317,1027174302,0,Eski Havaalanı Caddesi,trunk,43.83003539826296
1027174347,1027174349,0,Florya Caddesi,secondary,29.2013407953334
1027174349,1027924611,0,Florya Caddesi,secondary,118.13065268471766
1027174349,1027174357,0,Florya Caddesi,secondary,31.175190565900884
1027174357,12582488652,0,,trunk_link,152.17969984794274
1027174357,8837111732,0,Florya Caddesi,secondary,76.32481206996718
1027174372,1020936890,0,,secondary,30.266253472219162
1027174372,1027174376,0,1. İnönü Caddesi,secondary,145.65282865372168
1027174376,8887329310,0,1. İnönü Caddesi,secondary,10.324901844765789
1027174376,2371873288,0,,residential,50.253902304304574
1027174376,1027174372,0,1. İnönü Caddesi,secondary,145.65282865372168
1027174377,8887329310,0,1. İnönü Caddesi,secondary,20.034146539914943
1027174377,1027924520,0,1. İnönü Caddesi,secondary,55.45060486991987
1027174384,1027924575,0,Florya Caddesi,secondary,29.123941418828643
1027174384,1027924576,0,Florya Caddesi,secondary,32.16737464301123
1027174384,1027923770,0,Selvi Sokağı,residential,214.9418729173517
1027174386,1027923798,0,Florya Caddesi,secondary,84.58135503064788
1027174386,1027924586,0,Florya Caddesi,secondary,9.240017536865404
1027174457,1027174372,0,,secondary,34.79102705974904
1027174457,1020936890,0,Yeşilköy Caddesi,trunk,17.682165722569806
1027174511,2380932379,0,Eski Havaalanı Caddesi,trunk,545.4067725992082
1027174546,2380806666,0,Eski Havaalanı Caddesi,trunk,533.4092266337824
1027174617,2371873288,0,Şehit Özcan Canik Sokağı,residential,369.13993491237386
1027174617,1027174457,0,Yeşilköy Caddesi,trunk,293.98733008425825
1027174703,13288785258,0,Yeşilköy Caddesi,trunk,85.07955454627977
1027174707,2380806669,0,,trunk_link,263.8289728064233
1027174707,4979278179,0,Eski Havaalanı Caddesi,trunk,1035.1046297952948
1027174754,2385196602,0,Eski Havaalanı Caddesi,trunk,269.3849637148082
1027174790,1027174300,0,Abidin Dino Sokağı,residential,209.89091603162836
1027174790,3178628129,0,,trunk_link,103.14986701091581
1027197593,2385258241,0,Yeşilyurt İstasyon Caddesi,secondary,643.7442415389919
1027197593,1026971731,0,Eski Havaalanı Caddesi,trunk,796.5457102304107
1027243094,1027243245,0,İstanbul Caddesi,secondary,34.93546267488245
1027243096,1027243094,0,Gülibrişim Sokağı,residential,120.46169560736473
1027243096,1027243236,0,Teyyareci Nuri Sokağı,residential,33.197601972971476
1027243097,1027243096,0,Gülibrişim Sokağı,residential,100.43276678783033
1027243097,1027243198,0,Serbesti Caddesi,secondary,70.44996638744288
1027243099,1027243097,0,Gülibrişim Sokağı,residential,113.60618056785846
1027243099,1027243220,0,Gazi Evrenos Caddesi,residential,85.89190472095085
1027243101,1027243099,0,Gülibrişim Sokağı,residential,76.05184361315352
1027243101,1027243201,0,İrfaniye Sokağı,residential,69.05191424484129
1027243103,1027243101,0,Gülibrişim Sokağı,residential,88.56293077915
1027243103,1027243203,0,Demiryolu Caddesi,secondary,70.23095773084967
1027243110,1027243174,0,Kulüp Sokağı,residential,80.13808612235411
1027243174,1027243110,0,Kulüp Sokağı,residential,80.13808612235411
1027243174,1027243175,0,Kulüp Sokağı,residential,47.598860885755606
1027243174,1027243190,0,Andaç Sokağı,residential,54.154910220236246
1027243174,1027243193,0,Argıt Sokağı,residential,34.66298227757811
1027243175,1027243174,0,Kulüp Sokağı,residential,47.598860885755606
1027243175,1027243094,0,İstanbul Caddesi,secondary,31.927678773760242
1027243190,1027243174,0,Andaç Sokağı,residential,54.154910220236246
1027243193,1027243174,0,Argıt Sokağı,residential,34.66298227757811
1027243196,1027256976,0,Saadetli Sokağı,residential,161.27476743504508
1027243196,1027243175,0,İstanbul Caddesi,secondary,24.141988962746222
1027243198,1027243199,0,Saadetli Sokağı,residential,115.28697179190928
1027243198,1027257106,0,Serbesti Caddesi,secondary,120.3870803717451
1027243199,1027243201,0,Saadetli Sokağı,residential,74.80533690661015
1027243199,1027243099,0,Gazi Evrenos Caddesi,residential,69.34768628772947
1027243201,1027243203,0,Saadetli Sokağı,residential,74.79843178401515
1027243201,1027244343,0,İrfaniye Sokağı,residential,122.42266915582248
1027243203,1027257114,0,Demiryolu Caddesi,secondary,128.48858690518873
1027243216,1027243103,0,Demiryolu Caddesi,secondary,88.89380513614067
1027243219,1027243216,0,Anafartalar Sokağı,residential,114.50328844912998
1027243219,1027243101,0,İrfaniye Sokağı,residential,86.0450896889247
1027243220,1027243219,0,Anafartalar Sokağı,residential,74.60215873836226
1027243220,1027243383,0,Gazi Evrenos Caddesi,residential,75.6880907192741
1027243227,1027243220,0,Anafartalar Sokağı,residential,114.31837013193964
1027243227,1027243097,0,Serbesti Caddesi,secondary,85.919723710718
1027243229,1027243227,0,Anafartalar Sokağı,residential,103.64469472423332
1027243229,1027243236,0,Teyyareci Nuri Sokağı,residential,59.04341745190497
1027243229,1027243237,0,Teyyareci Nuri Sokağı,residential,75.08647183235952
1027243232,1027243229,0,Anafartalar Sokağı,residential,132.38047087200954
1027243232,1027243925,0,İstanbul Caddesi,secondary,23.543812361812936
1027243236,1027243229,0,Teyyareci Nuri Sokağı,residential,59.04341745190497
1027243236,1027243096,0,Teyyareci Nuri Sokağı,residential,33.197601972971476
1027243236,1027243245,0,Nigar Hanım Sokağı,residential,120.65264849536075
1027243237,1027243392,0,Baharistan Sokağı,residential,121.82729851543436
1027243237,1027243238,0,Teyyareci Nuri Sokağı,residential,67.73119045795464
1027243238,1027243358,0,Havacı Muzaffer Erdönmez Sokağı,residential,101.64374968408615
1027243238,1027243240,0,Teyyareci Nuri Sokağı,residential,76.76387881392931
1027243240,1027243321,0,Menekşe Sokağı,residential,20.01135102086739
1027243245,1027243236,0,Nigar Hanım Sokağı,residential,120.65264849536075
1027243245,1027243232,0,İstanbul Caddesi,secondary,69.62254259022122
1027243271,1027243347,0,İstanbul Caddesi,secondary,30.377401490287877
1027243271,1027243925,0,"['Mehmet Akif Ersoy Sokağı', 'Fidan Sokağı']",residential,422.0250162106295
1027243294,1027243297,0,Pembe Menekşe Sokağı,residential,76.10430464300674
1027243294,1027243667,0,Demiryolu Caddesi,secondary,68.3403022501284
1027243297,1027243430,0,Çiçek Sokağı,residential,69.36653327554978
1027243297,1027243314,0,Pembe Menekşe Sokağı,residential,111.521620102122
1027243314,1027243362,0,İrfaniye Sokağı,residential,71.71228086157677
1027243314,1027243315,0,Pembe Menekşe Sokağı,residential,72.44093380861877
1027243315,1027243449,0,Gazi Evrenos Caddesi,residential,71.65377285179606
1027243315,1027243317,0,Pembe Menekşe Sokağı,residential,114.437139201227
1027243317,1027243358,0,Serbesti Caddesi,secondary,70.28295252970408
1027243317,1027243240,0,Pembe Menekşe Sokağı,residential,102.9866466979384
1027243321,1027243453,0,İstanbul Caddesi,secondary,74.54909106730747
1027243321,13752009287,0,Menekşe Sokağı,residential,47.103568803029376
1027243321,1027243240,0,Menekşe Sokağı,residential,20.01135102086739
1027243331,1027243334,0,Nergis Sokağı,residential,98.88791839135351
1027243334,1027243331,0,Nergis Sokağı,residential,98.88791839135351
1027243334,1027243321,0,İstanbul Caddesi,secondary,67.27061329486293
1027243347,2380938889,0,Papatya Sokağı,residential,126.7013031851069
1027243347,1027243354,0,İstanbul Caddesi,secondary,31.25773733330332
1027243354,1027243238,0,Havacı Muzaffer Erdönmez Sokağı,residential,89.67540154802813
1027243354,1027243334,0,İstanbul Caddesi,secondary,49.03290842399137
1027243358,1027243388,0,Serbesti Caddesi,secondary,70.83144085613716
1027243358,1027243361,0,Havacı Muzaffer Erdönmez Sokağı,residential,115.05913800445968
1027243361,1027243362,0,Havacı Muzaffer Erdönmez Sokağı,residential,72.9976277750656
1027243361,1027243315,0,Gazi Evrenos Caddesi,residential,69.40465286645468
1027243362,1027243365,0,Havacı Muzaffer Erdönmez Sokağı,residential,110.21972061293295
1027243362,1027243382,0,İrfaniye Sokağı,residential,66.90580905455043
1027243365,1027243297,0,Çiçek Sokağı,residential,68.88109783127781
1027243365,1027243367,0,Havacı Muzaffer Erdönmez Sokağı,residential,62.1712808386899
1027243367,1027244937,0,Demiryolu Caddesi,secondary,52.18070009006939
1027243367,1027243378,0,Demiryolu Caddesi,secondary,79.06788028106567
1027243378,1027243382,0,Baharistan Sokağı,residential,143.2367467991816
1027243378,1027243216,0,Demiryolu Caddesi,secondary,77.01677595345592
1027243382,1027243383,0,Baharistan Sokağı,residential,72.32807034414293
1027243382,1027243219,0,İrfaniye Sokağı,residential,76.51977450045624
1027243383,1027243388,0,Baharistan Sokağı,residential,115.40105791520322
1027243383,1027243361,0,Gazi Evrenos Caddesi,residential,68.52367477969908
1027243388,1027243237,0,Baharistan Sokağı,residential,101.90182633858787
1027243388,1027243227,0,Serbesti Caddesi,secondary,71.57209355120902
1027243392,1027243271,0,İstanbul Caddesi,secondary,14.445915872700626
1027243407,1027243410,0,Karanfil Bahçesi Sokağı,residential,113.08794679006672
1027243407,1027243661,0,Fener Caddesi,secondary,32.459318662843735
1027243410,1027243447,0,İrfaniye Sokağı,residential,79.73403055166874
1027243410,1027243411,0,Karanfil Sokağı,residential,70.7094288166878
1027243411,1027243476,0,Gazi Evrenos Caddesi,residential,152.46072071889205
1027243411,1754904429,0,Karanfil Sokağı,residential,114.83083161109587
1027243414,1754904429,0,Serbesti Caddesi,secondary,12.856907981912087
1027243414,1027243640,0,Yeşilköy İstanbul Caddesi,secondary,52.55878834638773
1027243416,1027243919,0,Karanfil Sokağı,residential,72.72943228050205
1027243430,1027243407,0,Çiçek Sokağı,residential,77.72194598819047
1027243430,1027243446,0,Arslan Sokağı,residential,91.61954070087033
1027243446,1027243667,0,Fener Caddesi,secondary,24.17040613406242
1027243447,1027243430,0,Arslan Sokağı,residential,112.2215182697972
1027243447,1027243314,0,İrfaniye Sokağı,residential,68.64283975558736
1027243449,1027243447,0,Arslan Sokağı,residential,72.08073821099302
1027243449,1027243411,0,Gazi Evrenos Caddesi,residential,79.70720619546408
1027243452,1027243449,0,Arslan Sokağı,residential,116.80253050879053
1027243452,1027243317,0,Serbesti Caddesi,secondary,72.7956837703928
1027243453,1027243452,0,Arslan Sokağı,residential,69.61259770483385
1027243453,1027243919,0,İstanbul Caddesi,secondary,99.68571560241638
1027243453,2382977987,0,Arslan Sokağı,residential,66.49704665862033
1027243462,1027924492,0,Ümran Sokağı,residential,73.42611119105337
1027243466,1027256887,0,Gazi Evrenos Caddesi,residential,58.03285015831266
1027243466,1027924435,0,İstasyon Caddesi,secondary,75.79654969716454
1027243476,1027243651,0,Fener Caddesi,secondary,99.39260834528307
1027243476,1027243640,0,Yeşilköy İstanbul Caddesi,residential,132.36133623528235
1027243476,1027243587,0,Fener Caddesi,secondary,91.89992492279089
1027243494,1027256642,0,İstasyon Caddesi,secondary,57.814064833048576
1027243494,1492588309,0,Yeşilköy Halkalı Caddesi,secondary,125.45040379092173
1027243497,1027924435,0,İstasyon Caddesi,secondary,44.14834293399629
1027243497,1027924771,0,İstasyon Caddesi,secondary,14.019836960192878
1027243504,1027924771,0,İstasyon Caddesi,secondary,105.2047353636379
1027243504,1027256926,0,Yeşil Yalı Sokağı,residential,103.69784793300319
1027243582,4519737439,0,Çınarlı Sokağı,residential,72.333728898822
1027243587,1027243837,0,Sahil Yolu Caddesi,secondary,76.14277142135887
1027243587,4519737439,0,Çınarlı Sokağı,residential,52.24587141439697
1027243587,1027243640,0,Yeşilköy İstanbul Caddesi,secondary,158.15003413510496
1027243587,1027243649,0,Fener Caddesi,secondary,133.5800543605191
1027243587,1027243476,0,Fener Caddesi,secondary,91.8999249227909
1027243640,1027243476,0,Yeşilköy İstanbul Caddesi,residential,132.36133623528235
1027243640,1027243587,0,Yeşilköy İstanbul Caddesi,secondary,158.150034135105
1027243640,1027243414,0,Yeşilköy İstanbul Caddesi,secondary,52.55878834638773
1027243649,1027243587,0,Fener Caddesi,secondary,133.5800543605191
1027243651,1027243656,0,Fener Caddesi,secondary,89.10802280394475
1027243651,1027243410,0,İrfaniye Sokağı,residential,90.93421283216666
1027243656,1027243407,0,Fener Caddesi,secondary,55.318477234373304
1027243656,1027243805,0,Başak Sokağı,residential,152.85638752809834
1027243661,1027243446,0,Fener Caddesi,secondary,87.43718827060283
1027243667,2385196610,0,Yeşilyurt İstasyon Caddesi,secondary,120.65700037212152
1027243690,1027243711,0,Yeşilyurt İstasyon Caddesi,secondary,34.214571039097365
1027243690,1026971224,0,,secondary_link,99.39172655666754
1027243711,1027245006,0,Demiryolu Caddesi,secondary,57.70896021949007
1027243738,1027243740,0,Kuşkonmaz Sokağı,residential,14.609537784893151
1027243740,1027243738,0,Kuşkonmaz Sokağı,residential,14.609537784893151
1027243740,1027243752,0,Kuşkonmaz Sokağı,residential,117.74231316322172
1027243740,1027244013,0,Sahil Yolu Caddesi,residential,269.0758418450675
1027243752,4519705613,0,Kuşkonmaz Sokağı,residential,50.60678091219839
1027243752,4519705612,0,Kuşkonmaz Sokağı,residential,89.18044005021967
1027243752,1027243740,0,Kuşkonmaz Sokağı,residential,117.74231316322172
1027243767,1027243792,0,Süsen Sokağı,residential,256.1320367459172
1027243767,1027243792,1,Sahil Yolu Caddesi,secondary,37.232511290528535
1027243767,1027243893,0,Sahil Yolu Caddesi,secondary,80.87003086599077
1027243792,1027243767,0,Süsen Sokağı,residential,256.1320367459172
1027243792,1027243767,1,Sahil Yolu Caddesi,secondary,37.232511290528535
1027243792,1027243800,0,Sahil Yolu Caddesi,secondary,89.02926910976538
1027243800,3968165741,0,Sahil Yolu Caddesi,secondary,74.99926808651267
1027243800,1027243792,0,Sahil Yolu Caddesi,secondary,89.02926910976538
1027243802,1027243800,0,Orkide Caddesi,residential,173.7508941477867
1027243802,1027243849,0,Ürgüplü Caddesi,secondary,82.095277746441
1027243805,1027243802,0,Orkide Caddesi,residential,94.73516366059394
1027243805,1027244162,0,Başak Sokağı,residential,178.57086514279538
1027243807,1027243805,0,Orkide Caddesi,residential,90.00924838993336
1027243807,1027243661,0,Ekin Sokağı,residential,145.5626572420283
1027243827,1027243849,0,Demet Sokağı,residential,48.57785258261358
1027243827,1027243837,0,Demet Sokağı,residential,138.41857913065107
1027243827,3968165741,0,Demet Sokağı,residential,139.8441043428617
1027243837,1027243827,0,Demet Sokağı,residential,138.41857913065107
1027243837,1027243587,0,Sahil Yolu Caddesi,secondary,76.14277142135887
1027243837,3968165741,0,Sahil Yolu Caddesi,secondary,31.08669094383968
1027243849,1027243827,0,Demet Sokağı,residential,48.57785258261358
1027243849,1027243651,0,Ürgüplü Caddesi,secondary,85.45818211652312
1027243873,9046101954,0,,secondary_link,10.616007790771217
1027243873,1027244986,0,Yeşilyurt İstasyon Caddesi,secondary,140.25086228845734
1027243884,1027244162,0,Sipahioğlu Caddesi,secondary,87.59954336707773
1027243884,2382982579,0,Ekin Sokağı,residential,46.30457687234524
1027243884,1027244168,0,Sipahioğlu Caddesi,secondary,104.00398414462826
1027243890,1027244016,0,Sahil Yolu Caddesi,residential,90.20170814022286
1027243890,1027243893,0,Sahil Yolu Caddesi,secondary,14.605516956695626
1027243890,1027244144,0,Sipahioğlu Caddesi,secondary,160.5264794589696
1027243893,1027243890,0,Sahil Yolu Caddesi,secondary,14.605516956695626
1027243893,1027243767,0,Sahil Yolu Caddesi,secondary,80.87003086599077
1027243919,1027243414,0,İstanbul Caddesi,secondary,13.46272803075814
1027243919,1027243416,0,Karanfil Sokağı,residential,72.72943228050205
1027243925,1027243392,0,İstanbul Caddesi,secondary,51.134913572817155
1027243960,8880083822,0,İstanbul Caddesi,secondary,12.667577706111754
1027243960,1027924248,0,İstanbul Caddesi,secondary,144.86263238427466
1027243966,8880083822,0,Yeşil Yalı Sokağı,residential,28.47891637743482
1027243966,1027243960,0,Yeşil Yalı Sokağı,residential,27.026011520836807
1027244013,1027244016,0,Sahil Yolu Caddesi,residential,30.42669951658626
1027244013,1027243740,0,Sahil Yolu Caddesi,residential,269.07584184506754
1027244013,1027244032,0,Pıtrak Sokağı,residential,105.67884660780145
1027244016,1027243890,0,Sahil Yolu Caddesi,residential,90.20170814022286
1027244016,1027244013,0,Sahil Yolu Caddesi,residential,30.42669951658626
1027244016,1027244032,0,Pıtrak Sokağı,residential,110.48173016420147
1027244032,1027244048,0,Pıtrak Sokağı,residential,48.29248605628755
1027244032,1027244016,0,Pıtrak Sokağı,residential,110.48173016420147
1027244032,1027244013,0,Pıtrak Sokağı,residential,105.67884660780145
1027244048,1027244032,0,Pıtrak Sokağı,residential,48.29248605628755
1027244048,1027244144,0,Ürgüplü Caddesi,residential,104.94904715979754
1027244084,1027243884,0,Ekin Sokağı,residential,44.06619652933592
1027244084,2382982581,0,Turgut Reis Sokağı,residential,96.77740573972487
1027244090,1027244252,0,Güçlü Sokağı,residential,90.84965708994284
1027244090,1027244084,0,Ekin Sokağı,residential,129.50021062208071
1027244092,1027244233,0,Pelin Sokağı,residential,94.60646895691724
1027244092,1027244090,0,Ekin Sokağı,residential,27.830893999358228
1027244144,1027244162,0,Sipahioğlu Caddesi,secondary,94.36861764754434
1027244144,1027243802,0,Ürgüplü Caddesi,secondary,187.78941106816131
1027244144,1027243893,0,Sipahioğlu Caddesi,secondary,159.68273050511888
1027244162,1027244144,0,Sipahioğlu Caddesi,secondary,94.36861764754434
1027244162,1027243884,0,Sipahioğlu Caddesi,secondary,87.59954336707773
1027244162,1027244252,0,Başak Sokağı,residential,162.60852994991274
1027244168,1027243873,0,Sipahioğlu Caddesi,secondary,9.654328765485083
1027244168,2382982581,0,Yeşilyurt İstasyon Caddesi,secondary,44.48000665138737
1027244209,2385258241,0,,secondary_link,9.203545497116655
1027244209,1026971426,0,Yeşilyurt İstasyon Caddesi,secondary,519.9193334094466
1027244213,1027244209,0,,residential,27.941718871722394
1027244213,1027244233,0,,residential,22.390931684474065
1027244213,1027244893,0,,residential,90.16525105306684
1027244225,1027244092,0,Pelin Sokağı,residential,93.96459186368311
1027244225,1027244252,0,Başak Sokağı,residential,15.230054929762161
1027244225,1027244278,0,Başak Sokağı,residential,91.40228687847352
1027244233,1027244213,0,,residential,22.390931684474065
1027244252,1027244225,0,Başak Sokağı,residential,15.230054929762161
1027244252,2385196617,0,Güçlü Sokağı,residential,90.19456370951906
1027244258,1027244090,0,Güçlü Sokağı,residential,96.81485982470532
1027244258,1027244233,0,,residential,39.08172461964751
1027244258,1027244209,0,Yeşilyurt İstasyon Caddesi,secondary,53.40424019514579
1027244278,8880083835,0,Başak Sokağı,residential,121.9693810160194
1027244278,2385196617,0,Ürgüplü Caddesi,residential,33.04319759005474
1027244278,1027244225,0,Başak Sokağı,residential,91.40228687847352
1027244343,1027257010,0,Hareket Ordusu Caddesi,residential,73.53342384645104
1027244343,1027257114,0,Hareket Ordusu Caddesi,residential,44.91988903867498
1027244854,1027256716,0,Yeşilköy Halkalı Caddesi,secondary,9.717391329528668
1027244893,1027244213,0,,residential,90.16525105306684
1027244937,1027243294,0,Demiryolu Caddesi,secondary,16.13170618012687
1027244963,2385258236,0,,secondary_link,16.737929075975064
1027244963,2385258237,0,Yeşilyurt İstasyon Caddesi,secondary,26.06390370128395
1027244986,2385196613,0,Yeşilyurt İstasyon Caddesi,secondary,15.20402286353334
1027244986,2385196612,0,,secondary_link,18.494563318608776
1027245006,1027244937,0,,secondary_link,16.803142641528357
1027245006,1027243367,0,Demiryolu Caddesi,secondary,52.69806078667167
1027256583,1027256586,0,Çekmece Caddesi,secondary,44.87100871685445
1027256583,1027256720,0,Yeşilköy Halkalı Caddesi,secondary,210.5485326207767
1027256586,1027924805,0,Çekmece Caddesi,secondary,36.30149907119147
1027256635,1027256586,0,Emrullah Efendi Sokağı,residential,113.99632389111703
1027256635,1027256664,0,Köse Raif Paşa Sokağı,residential,50.76344113445384
1027256635,8875825619,0,Köse Raif Paşa Sokağı,residential,137.47002335616642
1027256642,1027243466,0,İstasyon Caddesi,secondary,69.89133489795925
1027256642,1492588307,0,Mahmut Şevket Paşa Caddesi,residential,103.21968164417235
1027256645,2380830091,0,Dört Kardeşler Sokağı,residential,57.59669482845653
1027256645,1027256646,0,,residential,10.001598789498102
1027256646,1027256722,0,Dört Kardeşler Sokağı,residential,63.764947192698145
1027256646,1027256645,0,,residential,10.001598789498102
1027256664,1027256635,0,Köse Raif Paşa Sokağı,residential,50.76344113445384
1027256664,1027256739,0,Köse Raif Paşa Sokağı,residential,84.8487112023171
1027256667,1027256739,0,Yeşilköy Halkalı Caddesi,secondary,85.68336299558763
1027256667,4979278177,0,,trunk_link,88.88598149434966
1027256667,1027256664,0,Köse Raif Paşa Sokağı,residential,42.68375730977544
1027256671,1027174754,0,,trunk_link,170.84713781943373
1027256671,4979278177,0,,trunk_link,153.90775497175855
1027256715,1027243462,0,Ümran Sokağı,residential,34.10447346485326
1027256715,1027924371,0,Dört Kardeşler Sokağı,residential,113.13041790027326
1027256716,1027256720,0,Dört Kardeşler Sokağı,residential,9.520383982161885
1027256716,6761742240,0,Yeşilköy Halkalı Caddesi,secondary,197.8994584095108
1027256720,1027256646,0,Dört Kardeşler Sokağı,residential,57.794048434889376
1027256720,2380830091,0,,residential,9.4359386830499
1027256722,8880083834,0,Ümran Sokağı,residential,8.776704082424004
1027256739,1027256783,0,Yeşilköy Halkalı Caddesi,secondary,10.666533992848096
1027256783,1027256583,0,,secondary,29.05632549469199
1027256783,6761742242,0,,trunk_link,25.98366001807953
1027256821,1027257010,0,Gazi Evrenos Caddesi,residential,51.978419322982404
1027256823,1027256952,0,Serbesti Caddesi,secondary,60.07878549741469
1027256823,1027256821,0,Andelip Sokağı,residential,108.28841701823912
1027256824,1027256962,0,Salihiye Sokağı,residential,63.614126187719435
1027256824,1027256823,0,Andelip Sokağı,residential,81.00052310426112
1027256826,1027256835,0,Akanber Sokağı,residential,69.09489019582986
1027256826,1027256824,0,Andelip Sokağı,residential,58.406830241974596
1027256828,1027256826,0,Andelip Sokağı,residential,69.20478929690552
1027256828,1027243196,0,İstanbul Caddesi,secondary,153.40662961848645
1027256835,1027256826,0,Akanber Sokağı,residential,69.09489019582986
1027256835,1027256967,0,14 Nisan Caddesi,residential,56.89975321133789
1027256847,1027256849,0,Sait Faik Abasıyanık Sokağı,residential,43.03412701615958
1027256849,1027256890,0,Serbesti Caddesi,secondary,42.13871701981835
1027256849,1027256847,0,Sait Faik Abasıyanık Sokağı,residential,43.03412701615958
1027256867,1027256947,0,Gazi Evrenos Caddesi,residential,63.07369759691056
1027256870,1027256849,0,Serbesti Caddesi,secondary,17.12492746155909
1027256870,1027256867,0,Yakutçu Sokağı,residential,109.08963180174817
1027256887,1027256890,0,Zümrüt Sokağı,residential,109.19282704975295
1027256887,1027256867,0,Gazi Evrenos Caddesi,residential,61.496099717813735
1027256890,1027257140,0,Serbesti Caddesi,secondary,24.09425734602388
1027256908,1027256835,0,14 Nisan Caddesi,residential,31.726760321941004
1027256908,1027256919,0,Bestekar Osman Nihat Akın Sokağı,residential,148.21554551529144
1027256919,1027257131,0,Endaze Sokağı,residential,109.22203234934894
1027256919,1027256926,0,Bestekar Osman Nihat Akın Sokağı,residential,73.98073131986546
1027256926,1027243966,0,Yeşil Yalı Sokağı,residential,20.07825107654296
1027256938,1027243494,0,Demiryolu Caddesi,secondary,167.5449948685266
1027256941,1027256938,0,Albay Salim İlkuçan Sokağı,residential,115.99134802273045
1027256941,1027256821,0,Gazi Evrenos Caddesi,residential,20.046819385372917
1027256947,1027256952,0,14 Nisan Caddesi,residential,109.09302166337963
1027256947,1027256941,0,Gazi Evrenos Caddesi,residential,39.87420879942432
1027256952,1027256870,0,Serbesti Caddesi,secondary,59.44869652855926
1027256952,1027256962,0,14 Nisan Caddesi,residential,86.30538926420175
1027256962,1027256908,0,14 Nisan Caddesi,residential,25.455427872191912
1027256967,1027256828,0,İstanbul Caddesi,secondary,76.80022479799842
1027256973,1027256824,0,Salihiye Sokağı,residential,50.63159354203259
1027256976,1027243198,0,Saadetli Sokağı,residential,49.49601036849972
1027256976,1027256973,0,Salihiye Sokağı,residential,119.69490065538596
1027257010,1027257106,0,Hareket Ordusu Caddesi,residential,115.29516786587223
1027257010,1027244343,0,Hareket Ordusu Caddesi,residential,73.53342384645104
1027257010,1027243199,0,Gazi Evrenos Caddesi,residential,121.26272776912522
1027257035,1027924158,0,İstasyon Caddesi,secondary,50.160726894986595
1027257035,1027924339,0,Çekmece Caddesi,secondary,60.80686612400787
1027257044,1027924142,0,Naima Sokağı,residential,84.08565900591734
1027257106,1027256823,0,Serbesti Caddesi,secondary,52.26020063781211
1027257106,1027256973,0,Hareket Ordusu Caddesi,residential,70.12636017743841
1027257114,1027256938,0,Demiryolu Caddesi,secondary,70.75651965211588
1027257114,1027244343,0,Hareket Ordusu Caddesi,residential,44.91988903867498
1027257131,1027243504,0,Yeşil Zeytin Sokağı,residential,78.14941118281759
1027257140,1027243497,0,Serbesti Caddesi,secondary,84.09139119180352
1027257140,1027257131,0,Yeşil Zeytin Sokağı,residential,93.62067223485437
1027923680,1027923706,0,1. İnönü Caddesi,secondary,122.91190164794527
1027923680,11652894520,0,1. İnönü Caddesi,secondary,118.70643278913596
1027923706,1027923680,0,1. İnönü Caddesi,secondary,122.91190164794527
1027923730,1027923731,0,Çekmece Yolu Caddesi,secondary,153.70241375160245
1027923730,1027923750,0,"['Düzgün Sokağı', 'Yüksel Sokağı']",residential,262.1549067795273
1027923730,2244990998,0,Çekmece Yolu Caddesi,secondary,158.68776098045115
1027923731,1027923732,0,Çekmece Yolu Caddesi,secondary,68.97945858585634
1027923731,1027923736,0,Yaprak Sokağı,residential,64.07909158296187
1027923732,1027923739,0,Nur Sokağı,residential,69.53614535922158
1027923732,1027923735,0,Çekmece Yolu Caddesi,secondary,109.51490247795289
1027923735,1033539782,0,Ekşi Nar Sokağı,residential,120.36084042703672
1027923735,1027923740,0,Ekşi Nar Sokağı,residential,61.79172400188485
1027923736,1027923739,0,Yaprak Sokağı,residential,61.62872258359572
1027923736,1027923731,0,Yaprak Sokağı,residential,64.07909158296187
1027923736,1027923759,0,Bakış Sokağı,residential,146.92961183331093
1027923739,1027923740,0,Yaprak Sokağı,residential,105.60062186406098
1027923739,1027923742,0,Nur Sokağı,residential,69.88504972969213
1027923739,1027923732,0,Nur Sokağı,residential,69.53614535922158
1027923739,1027923736,0,Yaprak Sokağı,residential,61.62872258359572
1027923740,1027923739,0,Yaprak Sokağı,residential,105.60062186406098
1027923740,1027923735,0,Ekşi Nar Sokağı,residential,61.79172400188485
1027923740,1027923937,0,Ekşi Nar Sokağı,residential,64.44103849413098
1027923740,8884099807,0,Hanımeli Sokağı,residential,48.92091803697496
1027923742,1027923739,0,Nur Sokağı,residential,69.88504972969213
1027923742,1027923939,0,Yeni Bağlar Sokağı,residential,114.24954551134655
1027923743,1027923747,0,Yan Sokağı,residential,214.8521365529877
1027923747,1027923789,0,Çekmece Yolu Caddesi,secondary,106.034337822278
1027923747,1027923743,0,Yan Sokağı,residential,214.8521365529877
1027923750,1027923751,0,Ertürk Sokağı,residential,106.92446817491727
1027923750,1027923761,0,Hürriyet Caddesi,secondary,90.97848542734887
1027923750,1027923759,0,Hürriyet Caddesi,secondary,27.234398626139317
1027923750,1027923730,0,"['Düzgün Sokağı', 'Yüksel Sokağı']",residential,262.1549067795273
1027923751,1027923750,0,Ertürk Sokağı,residential,106.92446817491727
1027923751,1027923757,0,Billur Sokağı,residential,57.453395450914904
1027923751,1027923788,0,Billur Sokağı,residential,64.06856179235346
1027923756,1027923757,0,Ayar Sokağı,residential,106.81345718128752
1027923756,1027923759,0,Hürriyet Caddesi,secondary,34.34953819064816
1027923756,1027923939,0,Hürriyet Caddesi,secondary,61.69094050435472
1027923757,1027923756,0,Ayar Sokağı,residential,106.81345718128752
1027923757,1027923786,0,Billur Sokağı,residential,66.72121387962409
1027923757,1027923751,0,Billur Sokağı,residential,57.453395450914904
1027923759,1027923750,0,Hürriyet Caddesi,secondary,27.234398626139317
1027923759,1027923756,0,Hürriyet Caddesi,secondary,34.34953819064816
1027923759,1027923736,0,Bakış Sokağı,residential,146.92961183331093
1027923761,1027923762,0,Tarımcılar Sokağı,residential,106.76801679512457
1027923761,1027923971,0,Hürriyet Caddesi,secondary,80.69905561147871
1027923761,1027923750,0,Hürriyet Caddesi,secondary,90.97848542734887
1027923762,1027923761,0,Tarımcılar Sokağı,residential,106.76801679512457
1027923762,1027923788,0,Billur Sokağı,residential,31.984911337586446
1027923762,1027923789,0,Billur Sokağı,residential,55.674716586394084
1027923770,1027923939,0,Hürriyet Caddesi,secondary,64.50234565671059
1027923770,1027923778,0,Hürriyet Caddesi,secondary,6.76448819145664
1027923770,1027174384,0,Selvi Sokağı,residential,214.9418729173517
1027923778,1027923770,0,Hürriyet Caddesi,secondary,6.76448819145664
1027923778,1027923862,0,Hürriyet Caddesi,secondary,52.30855838369257
1027923778,1027923781,0,Ay Sokağı,residential,155.72054845046713
1027923781,1027923937,0,Ekşi Nar Sokağı,residential,76.4470122894877
1027923781,1027923874,0,Ekşi Nar Sokağı,residential,16.041487720884614
1027923781,1027923778,0,Ay Sokağı,residential,155.72054845046713
1027923783,1027923937,0,Yeni Bağlar Yolu,residential,104.5089723610285
1027923783,1033539785,0,Erdemli Sokağı,residential,242.55066506481884
1027923783,1027923935,0,Yeni Bağlar Yolu,residential,92.82881251806654
1027923786,1027923940,0,Yeni Bağlar Sokağı,residential,108.71270705192288
1027923786,1027923757,0,Billur Sokağı,residential,66.72121387962409
1027923788,1027923798,0,Özgen Sokağı,residential,118.70092947929328
1027923788,1027923751,0,Billur Sokağı,residential,64.06856179235346
1027923788,1027923762,0,Billur Sokağı,residential,31.984911337586446
1027923789,1027923762,0,Billur Sokağı,residential,55.674716586394084
1027923789,1027923971,0,Çekmece Yolu Caddesi,secondary,113.66792028471995
1027923798,1033540437,0,Florya Caddesi,secondary,24.590601187442633
1027923798,1027174386,0,Florya Caddesi,secondary,84.58135503064788
1027923801,1027923922,0,Ekşi Nar Sokağı,residential,103.01495745837583
1027923801,1027923804,0,,secondary_link,7.878392813103
1027923804,4976726889,0,,secondary_link,8.160212392907162
1027923804,1027923891,0,Hürriyet Caddesi,secondary,239.20123602587188
1027923819,1027923897,0,Ekşi Nar Sokağı,residential,81.65736588573571
1027923819,1027923829,0,,secondary_link,10.37274975669935
1027923829,1027923801,0,,secondary_link,10.431509825290426
1027923829,1027923855,0,Hürriyet Caddesi,secondary,51.05739017992874
1027923836,12582488652,0,Çevre Sokağı,residential,176.33652087911517
1027923841,8887329249,0,Yeşilköy Caddesi,trunk,771.1858573238057
1027923855,1027923862,0,Hürriyet Caddesi,secondary,59.22204259448132
1027923855,1027923829,0,Hürriyet Caddesi,secondary,51.05739017992874
1027923857,1027923855,0,Vişneli Sokağı,residential,215.14877573272847
1027923857,1027924611,0,Florya Caddesi,secondary,63.6417041734015
1027923857,1027923863,0,Florya Caddesi,secondary,61.17416320730601
1027923862,1027923863,0,Gümüş Sokağı,residential,214.95416284457295
1027923862,1027923778,0,Hürriyet Caddesi,secondary,52.30855838369257
1027923862,1027923855,0,Hürriyet Caddesi,secondary,59.22204259448132
1027923863,1027923862,0,Gümüş Sokağı,residential,214.95416284457295
1027923863,1027924575,0,Florya Caddesi,secondary,27.396605184806866
1027923863,1027923857,0,Florya Caddesi,secondary,61.17416320730601
1027923874,1027923876,0,Mercan Sokağı,residential,107.65409021767711
1027923874,1027923781,0,Ekşi Nar Sokağı,residential,16.041487720884614
1027923874,1027923897,0,Ekşi Nar Sokağı,residential,59.95415401517943
1027923876,1027923874,0,Mercan Sokağı,residential,107.65409021767711
1027923876,1027923879,0,Akasya Sokağı,residential,58.66897585552286
1027923876,4977262023,0,Akasya Sokağı,residential,27.109808461820684
1027923879,1027923897,0,İncir Sokağı,residential,107.90054274595259
1027923879,2380763662,0,Akasya Sokağı,residential,27.9073609490893
1027923879,1027923876,0,Akasya Sokağı,residential,58.66897585552286
1027923880,2380763662,0,Akasya Sokağı,residential,59.06836947719608
1027923880,2380763662,1,"['Cevizli Sokağı', 'Yunus Emre Sokağı']",residential,191.8429042886329
1027923880,4976726889,0,Cevizli Sokağı,residential,100.944755130025
1027923880,1027923891,0,Akasya Sokağı,residential,231.25928860336992
1027923889,11575208050,0,Yeşilköy Caddesi,trunk,19.145757741212286
1027923889,1027923891,0,Hürriyet Caddesi,secondary,39.988777713803636
1027923891,1027923804,0,Hürriyet Caddesi,secondary,239.2012360258719
1027923897,1027923879,0,İncir Sokağı,residential,107.90054274595259
1027923897,1027923874,0,Ekşi Nar Sokağı,residential,59.95415401517943
1027923897,1027923819,0,Ekşi Nar Sokağı,residential,81.65736588573571
1027923922,1027923801,0,Ekşi Nar Sokağı,residential,103.01495745837583
1027923922,1027924611,0,Ekşi Nar Sokağı,residential,109.00700321758443
1027923922,1027923891,0,Buket Sokağı,residential,227.3266265372227
1027923930,1020937365,0,D-100 Güney Yanyolu,primary,58.60793858648021
1027923935,1027923930,0,Yeni Bağlar Yolu,residential,52.81079830600881
1027923935,2370491674,0,,residential,127.55646128736487
1027923935,1027923783,0,Yeni Bağlar Yolu,residential,92.82881251806654
1027923937,1027923783,0,Yeni Bağlar Yolu,residential,104.5089723610285
1027923937,1027923742,0,Yeni Bağlar Sokağı,residential,105.4281402715609
1027923937,1027923740,0,Ekşi Nar Sokağı,residential,64.44103849413098
1027923937,1027923781,0,Ekşi Nar Sokağı,residential,76.4470122894877
1027923939,1027923756,0,Hürriyet Caddesi,secondary,61.69094050435472
1027923939,1027923770,0,Hürriyet Caddesi,secondary,64.50234565671059
1027923939,1027923786,0,Yeni Bağlar Sokağı,residential,104.69636240431105
1027923940,1027924576,0,Florya Caddesi,secondary,31.845954753306316
1027923940,1027924585,0,Florya Caddesi,secondary,25.093586683915422
1027923958,1027923935,0,,residential,46.06071246203089
1027923958,1027923930,0,D-100 Güney Yanyolu,primary,73.91475385905052
1027923964,13341072689,0,Şehit Muammer Yüzsüren Sokağı,residential,32.308857843249925
1027923964,8884099780,0,11. Sokak,tertiary,187.58409397791627
1027923964,13704296865,0,,tertiary,53.93500774650052
1027923971,1027923730,0,Çekmece Yolu Caddesi,secondary,103.1230914824275
1027923971,1027923761,0,Hürriyet Caddesi,secondary,80.69905561147871
1027923993,2385236888,0,,secondary_link,57.02879390027915
1027923993,2385236873,0,Yeşilköy Halkalı Caddesi,secondary,56.41631983733973
1027924055,1033540438,0,Akın Sokağı,residential,101.05209983854921
1027924055,1033540474,0,Cami Girişi Sokağı,residential,75.15787955237741
1027924055,2244990994,0,Cami Girişi Sokağı,residential,66.02195005185891
1027924055,1033540441,0,Akın Sokağı,residential,229.2150284327757
1027924074,2246163677,0,,unclassified,334.1283289017659
1027924074,1027924082,0,,secondary_link,59.89863615368182
1027924075,1027924074,0,,secondary_link,53.18170560445304
1027924075,1027924082,0,Yeşilköy Halkalı Caddesi,secondary,69.05606685483721
1027924082,1027924617,0,Yeşilköy Halkalı Caddesi,secondary,248.35137184867142
1027924137,1027924143,0,İnci Çiçeği Sokağı,residential,41.0224319815609
1027924137,2385196543,0,Havan Sokağı,residential,43.424706800034954
1027924142,1027924137,0,Havan Sokağı,residential,135.44035565791503
1027924142,1027257035,0,Naima Sokağı,residential,111.61178256879933
1027924143,1027924144,0,Kalemkar Sokağı,residential,30.480457894336258
1027924143,1027924161,0,İnci Çiçeği Sokağı,residential,54.660731242968126
1027924144,1027924143,0,Kalemkar Sokağı,residential,30.480457894336258
1027924144,1027924157,0,Mirasyedi Sokağı,residential,29.4643089680153
1027924152,1027924153,0,Cümbüş Sokağı,residential,17.259669056247894
1027924152,1027257035,0,Köy Çeşmesi Sokağı,residential,55.5818686167729
1027924152,1027924161,0,Mirasyedi Sokağı,residential,18.519739330200743
1027924153,1027924159,0,Cümbüş Sokağı,residential,17.26630305529119
1027924153,1027924152,0,Cümbüş Sokağı,residential,17.259669056247894
1027924153,2380830059,0,Çamözü Sokağı,residential,56.33533479928989
1027924156,1027924160,0,Yeşilköy Rıhtım Sokağı,residential,37.34375551309166
1027924156,1027924157,0,Çamözü Sokağı,residential,20.104709165090554
1027924157,11557272195,0,Liman Sokağı,residential,23.99669538743316
1027924157,1027924156,0,Çamözü Sokağı,residential,20.104709165090554
1027924158,1027924159,0,Yeşilbahçe Sokağı,residential,62.7377295556422
1027924158,1027924243,0,İstasyon Caddesi,secondary,45.3520489073124
1027924159,1027924206,0,Cümbüş Sokağı,residential,50.404145680126476
1027924159,1027924153,0,Cümbüş Sokağı,residential,17.26630305529119
1027924160,11557272196,0,Yeşilköy İskele Caddesi,secondary,8.048496221432048
1027924160,8880083825,0,Yeşilköy İskele Caddesi,secondary,129.99926809972345
1027924161,1027924144,0,Mirasyedi Sokağı,residential,34.10337005922279
1027924161,1027924152,0,Mirasyedi Sokağı,residential,18.519739330200743
1027924206,2385196565,0,Yeşilköy İskele Caddesi,secondary,9.9511672647654
1027924206,1027924159,0,Cümbüş Sokağı,residential,50.404145680126476
1027924206,1027924248,0,Yeşilköy İskele Caddesi,secondary,36.29011761512027
1027924210,1027924343,0,Hilmi Naili Sokağı,residential,74.9748602962802
1027924210,4966123087,0,Bestekar İzzet Efendi Sokağı,residential,134.44805727946255
1027924210,1027924769,0,Ziya Erdem Caddesi,residential,170.2265697565344
1027924214,1027924306,0,Çarkçı Halim Emin Sokağı,residential,76.78383084590536
1027924214,1027924323,0,Çarkçı Halim Emin Sokağı,residential,56.75502999354854
1027924222,1027924223,0,Hamdullah Suphi Tanrıöver Sokağı,residential,57.775468852138445
1027924223,1027924222,0,Hamdullah Suphi Tanrıöver Sokağı,residential,57.775468852138445
1027924223,1027924362,0,Hamdullah Suphi Tanrıöver Sokağı,residential,127.68705178328695
1027924223,1027924750,0,Hamdullah Suphi Tanrıöver Sokağı,residential,253.95604759269372
1027924234,1027924236,0,Muharrem Aktan Sokağı,residential,98.99314417088834
1027924236,1027924234,0,Muharrem Aktan Sokağı,residential,98.99314417088834
1027924236,1027924776,0,Naima Sokağı,residential,68.74988351567326
1027924243,1027924365,0,İstasyon Caddesi,secondary,48.48614028566384
1027924248,8880083825,0,Yeşilköy İskele Caddesi,secondary,15.98967418061052
1027924248,1027924206,0,Yeşilköy İskele Caddesi,secondary,36.29011761512027
1027924267,1027924269,0,,residential,172.71124390094494
1027924267,1027924306,0,Şaban Acar Sokağı,residential,122.72781653302705
1027924267,1027924356,0,Derviş Manizade Sokağı,residential,136.71132645603336
1027924269,1027924273,0,,residential,75.50067636546717
1027924269,1027924273,1,Naima Sokağı,residential,293.59281080972465
1027924269,1027924267,0,,residential,172.71124390094494
1027924269,1027924765,0,Naima Sokağı,residential,108.9596876030111
1027924273,1027924269,0,,residential,75.50067636546717
1027924273,1027924269,1,Naima Sokağı,residential,293.5928108097247
1027924273,8875766408,0,,residential,214.15701166111975
1027924303,1027924306,0,Şaban Acar Sokağı,residential,65.49832174655562
1027924303,1027924354,0,,residential,11.188787669114957
1027924306,1027924303,0,Şaban Acar Sokağı,residential,65.49832174655562
1027924306,1027924214,0,Çarkçı Halim Emin Sokağı,residential,76.78383084590536
1027924306,1027924267,0,Şaban Acar Sokağı,residential,122.72781653302704
1027924323,1027924766,0,Ziya Erdem Caddesi,residential,141.9774927761244
1027924323,1027924765,0,Çarkçı Halim Emin Sokağı,residential,10.199883656990684
1027924323,1027924214,0,Çarkçı Halim Emin Sokağı,residential,56.75502999354854
1027924339,1027924769,0,Çekmece Caddesi,secondary,73.2478425346291
1027924343,1027257044,0,Hilmi Naili Sokağı,residential,73.87250071946981
1027924343,1027924339,0,Murat Cankat Sokağı,residential,182.20379054061246
1027924350,1027924351,0,Uçan Sokağı,residential,52.59422199984876
1027924350,1027924366,0,Çekmece Caddesi,secondary,31.00524457724933
1027924351,1027924355,0,,residential,40.11219706417045
1027924351,1027924852,0,Uçan Sokağı,residential,80.17971531604924
1027924354,1027924356,0,,residential,53.25270923054195
1027924355,1027924351,0,,residential,40.11219706417045
1027924356,1027924267,0,Derviş Manizade Sokağı,residential,136.71132645603336
1027924356,1027924362,0,Mahir Gürlek Sokağı,residential,104.33630961086456
1027924362,1027924854,0,Hamdullah Suphi Tanrıöver Sokağı,residential,82.17114417164319
1027924362,1027924223,0,Hamdullah Suphi Tanrıöver Sokağı,residential,127.68705178328693
1027924364,1027924365,0,Sait Kesler Sokağı,residential,98.68742127113309
1027924364,1027924414,0,Bostan Sokağı,residential,8.39544457470776
1027924365,1027924364,0,Sait Kesler Sokağı,residential,98.68742127113309
1027924365,1027924501,0,İstasyon Caddesi,secondary,42.78825926272869
1027924366,1027924367,0,Güvercin Sokağı,residential,91.6466179729501
1027924366,1027924733,0,Çekmece Caddesi,secondary,69.28775539202022
1027924367,1027924368,0,Güvercin Sokağı,residential,63.59400154294667
1027924367,1027924366,0,Güvercin Sokağı,residential,91.6466179729501
1027924367,1027924370,0,Sübyan Mektebi Sokağı,residential,21.576673845177567
1027924368,1027924367,0,Güvercin Sokağı,residential,63.59400154294667
1027924368,1027924426,0,Doğruyol Sokağı,residential,60.20428414898332
1027924369,1027924350,0,Çekmece Caddesi,secondary,10.833973039716211
1027924369,1027924370,0,Bıldırcın Sokağı,residential,92.36334904405375
1027924370,1027924369,0,Bıldırcın Sokağı,residential,92.36334904405375
1027924370,1027924446,0,Sübyan Mektebi Sokağı,residential,44.04909471963962
1027924371,1027256715,0,Dört Kardeşler Sokağı,residential,113.13041790027326
1027924371,1027924419,0,Orhan Gazi Sokağı,residential,42.525084837868285
1027924371,1027924381,0,Orhan Gazi Sokağı,residential,12.036035005883635
1027924381,1027924386,0,Keklik Sokağı,residential,84.3600173317392
1027924381,1027924371,0,Orhan Gazi Sokağı,residential,12.036035005883635
1027924381,1027924444,0,Orhan Gazi Sokağı,residential,57.3392558109622
1027924386,1027924381,0,Keklik Sokağı,residential,84.3600173317392
1027924386,1027924364,0,Bostan Sokağı,residential,47.72600497710649
1027924396,2244746366,0,Çatal Sokağı,secondary,40.438091396454546
1027924396,2244746403,0,Çatal Sokağı,secondary,123.73159249096274
1027924414,1027924419,0,Doğruyol Sokağı,residential,86.02471303067163
1027924414,1027924473,0,Bostan Sokağı,residential,65.55283748400697
1027924419,1027924446,0,Orhan Gazi Sokağı,residential,67.25470554213403
1027924419,1027924371,0,Orhan Gazi Sokağı,residential,42.525084837868285
1027924419,1027924368,0,Doğruyol Sokağı,residential,61.38483506289722
1027924426,1027256722,0,Ümran Sokağı,residential,36.59948250156069
1027924435,2380932369,0,Orhan Gazi Sokağı,residential,65.64086794790805
1027924435,1027243466,0,İstasyon Caddesi,secondary,75.79654969716454
1027924435,1027243497,0,İstasyon Caddesi,secondary,44.14834293399629
1027924444,2380932369,0,Orhan Gazi Sokağı,residential,52.07600656995763
1027924444,1027924500,0,Seyit Ali Sokağı,residential,88.86092317223486
1027924444,1027924381,0,Orhan Gazi Sokağı,residential,57.3392558109622
1027924446,1027924473,0,Sübyan Mektebi Sokağı,residential,80.08696985161443
1027924446,1027924419,0,Orhan Gazi Sokağı,residential,67.25470554213403
1027924470,1027924367,0,Sübyan Mektebi Sokağı,residential,61.303469948102375
1027924470,1027924426,0,Ümran Sokağı,residential,61.19511559478853
1027924473,1027924769,0,Bostan Sokağı,residential,72.12553193037257
1027924487,1027924490,0,Seyit Ali Sokağı,residential,63.60908700322345
1027924487,1492588311,0,Yeşilköy Halkalı Caddesi,secondary,67.35689713951227
1027924490,1492588310,0,Mahmut Şevket Paşa Caddesi,residential,68.26775298577694
1027924490,1027924492,0,Seyit Ali Sokağı,residential,64.21872781207504
1027924492,1492588312,0,Ümran Sokağı,residential,72.16157549659309
1027924492,1027924444,0,Seyit Ali Sokağı,residential,73.67501179617402
1027924500,1027924386,0,Bostan Sokağı,residential,27.48809207650117
1027924500,1027924501,0,Seyit Ali Sokağı,residential,90.73821920470314
1027924501,1027243504,0,İstasyon Caddesi,secondary,45.458465539220285
1027924520,1027924525,0,1. İnönü Caddesi,secondary,100.42978320363952
1027924520,1027174377,0,1. İnönü Caddesi,secondary,55.45060486991987
1027924525,11652894520,0,1. İnönü Caddesi,secondary,4.809070343643189
1027924525,1027924520,0,1. İnönü Caddesi,secondary,100.42978320363953
1027924555,1027924556,0,,trunk_link,47.946432848051614
1027924555,11572888601,0,Yeşilköy Caddesi,trunk,29.488433649938095
1027924573,2244746402,0,Harman Sokağı,secondary,58.69127615456134
1027924573,1033541193,0,Harman Sokağı,secondary,96.24875529664979
1027924574,1027924573,0,Füze Sokağı,residential,217.01008151156333
1027924574,2244746345,0,Adakale Sokağı,residential,87.09929276396107
1027924575,1027923863,0,Florya Caddesi,secondary,27.396605184806866
1027924575,1027174384,0,Florya Caddesi,secondary,29.123941418828643
1027924575,494094318,0,"['Üniversite Sokağı', 'Cami Girişi Sokağı']",residential,168.94428729261045
1027924576,1027923940,0,Florya Caddesi,secondary,31.845954753306316
1027924576,1027174384,0,Florya Caddesi,secondary,32.16737464301123
1027924577,1033541271,0,,residential,178.6532769589471
1027924577,1033541224,0,,residential,193.09074286316124
1027924577,1857854056,0,Yeşilyurt Sokağı,secondary,281.6938536506316
1027924584,8887329275,0,Yeşilköy Caddesi,trunk,12.947380706315283
1027924584,2380806724,0,,residential,23.240651986667004
1027924584,8887329270,0,,secondary,24.882204481827614
1027924585,1027923940,0,Florya Caddesi,secondary,25.093586683915422
1027924585,1033540437,0,Florya Caddesi,secondary,87.98812353994232
1027924585,2244990994,0,Özgür Sokağı,residential,113.25784883669999
1027924586,1027174386,0,Florya Caddesi,secondary,9.240017536865404
1027924586,1033540284,0,Florya Caddesi,secondary,25.24720173980308
1027924586,1027923747,0,Çekmece Yolu Caddesi,secondary,7.211183110035142
1027924611,1027923922,0,Ekşi Nar Sokağı,residential,109.00700321758443
1027924611,1027174349,0,Florya Caddesi,secondary,118.13065268471766
1027924611,1027923857,0,Florya Caddesi,secondary,63.6417041734015
1027924617,2380817065,0,Yeşilköy Halkalı Caddesi,secondary,127.49894897972865
1027924617,2246163724,0,,secondary_link,128.78324980702706
1027924682,2380806704,0,Yeşilköy Caddesi,trunk,83.94132078197892
1027924682,2380806709,0,Harman Sokağı,trunk_link,21.9337991663406
1027924690,1033540201,0,Harman Sokağı,secondary,72.90888104766164
1027924690,1033540209,0,Harman Sokağı,secondary,50.03738231106058
1027924691,1033540201,0,Harman Sokağı,secondary,64.81056027964512
1027924691,8883675961,0,,secondary_link,22.925141099232935
1027924701,6392046659,0,Florya Caddesi,secondary,23.155739161535603
1027924701,1033540284,0,Florya Caddesi,secondary,599.8683254013675
1027924701,13921153595,0,,secondary,17.93009649918744
1027924714,1064677023,0,,secondary_link,14.74611421533162
1027924714,1064677024,0,Florya Caddesi,secondary,26.237638537075835
1027924721,1027256667,0,Yeşilköy Halkalı Caddesi,secondary,163.2017890425583
1027924733,1027924739,0,Çekmece Caddesi,secondary,22.39100891804518
1027924733,8875766412,0,,secondary_link,21.999052747128786
1027924739,8875825617,0,Kale Sokağı,residential,137.35861835026822
1027924739,8875766412,0,,secondary_link,19.414981995760456
1027924750,1027924223,0,Hamdullah Suphi Tanrıöver Sokağı,residential,253.95604759269372
1027924750,1027924721,0,,secondary_link,34.069170261861586
1027924765,1027924323,0,Çarkçı Halim Emin Sokağı,residential,10.199883656990684
1027924765,8875766408,0,Naima Sokağı,residential,11.024135348576218
1027924765,1027924269,0,Naima Sokağı,residential,108.9596876030111
1027924766,1027924210,0,Ziya Erdem Caddesi,residential,132.69487579140505
1027924766,4966123087,0,Kazım Silivrili Sokağı,residential,20.99915050868314
1027924769,1027924369,0,Çekmece Caddesi,secondary,110.88466189461847
1027924769,1027924210,0,Ziya Erdem Caddesi,residential,170.2265697565344
1027924771,2380932367,0,Bostan Sokağı,residential,44.59601835369109
1027924771,1027243497,0,İstasyon Caddesi,secondary,14.019836960192878
1027924776,1027924766,0,Kazım Silivrili Sokağı,residential,109.65720838877431
1027924776,1027924793,0,Naima Sokağı,residential,64.56663125663675
1027924776,2246163383,0,Buketli Sokağı,residential,106.89219541438086
1027924789,1027924793,0,Gülnihal Sokağı,residential,132.911490207428
1027924793,1027924789,0,Gülnihal Sokağı,residential,132.911490207428
1027924793,1027257044,0,Naima Sokağı,residential,74.72285855725323
1027924794,1027924805,0,Çekmece Çıkmazı,residential,125.12218858051395
1027924805,1027924794,0,Çekmece Çıkmazı,residential,125.12218858051395
1027924805,1027924739,0,Çekmece Caddesi,secondary,92.33776498277189
1027924852,8875766407,0,Uçan Sokağı,residential,6.7315161921921725
1027924852,1027924210,0,Hilmi Naili Sokağı,residential,122.09343135029675
1027924854,1027924362,0,Hamdullah Suphi Tanrıöver Sokağı,residential,82.17114417164319
1027924854,8875825618,0,,residential,14.048786810516473
1033539782,1027923735,0,Ekşi Nar Sokağı,residential,120.36084042703672
1033539782,13341072689,0,Ekşi Nar Sokağı,residential,528.5017397440004
1033539785,1033539782,0,Yaşar Kemal Sokağı,residential,106.6468579662902
1033539785,1033539809,0,,residential,54.21615156707562
1033539785,1027923783,0,Erdemli Sokağı,residential,242.55066506481884
1033539800,1033539785,0,Yaşar Kemal Sokağı,residential,184.7880658637001
1033539800,1857618909,0,D-100 Güney Yanyolu,primary,208.0621685753211
1033539809,1033539785,0,,residential,54.21615156707562
1033539871,1033539895,0,Şehit İlhan Yalçın Sokağı,residential,90.24696382483084
1033539871,2244990993,0,Şehit Muammer Yüzsüren Sokağı,residential,125.16127191236161
1033539871,13341072689,0,Şehit Muammer Yüzsüren Sokağı,residential,150.55262102947023
1033539888,1033539895,0,Şehit İlhan Yalçın Sokağı,residential,211.07049063665124
1033539895,1033539871,0,Şehit İlhan Yalçın Sokağı,residential,90.24696382483084
1033539895,2244990993,0,,residential,88.98990529941592
1033539895,1033539888,0,Şehit İlhan Yalçın Sokağı,residential,211.0704906366513
1033539924,1027924690,0,,residential,101.90561707687552
1033539934,1033539924,0,Sevinç Sokağı,residential,180.39702047750544
1033539934,1033539936,0,Orman Sokağı,residential,89.92494717089843
1033539934,7908632925,0,Orman Sokağı,residential,41.8799423789981
1033539936,494078053,0,Şehit Ahmet Ersoy Sokağı,residential,185.87903726407814
1033539936,1033539956,0,Orman Sokağı,residential,83.98628940962843
1033539936,1033539934,0,Orman Sokağı,residential,89.92494717089843
1033539949,1033539956,0,Mehmet Gergeli Sokağı,residential,128.45167161462513
1033539956,1033539978,0,Orman Sokağı,residential,56.841254239728315
1033539956,1033539936,0,Orman Sokağı,residential,83.98628940962843
1033539978,1033539949,0,,residential,183.4977269929056
1033539978,1033540384,0,Orman Sokağı,residential,75.40412221745214
1033539978,1033539956,0,Orman Sokağı,residential,56.841254239728315
1033540001,1033540021,0,Mektep Sokağı,secondary,135.4286656240516
1033540001,1033540135,0,Mektep Sokağı,secondary,63.07090192816345
1033540001,1033540005,0,Gül Sokağı,residential,165.99298549612948
1033540005,1033540123,0,Orman Sokağı,residential,29.883805587395333
1033540005,1033540001,0,Gül Sokağı,residential,165.99298549612948
1033540005,1033540010,0,Orman Sokağı,residential,121.13757300011284
1033540010,1033540021,0,Koru Sokağı,residential,209.56434167866348
1033540010,1033540005,0,Orman Sokağı,residential,121.13757300011281
1033540010,1033540342,0,Orman Sokağı,residential,83.63585380519856
1033540021,1033540155,0,Mektep Sokağı,secondary,100.53794016652736
1033540021,1033540001,0,Mektep Sokağı,secondary,135.4286656240516
1033540021,1033540010,0,Koru Sokağı,residential,209.56434167866348
1033540027,1033540030,0,,residential,82.27610134677172
1033540030,1033540419,0,Germeyan Sokağı,secondary,48.102804136958035
1033540030,1033540129,0,Germeyan Sokağı,secondary,41.7205797122782
1033540030,1033540027,0,,residential,82.27610134677172
1033540087,1033540091,0,Altı Ekim Sokağı,residential,46.342372914653616
1033540087,1033540195,0,Altı Ekim Sokağı,residential,43.143104673786866
1033540087,1033540187,0,Altı Ekim Sokağı,residential,59.8610495346784
1033540091,1033540087,0,Altı Ekim Sokağı,residential,46.342372914653616
1033540091,1033540097,0,,residential,102.04389534200752
1033540091,1033540100,0,Çiğdem Sokağı,residential,119.53553444949448
1033540097,1033540185,0,Orman Sokağı,residential,59.52055962932227
1033540097,1033540136,0,Orman Sokağı,residential,14.157824230849586
1033540097,1033540091,0,,residential,102.0438953420075
1033540100,1033540102,0,Çiğdem Sokağı,residential,27.7470633089154
1033540100,1033540110,0,,residential,88.16409775227477
1033540100,1033540091,0,Çiğdem Sokağı,residential,119.53553444949448
1033540102,1033540100,0,Çiğdem Sokağı,residential,27.7470633089154
1033540102,1033540129,0,Germeyan Sokağı,secondary,91.74753720414463
1033540102,1033540197,0,Germeyan Sokağı,secondary,86.50616960551548
1033540110,1033540100,0,,residential,88.16409775227477
1033540110,1033540129,0,,residential,28.83038985957713
1033540110,1033540123,0,,residential,180.9247899650957
1033540123,1033540136,0,Orman Sokağı,residential,41.119684034067014
1033540123,1033540005,0,Orman Sokağı,residential,29.883805587395333
1033540123,1033540110,0,,residential,180.9247899650957
1033540129,1033540030,0,Germeyan Sokağı,secondary,41.7205797122782
1033540129,1033540110,0,,residential,28.83038985957713
1033540129,1033540102,0,Germeyan Sokağı,secondary,91.74753720414463
1033540135,1033540136,0,Begonya Sokağı,residential,140.8739746283906
1033540135,1033540001,0,Mektep Sokağı,secondary,63.07090192816345
1033540135,1033540182,0,Mektep Sokağı,secondary,34.873536172403504
1033540136,1033540135,0,Begonya Sokağı,residential,140.8739746283906
1033540136,1033540097,0,Orman Sokağı,residential,14.157824230849586
1033540136,1033540123,0,Orman Sokağı,residential,41.119684034067014
1033540150,5777569436,0,Altay Sokağı,residential,38.80597550061151
1033540155,1033540405,0,Mektep Sokağı,secondary,20.807041308328106
1033540155,1033540159,0,Altay Sokağı,residential,67.99885553459866
1033540155,1033540021,0,Mektep Sokağı,secondary,100.53794016652736
1033540159,1033540155,0,Altay Sokağı,residential,67.99885553459866
1033540159,5777569436,0,Altay Sokağı,residential,6.14391569949298
1033540159,1033540174,0,Derya Sokağı,residential,404.4967797963091
1033540174,1033540159,0,Derya Sokağı,residential,404.4967797963091
1033540174,4977193423,0,Harman Sokağı,secondary,112.19041521487082
1033540174,13921153595,0,,secondary,86.2762493266089
1033540180,1033540182,0,Altı Ekim Sokağı,residential,31.27903838954594
1033540182,1033540185,0,Altı Ekim Sokağı,residential,122.82563423184105
1033540182,1033540180,0,Altı Ekim Sokağı,residential,31.27903838954594
1033540182,1033540135,0,Mektep Sokağı,secondary,34.873536172403504
1033540182,4977193423,0,Mektep Sokağı,secondary,112.67085718837713
1033540185,1033540187,0,Altı Ekim Sokağı,residential,61.89506649986354
1033540185,1033540182,0,Altı Ekim Sokağı,residential,122.82563423184105
1033540185,1033540097,0,Orman Sokağı,residential,59.52055962932227
1033540185,8883675950,0,Orman Sokağı,residential,121.14390263829249
1033540187,1033540185,0,Altı Ekim Sokağı,residential,61.89506649986354
1033540187,1033540201,0,İmbat Sokağı,residential,87.43097857705452
1033540187,1033540087,0,Altı Ekim Sokağı,residential,59.8610495346784
1033540195,1033540197,0,Altı Ekim Sokağı,residential,97.5050195543098
1033540195,1033540087,0,Altı Ekim Sokağı,residential,43.14310467378686
1033540195,1033540209,0,Pınar Sokağı,residential,69.9414516646844
1033540197,1033540102,0,Germeyan Sokağı,secondary,86.50616960551548
1033540197,1857854051,0,Germeyan Sokağı,secondary,73.04468570469018
1033540197,1033540195,0,Altı Ekim Sokağı,residential,97.5050195543098
1033540201,1033540187,0,İmbat Sokağı,residential,87.43097857705452
1033540201,1027924690,0,Harman Sokağı,secondary,72.90888104766164
1033540201,1027924691,0,Harman Sokağı,secondary,64.81056027964512
1033540209,1027924690,0,Harman Sokağı,secondary,50.03738231106058
1033540209,1857854051,0,Harman Sokağı,secondary,93.4851701034903
1033540209,1033540195,0,Pınar Sokağı,residential,69.9414516646844
1033540247,1033540273,0,Mektep Sokağı,secondary,147.9068238401274
1033540247,5777569434,0,Mektep Sokağı,secondary,21.361208080736233
1033540247,1033540249,0,,residential,36.65046718275286
1033540249,1033540256,0,,residential,104.43499508710596
1033540249,1033540307,0,Dirsek Sokağı,residential,127.60767515821384
1033540256,1033540264,0,,residential,48.37986928123271
1033540256,1033540273,0,Efeler Sokağı,residential,93.55293559686352
1033540264,1033540474,0,Avcılar Sokağı,secondary,7.282719237233356
1033540273,1033540470,0,Mektep Sokağı,secondary,13.744166324896073
1033540273,1033540247,0,Mektep Sokağı,secondary,147.9068238401274
1033540273,1033540284,0,Efeler Sokağı,residential,48.74287996330172
1033540273,1033540256,0,Efeler Sokağı,residential,93.55293559686352
1033540284,1027924586,0,Florya Caddesi,secondary,25.24720173980308
1033540284,1027924701,0,Florya Caddesi,secondary,599.8683254013674
1033540284,1033540273,0,Efeler Sokağı,residential,48.74287996330172
1033540289,1033540298,0,Efeler Sokağı,residential,70.23905010254967
1033540298,1033540289,0,Efeler Sokağı,residential,70.23905010254967
1033540298,1033540264,0,Avcılar Sokağı,secondary,95.68122002384294
1033540307,1033540319,0,Yeşilyurt Sokağı,secondary,30.389119890105793
1033540307,1033540405,0,Yeşilyurt Sokağı,secondary,56.66008920175922
1033540307,1033540249,0,Dirsek Sokağı,residential,127.60767515821385
1033540314,1033540319,0,Yeşilyurt Çıkmazı,residential,86.04569208189994
1033540319,1033540307,0,Yeşilyurt Sokağı,secondary,30.389119890105793
1033540319,1033540314,0,Yeşilyurt Çıkmazı,residential,86.04569208189994
1033540319,1033540409,0,Yeşilyurt Sokağı,secondary,73.74648014464383
1033540342,1033540409,0,Yeşilyurt Sokağı,secondary,75.31238313254832
1033540342,2244746421,0,Orman Sokağı,residential,215.1480956122075
1033540342,1033540010,0,Orman Sokağı,residential,83.63585380519856
1033540342,1033540419,0,Yeşilyurt Sokağı,secondary,178.73399859433766
1033540384,1033539978,0,Orman Sokağı,residential,75.40412221745214
1033540384,2244746363,0,Kırserdar Sokağı,secondary,106.47544342001157
1033540405,5777569434,0,Mektep Sokağı,secondary,40.236901093478224
1033540405,1033540155,0,Mektep Sokağı,secondary,20.807041308328106
1033540405,1033540307,0,Yeşilyurt Sokağı,secondary,56.66008920175922
1033540409,1033540342,0,Yeşilyurt Sokağı,secondary,75.31238313254832
1033540409,1033540319,0,Yeşilyurt Sokağı,secondary,73.74648014464383
1033540409,495411144,0,Fuat Paşa Sokağı,residential,204.6742473136418
1033540419,1033540030,0,Germeyan Sokağı,secondary,48.102804136958035
1033540419,1857854056,0,Yeşilyurt Sokağı,secondary,11.952428921208078
1033540419,1033540342,0,Yeşilyurt Sokağı,secondary,178.73399859433766
1033540437,1027924585,0,Florya Caddesi,secondary,87.98812353994232
1033540437,1027923798,0,Florya Caddesi,secondary,24.590601187442633
1033540437,1033540438,0,Akın Sokağı,residential,9.621749672743531
1033540438,1027924055,0,Akın Sokağı,residential,101.05209983854921
1033540438,1033540437,0,Akın Sokağı,residential,9.621749672743531
1033540438,11657362002,0,Tezgel Sokağı,residential,82.68377767346134
1033540441,1027924055,0,Akın Sokağı,residential,229.2150284327757
1033540459,1033540470,0,Mektep Sokağı,secondary,30.267593308029742
1033540459,1027174386,0,Avcılar Sokağı,secondary,37.00957447653189
1033540470,1033540459,0,Mektep Sokağı,secondary,30.267593308029742
1033540470,1033540273,0,Mektep Sokağı,secondary,13.744166324896073
1033540470,11042234847,0,İç Sokağı,residential,88.20325646360246
1033540474,11042234847,0,Avcılar Sokağı,secondary,10.926480509885716
1033540474,1027924055,0,Cami Girişi Sokağı,residential,75.15787955237741
1033540502,1033540508,0,Yonca Sokağı,residential,164.87128074893047
1033540502,1857854056,0,Yonca Sokağı,residential,154.81667938125318
1033540502,1033540777,0,Yonca Sokağı,residential,69.09733697863877
1033540508,495411182,0,Yamaç Sokağı,residential,65.8047500924778
1033540508,2244746420,0,Yamaç Sokağı,residential,30.404123607174917
1033540508,1033540502,0,Yonca Sokağı,residential,164.87128074893047
1033540699,8887329234,0,Acar Sokağı,residential,31.969419473413428
1033540699,1033541103,0,Acar Sokağı,residential,43.38718936582766
1033540699,495411182,0,Çetiner Sokağı,residential,70.39785546621519
1033540777,1033540502,0,Yonca Sokağı,residential,69.09733697863877
1033540926,1033540979,0,Avcılar Sokağı,secondary,254.99218862083418
1033540926,2380790838,0,Avcılar Sokağı,secondary,64.76046871184349
1033540979,1033540987,0,Avcılar Sokağı,secondary,86.85139140395677
1033540979,1033540926,0,Avcılar Sokağı,secondary,254.9921886208342
1033540979,2244746422,0,"['Acar Sokağı', 'Uğur Sokağı']",residential,104.67130786299057
1033540987,1033540992,0,Avcılar Sokağı,secondary,63.495298793538595
1033540987,1033541103,0,Özlem Sokağı,residential,70.15753854322165
1033540987,1033540979,0,Avcılar Sokağı,secondary,86.85139140395677
1033540992,1033540987,0,Avcılar Sokağı,secondary,63.495298793538595
1033540992,1033541001,0,Avcılar Sokağı,secondary,118.69521238013031
1033540992,8887329234,0,Bahçe Sokağı,residential,69.43352392649857
1033541001,11889209194,0,,trunk_link,5.03757466071876
1033541001,1033540992,0,Avcılar Sokağı,secondary,118.69521238013031
1033541006,1033541055,0,Acar Sokağı,residential,61.903451934566526
1033541006,1033541016,0,,trunk_link,78.76567527679485
1033541016,1027924584,0,Yeşilköy Caddesi,trunk,221.40599278797097
1033541048,1033541055,0,Acar Sokağı,residential,31.647988788384033
1033541055,1033541006,0,Acar Sokağı,residential,61.903451934566526
1033541055,1033541048,0,Acar Sokağı,residential,31.647988788384033
1033541055,8887329234,0,Acar Sokağı,residential,121.7234009300464
1033541103,1033540987,0,Özlem Sokağı,residential,70.15753854322165
1033541103,1033540699,0,Acar Sokağı,residential,43.38718936582766
1033541103,2244746422,0,Acar Sokağı,residential,59.20598691377223
1033541193,2244746403,0,Harman Sokağı,secondary,66.58121466080918
1033541193,1027924396,0,Yeşilada Sokağı,residential,130.82321109451146
1033541193,1033541221,0,Günyüzü Sokağı,residential,193.50546751380597
1033541193,1027924573,0,Harman Sokağı,secondary,96.24875529664979
1033541221,2244746413,0,İnci Sokağı,residential,145.47052126405504
1033541221,1033541224,0,,residential,79.76185226308581
1033541221,1033541193,0,Günyüzü Sokağı,residential,193.50546751380597
1033541224,1027924577,0,,residential,193.09074286316124
1033541224,2244746402,0,,residential,200.870939100977
1033541224,1033541221,0,,residential,79.76185226308581
1033541271,1027924577,0,,residential,178.6532769589471
1033541271,2380806724,0,Yamaç Sokağı,residential,193.486976910822
1033541271,8887329233,0,Yamaç Sokağı,residential,161.07542872539318
1033541275,1033541308,0,Çatal Sokağı,secondary,107.27845288271264
1033541275,8887329275,0,,secondary,44.00785974272577
1033541275,8887329281,0,,trunk_link,54.12010870850412
1033541289,1033541308,0,,residential,117.1255989026852
1033541308,1033541275,0,Çatal Sokağı,secondary,107.27845288271264
1033541308,2244746413,0,Çatal Sokağı,secondary,90.52280159502934
1033541308,1033541289,0,,residential,117.1255989026852
1064675536,1064675537,0,Perihan Sokağı,residential,80.39445690703141
1064675536,1064675640,0,Onur Sokağı,residential,10.342493162381356
1064675536,1064675914,0,Onur Sokağı,residential,104.90399495525642
1064675537,1064675536,0,Perihan Sokağı,residential,80.39445690703141
1064675537,1064675914,0,Atayurt Caddesi,secondary,74.2865164413825
1064675537,2810640403,0,"['Çimen Sokağı', 'Atayurt Caddesi']",secondary,142.28176771439192
1064675568,1064675570,0,,residential,19.012717567994553
1064675568,1064675588,0,,residential,49.27476022920133
1064675568,2380758598,0,,residential,128.98629838908116
1064675570,2380758510,0,,secondary_link,7.581333339264533
1064675570,1064675568,0,,residential,19.012717567994553
1064675570,1064675671,0,Atayurt Caddesi,secondary,83.37213252876128
1064675575,1064675576,0,,residential,44.79185007613717
1064675575,2380758525,0,,residential,213.9312543225219
1064675575,2380758525,1,,residential,254.24897963723296
1064675576,1064675575,0,,residential,44.79185007613717
1064675576,1064675620,0,Ahmet Cevdet Ikdam Sokağı,residential,82.72819648501427
1064675576,1064675595,0,Ahmet Cevdet Ikdam Sokağı,residential,138.54179969520987
1064675588,2380758525,0,,residential,70.4449056308082
1064675588,1064675629,0,,residential,87.88472699265228
1064675588,1064675568,0,,residential,49.27476022920133
1064675589,1064675594,0,Teyyareci Sami Uçan Sokağı,residential,34.82739140776899
1064675589,1064675596,0,Teyyareci Sami Uçan Sokağı,residential,25.450871160273554
1064675589,1064675593,0,Teyyareci Sami Uçan Sokağı,residential,86.06497454831192
1064675593,1064675594,0,Teyyareci Sami Uçan Sokağı,residential,53.02233882581661
1064675593,2380758727,0,,residential,24.686949677690905
1064675593,1064675589,0,Teyyareci Sami Uçan Sokağı,residential,86.06497454831192
1064675594,1064675595,0,Teyyareci Sami Uçan Sokağı,residential,37.818659555587985
1064675594,1064675593,0,Teyyareci Sami Uçan Sokağı,residential,53.02233882581661
1064675594,1064675589,0,Teyyareci Sami Uçan Sokağı,residential,34.82739140776899
1064675595,1064675594,0,Teyyareci Sami Uçan Sokağı,residential,37.818659555587985
1064675595,1064675576,0,Ahmet Cevdet Ikdam Sokağı,residential,138.54179969520987
1064675595,1064675611,0,Ahmet Cevdet Ikdam Sokağı,residential,51.34464137244635
1064675596,1064675589,0,Teyyareci Sami Uçan Sokağı,residential,25.450871160273554
1064675597,1064675600,0,Pınarbaşı Sokağı,residential,74.14946648962066
1064675597,1064675634,0,Leylak Sokağı,residential,98.8253895870846
1064675597,1064675656,0,Çimen Sokağı,secondary,124.76582863731869
1064675597,1064675787,0,Çimen Sokağı,secondary,90.24354161408486
1064675600,1064675639,0,Emre Sokağı,residential,56.803399171837526
1064675600,1064675597,0,Pınarbaşı Sokağı,residential,74.14946648962066
1064675600,1064675876,0,Emre Sokağı,residential,162.23684074278273
1064675601,1064675605,0,,residential,77.06970117134118
1064675605,8884099787,0,,residential,71.21355065329669
1064675605,1064675601,0,,residential,77.06970117134118
1064675605,1064675611,0,Ahmet Cevdet Ikdam Sokağı,residential,56.17150811037244
1064675609,13341072682,0,Ahmet Cevdet İkdam Sokağı,tertiary,33.2761259218815
1064675609,8884099787,0,,residential,31.08761528020444
1064675611,1064675595,0,Ahmet Cevdet Ikdam Sokağı,residential,51.34464137244635
1064675611,1064675605,0,Ahmet Cevdet Ikdam Sokağı,residential,56.17150811037244
1064675611,1064675622,0,,residential,107.66657728649751
1064675620,1064675621,0,,secondary_link,10.671592393399221
1064675620,1064675576,0,Ahmet Cevdet Ikdam Sokağı,residential,82.72819648501428
1064675620,1064675570,0,Atayurt Caddesi,secondary,158.0696020722575
1064675621,1064675620,0,,secondary_link,10.671592393399221
1064675621,1064676028,0,Atayurt Caddesi,secondary,157.51838311754437
1064675622,1064675611,0,,residential,107.66657728649753
1064675629,1064675631,0,,residential,26.23579844837867
1064675629,1064675588,0,,residential,87.88472699265228
1064675629,2380758447,0,Papatya Çiçeği Sokağı,residential,171.77757242285688
1064675631,1064675629,0,,residential,26.235798448378667
1064675631,2380758447,0,Hat Üstü Sokağı,residential,152.41878743160126
1064675631,1064677041,0,Hat Üstü Sokağı,residential,70.6914447895229
1064675632,1064675634,0,Leylak Sokağı,residential,45.066425536246925
1064675632,2380758464,0,Leylak Sokağı,residential,159.01349754704984
1064675632,1064675639,0,,residential,47.507835650296414
1064675634,1064675597,0,Leylak Sokağı,residential,98.82538958708459
1064675634,1064675632,0,Leylak Sokağı,residential,45.066425536246925
1064675634,1064675639,0,,tertiary,34.20799681232902
1064675639,1064675600,0,Emre Sokağı,residential,56.803399171837526
1064675639,1064675634,0,,tertiary,34.20799681232902
1064675639,1064675632,0,,residential,47.507835650296414
1064675639,4977352580,0,Vali Konağı Caddesi,tertiary,169.74343199927657
1064675640,1064675641,0,Derya Önü Sokağı,residential,62.19072506830555
1064675640,2810640403,0,Onur Sokağı,residential,17.14878039104032
1064675640,1064675536,0,Onur Sokağı,residential,10.342493162381356
1064675641,1064675640,0,Derya Önü Sokağı,residential,62.19072506830555
1064675641,1064675656,0,Plevne Sokağı,residential,88.20914330501859
1064675641,1064675655,0,Plevne Sokağı,residential,123.50355553752902
1064675641,1064675876,0,Derya Önü Sokağı,residential,83.37065014758235
1064675651,2810650905,0,,residential,25.53586802276532
1064675651,1064675661,0,Şebnem Sokağı,residential,139.14112313067653
1064675651,1064675654,0,Bilgili Sokağı,residential,89.21253934540078
1064675654,2380758464,0,Gülçiçeği Sokağı,residential,33.04030868549062
1064675654,1064675668,0,Gülçiçeği Sokağı,residential,99.08633102853838
1064675655,1064675873,0,Atayurt Caddesi,secondary,41.53195407451461
1064675655,1064675914,0,Atayurt Caddesi,secondary,57.833990652675425
1064675655,1064675641,0,Plevne Sokağı,residential,123.50355553752902
1064675656,2810640403,0,Çimen Sokağı,secondary,76.89556123892183
1064675656,1064675641,0,Plevne Sokağı,residential,88.20914330501859
1064675656,1064675597,0,Çimen Sokağı,secondary,124.76582863731869
1064675661,1064675651,0,Şebnem Sokağı,residential,139.14112313067653
1064675661,1064675668,0,Elif Sokağı,residential,132.7810311287629
1064675661,1064675708,0,Elif Sokağı,residential,151.4095278300373
1064675668,1064675654,0,Gülçiçeği Sokağı,residential,99.08633102853838
1064675668,1064675661,0,Elif Sokağı,residential,132.7810311287629
1064675668,1064675678,0,Özer Sokağı,residential,170.98529572097289
1064675668,1064675671,0,Gülçiçeği Sokağı,residential,83.38743752097011
1064675671,1064675677,0,Tepe Sokağı,secondary,255.52217772452443
1064675671,2380758510,0,Atayurt Caddesi,secondary,80.98051567409655
1064675671,1064675668,0,Gülçiçeği Sokağı,residential,83.38743752097011
1064675677,1064675750,0,Tepe Sokağı,secondary,96.1622163703431
1064675677,1064675678,0,Sözer Sokağı,residential,77.85065102251609
1064675677,1064675671,0,Tepe Sokağı,secondary,255.52217772452443
1064675678,1064675677,0,Sözer Sokağı,residential,77.85065102251609
1064675678,1064675736,0,Gülistan Sokağı,residential,102.34984901735706
1064675678,1064675668,0,Özer Sokağı,residential,170.98529572097289
1064675678,2380758464,0,Sözer Sokağı,residential,86.95376720446892
1064675688,1064675639,0,Vali Konağı Caddesi,tertiary,149.18307547392723
1064675699,1064675876,0,Emre Sokağı,residential,51.068196931110066
1064675699,1064675873,0,Emre Sokağı,residential,84.40445888454197
1064675699,1064675707,0,Elif Sokağı,residential,167.96332508309797
1064675707,1064675708,0,Elif Sokağı,residential,11.417407366353048
1064675707,1064676029,0,Vali Konağı Caddesi,tertiary,86.04172378564176
1064675707,1064675699,0,Elif Sokağı,residential,167.96332508309797
1064675708,1064675707,0,Elif Sokağı,residential,11.417407366353048
1064675708,1064675661,0,Elif Sokağı,residential,151.4095278300373
1064675708,4977352579,0,Vali Konağı Caddesi,tertiary,128.5163586729018
1064675736,1064675750,0,İsmail Cem Sokağı,residential,101.39870138583001
1064675736,8883679946,0,Gülistan Sokağı,residential,164.94027585543546
1064675750,1064675677,0,Tepe Sokağı,secondary,96.1622163703431
1064675750,1064675736,0,İsmail Cem Sokağı,residential,101.39870138583001
1064675750,8883679946,0,Tepe Sokağı,secondary,271.13793998550534
1064675787,2380758443,0,Valilik Yolu Caddesi,secondary,268.43101331036445
1064675787,1064675597,0,Çimen Sokağı,secondary,90.24354161408486
1064675787,8883679946,0,Tepe Sokağı,secondary,23.582483007264305
1064675873,1064675699,0,Emre Sokağı,residential,84.40445888454197
1064675873,1025668939,0,Atayurt Caddesi,secondary,98.52255779589058
1064675873,1064675655,0,Atayurt Caddesi,secondary,41.53195407451461
1064675876,1064675699,0,Emre Sokağı,residential,51.068196931110066
1064675876,1064675641,0,Derya Önü Sokağı,residential,83.37065014758235
1064675876,1064675600,0,Emre Sokağı,residential,162.23684074278273
1064675876,4977352580,0,Derya Önü Sokağı,residential,125.83268669583336
1064675914,1064675536,0,Onur Sokağı,residential,104.90399495525642
1064675914,1064675655,0,Atayurt Caddesi,secondary,57.833990652675425
1064675914,1064675537,0,Atayurt Caddesi,secondary,74.2865164413825
1064675948,11599572238,0,Eski Edirne Asfaltı Sokağı,tertiary,240.15742612507069
1064676028,1064676029,0,Atayurt Caddesi,secondary,11.228726926838425
1064676028,1064675708,0,Vali Konağı Caddesi,tertiary,86.80577884573272
1064676029,1064676038,0,,secondary_link,8.766683861801392
1064676029,8884099783,0,Atayurt Caddesi,secondary,51.19689982366997
1064676038,1064676039,0,Atayurt Caddesi,secondary,11.969982443763904
1064676039,1064676028,0,,secondary_link,8.990430145404176
1064676039,1064675620,0,Atayurt Caddesi,secondary,160.43976619931945
1064676672,2380758444,0,Basınköy İstanbul Caddesi,secondary,38.84784038911198
1064676977,1064676994,0,Valilik Yolu Caddesi,secondary,491.3182565042377
1064676977,8883676016,0,,secondary,29.15408120234981
1064676994,1064676977,0,Valilik Yolu Caddesi,secondary,491.3182565042377
1064676994,1064676995,0,Valilik Yolu Caddesi,secondary,67.212780658324
1064676995,2380790733,0,Valilik Yolu Caddesi,secondary,23.716617764669465
1064677015,1064676994,0,,secondary,55.197753126967484
1064677015,1064676995,0,,secondary_link,39.95618857111229
1064677023,1064677015,0,Florya Caddesi,secondary,90.1805206585332
1064677024,1064677023,0,Florya Caddesi,secondary,23.44806871042237
1064677024,6392046659,0,Florya Caddesi,secondary,236.79355929771012
1064677041,1064675631,0,Hat Üstü Sokağı,residential,70.69144478952289
1141127938,1026970752,0,Yeni Havaalanı Caddesi,primary,261.3911657374955
1141127950,1026991686,0,,residential,212.34368153281005
1141127950,1141128050,0,Yeni Havaalanı Caddesi,primary,521.6375731098253
1141127959,3178628132,0,Yeni Havaalanı Caddesi,primary,295.6564783103951
1141127959,12961201782,0,,primary_link,329.30927600527775
1141128037,1141127950,0,Yeni Havaalanı Caddesi,primary,456.4964068806905
1141128037,2112679826,0,,unclassified,495.84638601715346
1141128047,1141128037,0,Yeni Havaalanı Caddesi,primary,171.4784030062953
1141128050,1026991729,0,,primary,125.76597488253158
1141128095,1141127959,0,Yeni Havaalanı Caddesi,primary,723.4824742624265
1141128095,1026991721,0,,residential,128.47941906463575
1293894141,1841824882,0,,residential,59.30467588091642
1293894141,1931512505,0,,residential,46.44689660541039
1293894198,1293894141,0,,residential,69.83900832402023
1293894198,1931512505,0,Basın Ekspress Yolu,primary,88.65799114299446
1352530497,1026991681,0,Atatürk Caddesi,residential,21.474188888622173
1352530508,1352530497,0,,residential,27.64734942814487
1352530510,1026991681,0,,residential,43.469194839851546
1352551306,1352551306,0,,residential,158.41080769025993
1352551306,1352551306,1,,residential,158.4108076902599
1352551306,1352551362,0,,residential,74.81415221628296
1352551362,1857917052,0,,residential,60.935485989654985
1352551362,1352551306,0,,residential,74.81415221628296
1352551362,1841824892,0,,residential,890.978254795965
1492588307,1027924490,0,Mahmut Şevket Paşa Caddesi,residential,73.65980695864724
1492588307,1492588309,0,Sapan Sokağı,residential,59.76523714766851
1492588309,1027924487,0,Yeşilköy Halkalı Caddesi,secondary,75.51380062768399
1492588310,1027256645,0,Mahmut Şevket Paşa Caddesi,residential,41.69125112532112
1492588310,1027243462,0,Sarı Yakup Sokağı,residential,64.30200650749235
1492588311,1492588310,0,Sarı Yakup Sokağı,residential,65.99843637897494
1492588311,1027244854,0,Yeşilköy Halkalı Caddesi,secondary,41.665511552797994
1492588312,1027243466,0,Ümran Sokağı,residential,73.26522462124385
1492588312,1492588307,0,Sapan Sokağı,residential,63.18035751933933
1754904429,1027243452,0,Serbesti Caddesi,secondary,76.5737978707259
1841824812,1141128095,0,Yeni Havaalanı Caddesi,primary,585.702395696163
1841824882,1931512588,0,,residential,300.1870447538553
1841824882,1293894141,0,,residential,59.30467588091643
1841824882,1841824887,0,,residential,183.60390388903838
1841824887,1841824882,0,,residential,183.60390388903835
1841824892,1352551362,0,,residential,890.9782547959651
1857599945,1020937359,0,,trunk,577.6406684672157
1857599945,1857603477,0,,trunk_link,170.74237207022196
1857603477,1033539800,0,D-100 Güney Yanyolu,primary,58.79765209935915
1857618909,1020937359,0,,trunk_link,145.2840492507563
1857618909,1027923958,0,D-100 Güney Yanyolu,primary,124.0349546745244
1857734476,1027924555,0,Yeşilköy Caddesi,trunk,113.2658832043866
1857844904,1020941104,0,D-100 Güney Yanyolu,primary,213.90481687477208
1857854051,1033540209,0,Harman Sokağı,secondary,93.4851701034903
1857854051,1033540197,0,Germeyan Sokağı,secondary,73.04468570469018
1857854051,2244746405,0,Harman Sokağı,secondary,179.84209126182122
1857854051,2244746404,0,Germeyan Sokağı,residential,103.61213926914078
1857854056,1033540419,0,Yeşilyurt Sokağı,secondary,11.952428921208078
1857854056,1033540502,0,Yonca Sokağı,residential,154.81667938125318
1857854056,1027924577,0,Yeşilyurt Sokağı,secondary,281.6938536506316
1857917050,905166663,0,Çobançeşme Kavşağı,motorway_link,408.7472275026027
1857917050,1857929597,0,D-100 Güney Yanyolu,primary,338.46382568708304
1857917052,1352551362,0,,residential,60.935485989654985
1857917052,1857917050,0,D-100 Güney Yanyolu,primary,41.36550265924062
1857917102,1857917052,0,D-100 Güney Yanyolu,primary,225.52881742050596
1857917187,905166754,0,,trunk,301.18840762328267
1857929597,905151618,0,Çobançeşme Kavşağı,motorway_link,349.9112166569916
1857929597,905166947,0,D-100 Güney Yanyolu,primary,293.6234447174405
1857937358,905362834,0,D-100 Güney Yanyolu,primary,123.73030043671179
1857937358,905166599,0,,trunk_link,293.28918156093494
1859103710,905166498,0,,primary_link,203.37134087373613
1859103710,1859103742,0,Ahmet Yesevi Caddesi,tertiary,19.864446063907575
1859103713,1859103710,0,Ahmet Yesevi Caddesi,tertiary,37.1564298059561
1859103713,7242733589,0,Bedri Rahmi Eyüboğlu Caddesi,tertiary,263.83953784016154
1859103742,13291322693,0,Ahmet Yesevi Caddesi,tertiary,3.1719029698922934
1859103849,1859103742,0,,primary_link,137.82493380510013
1859103849,905166614,0,,trunk_link,236.34581884453044
1859103849,905166498,0,D-100 Güney Yanyolu,primary,178.30302800412474
1859103852,1859103849,0,D-100 Güney Yanyolu,primary,34.4371874632508
1859103856,11578631978,0,Yenibosna Kavşağı,primary_link,143.64838326764144
1859103856,1859103852,0,D-100 Güney Yanyolu,primary,180.25254322621677
1859108033,304052313,0,D-100 Güney Yanyolu,primary,171.669259772021
1931512505,11345677260,0,Basın Ekspress Yolu,primary,114.1105502710675
1931512588,1841824882,0,,residential,300.1870447538554
1931523090,1859103713,0,Ahmet Yesevi Caddesi,tertiary,2.819851961495626
1969992660,966218479,0,Havlucular Sokağı,residential,52.52920698291139
2112679826,12782217605,0,Osman Hamdi Bey Bulvarı,tertiary,330.2895875908912
2112679826,10884273119,0,"['Osman Hamdi Bey Bulvarı', 'Bedri Rahmi Eyüboğlu Caddesi']",tertiary,360.20537172985473
2112679826,1141128037,0,,unclassified,495.8463860171535
2112691561,10884273126,0,Burhan Doğançay Caddesi,residential,15.542860891613541
2112691561,13609786203,0,Fikret Mualla Caddesi,residential,181.1784476765651
2244746098,2385236890,0,,secondary,10.685321909095324
2244746098,2244746147,0,Mahirler Sokağı,residential,195.12137775166082
2244746104,2244746180,0,Kırserdar Sokağı,secondary,399.30390827435565
2244746147,2244746104,0,Kır Sokağı,residential,86.42914066212197
2244746147,2244746190,0,Mahirler Sokağı,residential,325.99124655060746
2244746172,495458804,0,,residential,59.51801053277278
2244746180,2244746229,0,Kırserdar Sokağı,secondary,213.56778569499815
2244746180,2244746190,0,Saçı Sokağı,residential,87.90819568536632
2244746190,2244746202,0,Saçı Sokağı,residential,83.29772749431741
2244746190,2244746243,0,Mahirler Sokağı,residential,215.80403810855856
2244746196,495458804,0,Kır Sokağı,residential,84.70262339510786
2244746196,2244746220,0,Ülkem Sokağı,residential,192.24142263393912
2244746202,2244746220,0,Saçı Sokağı,residential,87.80983087876679
2244746202,495458804,0,Otlukbeli Sokağı,residential,262.7359107212037
2244746211,2244746271,0,,residential,112.09451779312629
2244746220,2244746235,0,Saçı Sokağı,residential,84.87484998284224
2244746220,2244746268,0,Ülkem Sokağı,residential,210.92075155027555
2244746229,2244746274,0,Kırserdar Sokağı,secondary,210.81546770373984
2244746235,2244746246,0,Saçı Sokağı,residential,85.43787545745622
2244746235,2244746196,0,Kır Sokağı,residential,203.99081111591693
2244746243,2244746229,0,Adakale Sokağı,residential,85.51280696264969
2244746243,2244746302,0,Mahirler Sokağı,residential,212.10562545522683
2244746246,2244746271,0,Saçı Sokağı,residential,56.981563631065036
2244746246,2244746315,0,Budak Sokağı,residential,212.37280165134985
2244746260,2244746243,0,Adakale Sokağı,residential,83.73347531261525
2244746260,2244746202,0,Otlukbeli Sokağı,residential,209.23514653802516
2244746268,2244746260,0,Adakale Sokağı,residential,84.12985874929768
2244746268,2244746354,0,Ülkem Sokağı,residential,211.4214048373654
2244746271,2244746285,0,Çatal Sokağı,secondary,36.14108748051692
2244746271,2244746211,0,,residential,112.09451779312629
2244746274,2244746302,0,Eceler Sokağı,residential,84.90588511411535
2244746274,2244746295,0,Kırserdar Sokağı,secondary,62.334832573937135
2244746285,2244746271,0,Çatal Sokağı,secondary,36.14108748051692
2244746285,2244746366,0,Çatal Sokağı,secondary,259.1690062864654
2244746295,1033540384,0,Kırserdar Sokağı,secondary,194.85980202863988
2244746302,2244746351,0,Mahirler Sokağı,residential,128.4775436203734
2244746302,2244746324,0,Eceler Sokağı,residential,88.0979164468358
2244746315,3432185396,0,Adakale Sokağı,residential,86.78590488352624
2244746315,2244746376,0,Budak Sokağı,residential,212.94825953726183
2244746324,2244746354,0,Eceler Sokağı,residential,87.23274096842685
2244746324,2244746260,0,Otlukbeli Sokağı,residential,210.50804577573842
2244746345,2244746315,0,Adakale Sokağı,residential,84.71279138271066
2244746345,2244746285,0,Saruhan Sokağı,residential,193.10733514235784
2244746351,2244746295,0,Germeyan Sokağı,residential,110.8596694217593
2244746354,2244746359,0,Eceler Sokağı,residential,81.99771732419572
2244746354,2244746393,0,Ülkem Sokağı,residential,242.55548762771554
2244746359,2244746376,0,Eceler Sokağı,residential,87.07268597157571
2244746359,3432185396,0,Konaklı Sokağı,residential,211.35315917782162
2244746363,2380790743,0,Mektep Sokağı,secondary,235.75388273425318
2244746363,2380790721,0,Kırserdar Sokağı,secondary,230.61298782485505
2244746366,1027924574,0,Adakale Sokağı,residential,75.73795117292183
2244746366,1027924396,0,Çatal Sokağı,secondary,40.438091396454546
2244746366,2244746285,0,Çatal Sokağı,secondary,259.1690062864654
2244746376,2244746389,0,Eceler Sokağı,residential,86.16305802804429
2244746376,2244746400,0,Çiftlik Sokağı,residential,300.5848206519854
2244746389,1027924573,0,Eceler Sokağı,residential,88.43528819678019
2244746389,2244746345,0,Saruhan Sokağı,residential,208.9548072771121
2244746393,8880802727,0,Germeyan Sokağı,residential,2.8645504142853278
2244746400,2244746359,0,Konaklı Sokağı,residential,197.7277117672525
2244746402,1033541224,0,,residential,200.870939100977
2244746402,2244746405,0,Harman Sokağı,secondary,92.7979016506528
2244746402,1027924573,0,Harman Sokağı,secondary,58.69127615456134
2244746403,1033541193,0,Harman Sokağı,secondary,66.58121466080918
2244746403,2380806708,0,Harman Sokağı,secondary,111.83450973311757
2244746403,2244746413,0,Çatal Sokağı,secondary,204.96940462961743
2244746404,2244746393,0,Germeyan Sokağı,residential,88.42022125493865
2244746404,2244746400,0,Konaklı Sokağı,residential,61.13660164846307
2244746405,2244746402,0,Harman Sokağı,secondary,92.7979016506528
2244746405,2244746389,0,Saruhan Sokağı,residential,129.53167198991306
2244746405,1857854051,0,Harman Sokağı,secondary,179.84209126182122
2244746413,1033541308,0,Çatal Sokağı,secondary,90.52280159502934
2244746413,1033541221,0,İnci Sokağı,residential,145.470521264055
2244746413,2244746403,0,Çatal Sokağı,secondary,204.96940462961743
2244746420,2244746422,0,Ören Sokağı,residential,73.5331726242488
2244746420,1033540508,0,Yamaç Sokağı,residential,30.404123607174917
2244746420,2244746421,0,Yamaç Sokağı,residential,159.00141892323137
2244746421,1033540342,0,Orman Sokağı,residential,215.1480956122075
2244746421,495411144,0,Yamaç Sokağı,residential,92.10009996626229
2244746421,2244746420,0,Yamaç Sokağı,residential,159.00141892323137
2244746422,2244746420,0,Ören Sokağı,residential,73.5331726242488
2244746422,1033541103,0,Acar Sokağı,residential,59.20598691377223
2244746422,1033540979,0,"['Acar Sokağı', 'Uğur Sokağı']",residential,104.67130786299057
2244990993,1033539895,0,,residential,88.98990529941592
2244990993,1033539871,0,Şehit Muammer Yüzsüren Sokağı,residential,125.16127191236161
2244990993,2380790858,0,Şehit Muammer Yüzsüren Sokağı,residential,235.80816780533485
2244990994,494094318,0,Cami Girişi Sokağı,residential,56.985840553923126
2244990994,1027924055,0,Cami Girişi Sokağı,residential,66.02195005185891
2244990998,1027923730,0,Çekmece Yolu Caddesi,secondary,158.68776098045115
2245030117,1026970752,0,,primary_link,314.4316272212279
2245030117,12961201767,0,,primary,27.52711422750305
2245030156,12961201782,0,,primary,24.941049267785626
2245030261,2245030292,0,,primary_link,58.744527708909715
2245030292,1141128047,0,,primary_link,224.44513840554134
2245030292,2245030156,0,,primary_link,280.12929907609345
2245030569,2271469472,0,,unclassified,480.23114828825544
2245030656,1007407748,0,Karanfil Sokağı,residential,112.9065740820214
2245030656,1007407687,0,Karanfil Sokağı,residential,230.69811557597836
2245030656,1007406269,0,,residential,78.86303199635773
2245030843,2245030887,0,D-100 Güney Yanyolu,primary,226.6655569410295
2245030887,909194033,0,D-100 Güney Yanyolu,primary,512.0082576962803
2245030887,907179819,0,,trunk_link,232.49059875412746
2245056676,2245056684,0,Osman Hamdi Bey Bulvarı,residential,140.4796919598433
2245056676,12244813340,0,"['Nuri İyem Caddesi', 'Osman Hamdi Bey Bulvarı']",residential,235.64634820443865
2245056676,905362834,0,Elif Naci Caddesi,residential,144.90834739335315
2245056684,2245056676,0,Osman Hamdi Bey Bulvarı,residential,140.4796919598433
2245056702,12962077041,0,,residential,214.8544920511257
2245056702,1859103856,0,D-100 Güney Yanyolu,primary,155.3031627735316
2245056706,2245056702,0,D-100 Güney Yanyolu,primary,160.0924370592559
2245056706,12962077039,0,,residential,232.4029369146199
2245070454,958702999,0,Yeni İncirli Yolu Sokağı,residential,67.34679999663211
2245070454,958702899,0,Tamburacı Osman Sokağı,living_street,88.49619729170888
2245070474,966218424,0,,residential,88.71759510943973
2245070474,2245070479,0,Hulusi Demirelli Sokağı,residential,40.94546375556007
2245070474,966218399,0,Hulusi Demirelli Sokağı,residential,54.74755360103134
2245070474,966218426,0,Avcı Sokağı,residential,73.2228689536713
2245070479,2245070484,0,Çiçekdağlı Sokağı,residential,84.66888123490273
2245070479,2245070489,0,Hulusi Demirelli Sokağı,residential,33.24061178703175
2245070479,2245070474,0,Hulusi Demirelli Sokağı,residential,40.94546375556007
2245070479,966218472,0,Çiçekdağlı Sokağı,residential,221.88730740822342
2245070484,2245070479,0,Çiçekdağlı Sokağı,residential,84.66888123490273
2245070486,2245070489,0,,residential,81.41287405553182
2245070489,966218405,0,Hulusi Demirelli Sokağı,residential,31.980979526773783
2245070489,2245070479,0,Hulusi Demirelli Sokağı,residential,33.24061178703175
2245070489,2245070486,0,,residential,81.41287405553182
2245070503,2382892009,0,Koşuyolu Caddesi,tertiary,29.932356246038538
2245070503,967089844,0,Hulusi Demirelli Sokağı,residential,102.31815628371115
2245070578,958405771,0,,secondary,39.66813655847801
2245070584,2246362894,0,Baharözü Sokağı,residential,132.28613500277885
2245070584,2372029861,0,,secondary,75.61024985882244
2245070590,4586888655,0,Aydın Yuva Sokağı,residential,108.86652123374284
2246163383,1027924776,0,Buketli Sokağı,residential,106.89219541438086
2246163551,2246163623,0,,unclassified,53.06293547907006
2246163607,2246163677,0,,unclassified,197.19212604329704
2246163607,2246163623,0,,unclassified,14.733510617936478
2246163607,2246163643,0,,unclassified,29.41435862761828
2246163623,2246163551,0,,unclassified,53.06293547907006
2246163623,2246163643,0,,unclassified,14.895282525876349
2246163623,2246163607,0,,unclassified,14.73351061793648
2246163643,2246163677,0,,unclassified,88.52307218187538
2246163643,2246163607,0,,unclassified,29.414358627618284
2246163643,2246163623,0,,unclassified,14.895282525876349
2246163677,2246163643,0,,unclassified,88.52307218187538
2246163677,1027924074,0,,unclassified,334.1283289017659
2246163677,2246163607,0,,unclassified,197.19212604329704
2246163724,2380817065,0,,secondary_link,8.252384080143706
2246163724,1027924750,0,,secondary_link,186.33440969261846
2246163915,2246163917,0,,unclassified,69.57735838358178
2246163915,967135255,0,,residential,111.88273214322173
2246163915,967134529,0,,residential,24.799050225499727
2246163917,2246163925,0,,unclassified,14.776614458351759
2246163917,2498920245,0,,unclassified,275.6656381209168
2246163917,2246163915,0,,unclassified,69.57735838358178
2246163925,2246163917,0,,unclassified,14.776614458351759
2246163990,967135255,0,,residential,79.13736811564937
2246163994,2246164062,0,,unclassified,97.20892274612628
2246164062,2246163994,0,,unclassified,97.20892274612628
2246164062,967135259,0,,residential,55.017364997762286
2246164062,967135255,0,,residential,94.88252448901035
2246164123,11215618679,0,,unclassified,16.6770334293913
2246164371,1027197593,0,Rauf Orbay Caddesi,trunk,782.1459167514234
2246164406,8873045396,0,,primary,31.33286468161768
2246164406,13845960915,0,,trunk_link,208.99322060903307
2246164697,8871993006,0,,residential,111.134230949689
2246164827,966218558,0,İstanbul Caddesi,secondary,40.976787736457624
2246164852,2246164854,0,İzzet Molla Sokağı,residential,72.93942369558427
2246164852,959578475,0,Hamam Sokağı,residential,16.62377672101287
2246164854,2246164852,0,İzzet Molla Sokağı,residential,72.93942369558427
2246164854,2246164827,0,Muhasebeci Sokağı,residential,63.70074153390553
2246164862,2246164854,0,Muhasebeci Sokağı,residential,26.415846556248695
2246164862,966218582,0,Reyhan Sokağı,residential,69.77417612159186
2246164862,966218559,0,Reyhan Sokağı,residential,41.70673941131619
2246164877,959578582,0,Ray Sokağı,living_street,93.55894650960174
2246164877,959578637,0,Ray Sokağı,living_street,83.78079322483998
2246164877,959578595,0,Fazıl Paşa Sokağı,living_street,94.12949524988916
2246164959,966218562,0,İmren Sokağı,residential,43.337124290692806
2246164959,966218561,0,İmren Sokağı,residential,45.40411166935656
2246164959,2246164862,0,Muhasebeci Sokağı,residential,121.2311612060467
2246362891,909194266,0,,secondary,159.98044329664208
2246362894,2245070584,0,Baharözü Sokağı,residential,132.28613500277885
2246362894,2246362891,0,Çağ Sokağı,residential,61.16505983502517
2271469472,2382891998,0,Zuhuratbaba Caddesi,tertiary,61.378850058407146
2271469472,988336265,0,Zuhuratbaba Caddesi,tertiary,52.27082838472283
2271469472,2245030569,0,,unclassified,480.2311482882555
2364065038,918481706,0,D-100 Güney Yanyolu,primary,193.09244358405618
2364065038,918482357,0,,trunk_link,167.43347267079068
2364065047,2364065087,0,,primary_link,8.654523570520787
2364065083,918481472,0,D-100 Güney Yanyolu,primary,221.26749132670716
2364065087,2702515649,0,,primary_link,53.1366339533651
2364065087,968158074,0,,primary_link,93.94751277057571
2365290889,958405232,0,İncirli Caddesi,secondary,182.98414584671033
2365290891,2365290893,0,İncirli Caddesi,secondary,82.22115052199615
2365290891,958405531,0,,secondary_link,44.18693222899908
2365290893,958405179,0,İncirli Caddesi,secondary,5.582213925448884
2365290898,958405743,0,,residential,19.472719147237655
2365290907,909194403,0,D-100 Güney Yanyolu,primary,145.21048712266236
2365310144,2365310146,0,Nizam Sokağı,residential,41.293505225995986
2365310144,958405595,0,Çağlar Sokağı,residential,185.4681073073169
2365310146,968158211,0,Şirin Sokağı,residential,109.72299988685944
2368203153,968158439,0,Fildamı Sokağı,residential,110.82924866972262
2368203154,968158310,0,Osmaniye Mektebi Sokağı,residential,22.7107101737586
2368203154,2368203153,0,,residential,35.67158300052954
2368203169,968158709,0,Çobançeşme Koşuyolu Bulvarı,primary,253.30101947614224
2370422433,2112691561,0,Fikret Mualla Caddesi,residential,21.920484777377787
2370422433,12244813340,0,İbrahim Çallı Caddesi,residential,204.41415550407498
2370491674,1027923935,0,,residential,127.55646128736487
2371873288,1027924520,0,Şehit Özcan Canik Sokağı,residential,75.4695673600168
2371873288,13713364916,0,,residential,555.6119132408231
2371873288,1027174376,0,,residential,50.25390230430459
2372029852,2245070578,0,,secondary,46.329044789951354
2372029852,2245070569,0,,secondary_link,48.82979243747274
2372029858,2372029852,0,,secondary,117.32730188916842
2372029858,2372029861,0,,secondary_link,64.46065346290854
2372029861,2246362894,0,Çağ Sokağı,residential,115.09892274266772
2380758443,1064675787,0,Valilik Yolu Caddesi,secondary,268.43101331036445
2380758443,8883676010,0,,secondary,33.58110667845865
2380758444,2380790719,0,Basınköy İstanbul Caddesi,secondary,1252.5204153480383
2380758447,13921153584,0,Hat Üstü Sokağı,residential,184.74341454108284
2380758447,1064675631,0,Hat Üstü Sokağı,residential,152.41878743160126
2380758447,1064675629,0,Papatya Çiçeği Sokağı,residential,171.77757242285688
2380758464,1064675654,0,Gülçiçeği Sokağı,residential,33.04030868549062
2380758464,1064675632,0,Leylak Sokağı,residential,156.31088570615916
2380758464,2810650905,0,Bilgili Sokağı,residential,93.84166261568957
2380758464,1064675678,0,Sözer Sokağı,residential,86.95376720446892
2380758510,1064675570,0,,secondary_link,7.581333339264533
2380758510,1064675621,0,Atayurt Caddesi,secondary,151.1853601841147
2380758525,1064675575,0,,residential,213.9312543225219
2380758525,1064675575,1,,residential,254.24897963723294
2380758525,1064675588,0,,residential,70.4449056308082
2380758598,1064675568,0,,residential,128.98629838908113
2380758727,1064675593,0,,residential,24.686949677690905
2380763662,1027923880,0,Akasya Sokağı,residential,59.06836947719608
2380763662,1027923880,1,"['Cevizli Sokağı', 'Yunus Emre Sokağı']",residential,191.84290428863292
2380763662,1027923879,0,Akasya Sokağı,residential,27.9073609490893
2380790711,2244746351,0,Germeyan Sokağı,residential,83.45375249412314
2380790711,1033539949,0,Mehmet Gergeli Sokağı,residential,52.23023721153759
2380790711,2244746324,0,Otlukbeli Sokağı,residential,194.2526840257838
2380790713,1027923993,0,Yeşilköy Halkalı Caddesi,secondary,1518.3654632011949
2380790718,2380790719,0,,secondary_link,66.06153527390195
2380790718,13921153822,0,,secondary_link,26.414270724056557
2380790719,2380758444,0,Basınköy İstanbul Caddesi,secondary,1252.5204153480386
2380790719,13921153822,0,Yeşilköy Halkalı Caddesi,secondary,70.90492984213596
2380790721,13921153834,0,,secondary,22.79498289502508
2380790721,12847157439,0,,secondary_link,30.37845598063446
2380790733,2380790718,0,,secondary_link,64.2030853678577
2380790733,13921153834,0,,secondary_link,45.45908942566534
2380790738,2380790743,0,,residential,74.01993243484175
2380790743,2380790738,0,,residential,74.01993243484175
2380790743,4977193423,0,Mektep Sokağı,secondary,164.23925023993237
2380790743,2244746363,0,Mektep Sokağı,secondary,235.7538827342532
2380790776,6392046659,0,,unclassified,19.536775832495554
2380790819,8887329233,0,Arslanlı Sokağı,residential,165.68868145751267
2380790838,1033540298,0,Avcılar Sokağı,secondary,42.88988773940483
2380790838,495411144,0,,secondary_link,56.021006264685056
2380790858,2244990993,0,Şehit Muammer Yüzsüren Sokağı,residential,235.80816780533485
2380806666,2380806669,0,,trunk_link,361.48490172540346
2380806666,13196342379,0,Yeşilköy Caddesi,trunk,449.27541834613424
2380806669,2244746098,0,,secondary,75.04527359811641
2380806704,1027174703,0,Yeşilköy Caddesi,trunk,534.2237100346887
2380806708,2244746403,0,Harman Sokağı,secondary,111.83450973311757
2380806708,2380806704,0,Harman Sokağı,secondary,103.02142043929626
2380806709,2380806708,0,Harman Sokağı,secondary,26.20308289249104
2380806710,2380806721,0,Yeşilköy Caddesi,trunk,406.37153657566176
2380806710,1027924682,0,,trunk_link,35.35773124164576
2380806711,1027924682,0,Yeşilköy Caddesi,trunk,36.5364125556533
2380806711,2380806709,0,,trunk_link,48.01008577774021
2380806721,1027924584,0,,trunk_link,12.124880846497602
2380806721,11889209193,0,Yeşilköy Caddesi,trunk,313.0687986658309
2380806724,1033541271,0,Yamaç Sokağı,residential,193.486976910822
2380806724,8887329270,0,,residential,30.570355320382333
2380817065,2246163724,0,,secondary_link,8.252384080143706
2380817065,1027924721,0,Yeşilköy Halkalı Caddesi,secondary,194.88706643838694
2380830059,1027924153,0,Çamözü Sokağı,residential,56.33533479928989
2380830091,1027244854,0,Dört Kardeşler Sokağı,residential,8.947624102797077
2380932367,1027924500,0,Bostan Sokağı,residential,47.21313134879964
2380932369,1027924435,0,Orhan Gazi Sokağı,residential,65.64086794790805
2380932369,2380932367,0,İğde Sokağı,residential,70.189492429552
2380932369,1027924444,0,Orhan Gazi Sokağı,residential,52.07600656995763
2380932373,1027924470,0,Sübyan Mektebi Sokağı,residential,19.05515519041129
2380932373,1027256722,0,Ümran Sokağı,residential,101.32882865114553
2380932379,2385196602,0,,trunk_link,14.3980181367461
2380932379,1027174546,0,Eski Havaalanı Caddesi,trunk,775.2866107815995
2380938889,1027243347,0,Papatya Sokağı,residential,126.7013031851069
2381936227,968158211,0,Şirin Sokağı,residential,65.74439780475
2381937670,958405605,0,Olgunlar Sokağı,tertiary,74.51373185213943
2381937670,958405109,0,Suna Sokağı,residential,119.35681286772041
2382034303,966218478,0,,trunk_link,244.2538464535298
2382094022,2382094023,0,Kırmızı Şebboy Sokağı,residential,15.090090880864915
2382094022,966218494,0,Beyaz Zambak Sokağı,residential,56.74606750568489
2382094023,966218516,0,Kırmızı Şebboy Sokağı,residential,92.30916900654134
2382883694,966218577,0,Karakol Sokağı,residential,47.4857291742298
2382883694,966218620,0,General Kani Elitez Sokağı,residential,93.83919957300101
2382883699,967089877,0,,primary,136.61756997965534
2382883699,967089877,1,,unclassified,140.8021941673308
2382891970,966218716,0,Rıfkı Işık Sokağı,living_street,50.34959690278594
2382891990,2382892070,0,,unclassified,640.9603553319912
2382891993,13891532713,0,Demirkapı Caddesi,tertiary,7.075191247146036
2382891993,2382891998,0,,tertiary,76.03034704629219
2382891996,958702891,0,Demirkapı Caddesi,tertiary,309.57567607369674
2382891996,958702900,0,Zümrüt Bahçe Sokağı,residential,22.308813391728613
2382891996,2382891993,0,Demirkapı Caddesi,tertiary,23.886309146207612
2382891998,2271469472,0,Zuhuratbaba Caddesi,tertiary,61.378850058407146
2382891998,13891532713,0,Zuhuratbaba Caddesi,tertiary,76.21908739064844
2382892004,967089806,0,Koşuyolu Caddesi,tertiary,33.13807818418264
2382892004,966218408,0,Koşuyolu Caddesi,tertiary,43.716761178520706
2382892007,966218476,0,,tertiary,12.576359290903955
2382892007,959578607,0,Yeni Caddesi,tertiary,88.70905443827692
2382892008,966218420,0,Koşuyolu Caddesi,tertiary,58.27165233728382
2382892008,968172800,0,,tertiary,8.301539002272445
2382892009,967089889,0,Koşuyolu Caddesi,tertiary,34.29050193993506
2382892009,968173029,0,,tertiary,10.373910331126273
2382892011,968172778,0,Bitişik Bağlar Sokağı,residential,4.153093329193016
2382892011,968172769,0,Bitişik Bağlar Sokağı,residential,81.15362698819291
2382892011,968172713,0,,residential,105.05073096145816
2382892012,958703005,0,Yüce Tarla Caddesi,secondary,34.58346616082168
2382892012,958703142,0,Bilginler Sokağı,living_street,58.449161614869425
2382892013,968172791,0,Akın Yolu Sokağı,residential,32.740398673707645
2382892013,968172782,0,,residential,33.8625168618738
2382892013,968173029,0,Akın Yolu Sokağı,residential,57.12747850391918
2382892059,968172699,0,Boztepe Sokağı,residential,44.18481557969473
2382892059,968172678,0,Boztepe Sokağı,residential,42.108760466086295
2382892059,968172653,0,,residential,61.30356092331216
2382892060,968172703,0,Boztepe Sokağı,residential,37.968599254130275
2382892060,968172657,0,Boztepe Sokağı,residential,5.648864637814572
2382892060,968172713,0,,residential,42.70615855235539
2382892070,967090114,0,,unclassified,118.31088072543648
2382892070,2382891990,0,,unclassified,640.9603553319911
2382892070,2382892076,0,,unclassified,55.901912450062845
2382892076,2382892079,0,,unclassified,29.023716875018174
2382892076,2382892070,0,,unclassified,55.901912450062845
2382892076,967090103,0,,unclassified,27.712558454703665
2382892079,2382892076,0,,unclassified,29.023716875018174
2382892079,967090113,0,,primary,28.308537353364827
2382892085,968172107,0,,residential,28.759083624884447
2382892085,2382892093,0,Dost Sokağı,residential,73.09382894186759
2382892085,968172111,0,Dost Sokağı,residential,126.33481400750233
2382892086,968172107,0,,residential,28.66862658234408
2382892091,968172670,0,,residential,31.680963309063653
2382892093,6367407135,0,Tez Sokağı,tertiary,31.080498915175514
2382892093,2382892085,0,Dost Sokağı,residential,73.09382894186759
2382892093,967089925,0,Tez Sokağı,tertiary,211.96365467931395
2382907921,959578664,0,Gençler Caddesi,residential,94.70538668050709
2382907921,988336272,0,Gençler Caddesi,residential,262.82711946691
2382907933,958703169,0,İncirli Caddesi,secondary,78.43268790609132
2382907934,958703223,0,İncirli Caddesi,secondary,62.502282163691646
2382907934,958702831,0,Bingül Sokağı,living_street,239.27304877592567
2382907935,968172870,0,Barbaros Sokağı,residential,45.75292400936224
2382907935,2382907936,0,,living_street,45.0103560756186
2382907936,968172726,0,Ulubatlı Sokağı,living_street,36.94338212253607
2382907936,2382907935,0,,living_street,45.0103560756186
2382909864,8857549288,0,Halit Ziya Uşaklıgil Caddesi,secondary,7.876256552202476
2382909865,2382909864,0,Taşevler Sokağı,residential,36.4630076740321
2382909865,9750953051,0,Odabaşı Sokağı,residential,7.120199041882921
2382909866,959578536,0,,residential,6.1603767397862015
2382909866,2382909865,0,Taşevler Sokağı,residential,51.63587019553182
2382909867,2382917967,0,Taşevler Sokağı,residential,27.87475387325699
2382909867,2382909866,0,Taşevler Sokağı,residential,47.491818312132786
2382917895,12569484143,0,,unclassified,176.72371423431395
2382917903,11215618679,0,,unclassified,2.2200553929855613
2382917903,967135264,0,,unclassified,32.12390804248586
2382917963,2382917964,0,Münir Özkul Sokağı,residential,38.842290149774776
2382917963,959578527,0,Şehit Nusret Sokağı,residential,82.0731156554075
2382917964,2382917963,0,Münir Özkul Sokağı,residential,38.842290149774776
2382917965,2382917966,0,Mabet Sokağı,residential,37.228449407765204
2382917965,2382917967,0,Ömer Naci Sokağı,residential,33.08481989684137
2382917967,2382917965,0,Ömer Naci Sokağı,residential,33.08481989684137
2382923574,1005965421,0,,residential,12.33712333159513
2382923574,1005965455,0,,residential,40.162559695429536
2382923574,2382923590,0,,residential,96.5081039251781
2382923588,1005965455,0,,residential,67.63599382060792
2382923588,1005965455,1,,residential,91.55778662833433
2382923588,10151772512,0,,residential,43.313853695580995
2382923590,1005965418,0,,residential,12.127722106128648
2382923590,1005965431,0,,residential,34.98879567679225
2382923592,1005964789,0,Adnan Kahveci Bulvarı,primary,186.95117292023596
2382923594,2382923592,0,,residential,25.152218059942673
2382923594,1005965388,0,,residential,50.24454353684018
2382923600,990483759,0,Doktor Remzi Kazancıgil Caddesi,primary,83.57425729543895
2382923602,7631602537,0,"['Doktor Remzi Kazancıgil Caddesi', 'Dr.Doktor Remzi Kazancıgil Caddesi']",primary,156.30939286573508
2382923605,8868871213,0,,secondary,8.785998520658172
2382923605,1005964207,0,Behçet Kemal Çağlar Caddesi,secondary,178.76237456699687
2382930353,988336662,0,Ali Rıza Efendi Caddesi,secondary,80.96428100357386
2382930353,967134029,0,Ali Rıza Efendi Caddesi,secondary,112.06829515589885
2382930394,967134063,0,,primary_link,37.121162520806216
2382930394,967134089,0,Strasburg Caddesi,primary,33.04781261161525
2382930395,988337275,0,Conk Bayırı Caddesi,secondary,48.41699274500373
2382930395,8859366420,0,,secondary_link,47.968244575291294
2382930404,2382930409,0,,tertiary,12.758142027032072
2382930404,2382930406,0,,tertiary,117.61254126537858
2382930406,2382930410,0,,tertiary,13.54360282566923
2382930406,988336704,0,,tertiary,64.65942631156899
2382930409,2382930404,0,,tertiary,12.758142027032072
2382930409,988336774,0,,tertiary,232.8210441656036
2382930410,2382930406,0,,tertiary,13.54360282566923
2382930410,2382930409,0,,tertiary,124.32272092590847
2382930420,988329369,0,Conk Bayırı Caddesi,tertiary,70.27996252339864
2382930420,988336543,0,Conk Bayırı Caddesi,tertiary,31.808157896210712
2382930420,2382930432,0,,residential,142.65211560532137
2382930432,2382930420,0,,residential,142.65211560532137
2382930434,988336523,0,,residential,121.61649916133368
2382943935,4621146980,0,,unclassified,13.216377286277664
2382943935,1007407698,0,Uğur Mumcu Bulvarı,secondary,107.18258902610155
2382943935,2382943962,0,,unclassified,73.29106052999765
2382943941,1007404712,0,Uğur Mumcu Bulvarı,secondary,23.385822198108475
2382943941,1007404715,0,Yüzücü Talat Yüzmen Sokağı,secondary_link,13.49939892425202
2382943953,4621146983,0,,residential,13.069154335759851
2382943960,2382943962,0,,unclassified,5.962408530977737
2382943962,2382943960,0,,unclassified,5.962408530977737
2382943962,2382943965,0,,living_street,7.484789432266981
2382943962,2382943935,0,,unclassified,73.29106052999765
2382943965,2382943962,0,,living_street,7.484789432266981
2382943965,1007407093,0,Nilüfer Sokağı,living_street,103.51027928566029
2382943965,1007407200,0,Nilüfer Sokağı,living_street,72.84447702295697
2382943965,1007407119,0,,living_street,120.02836000802132
2382943985,1007407182,0,,residential,21.09387438377641
2382943985,2382943987,0,,unclassified,52.65370912472476
2382943985,2382943987,1,,residential,86.00031206649807
2382943987,2382943985,0,,unclassified,52.65370912472476
2382943987,2382943985,1,,residential,86.00031206649807
2382943987,1007407182,0,,residential,72.25876960765939
2382971030,2246164406,0,,primary,26.19538064733918
2382971055,988336991,0,,residential,18.363253617853385
2382971055,2382971059,0,,residential,252.13209872328426
2382971059,2382971067,0,,residential,75.27054826240584
2382971063,988336991,0,Adnan Kahveci Bulvarı,primary,149.01051546727774
2382971063,3926855706,0,,residential,40.7731922198068
2382971067,2382971072,0,,residential,34.862922196597225
2382971070,2382971067,0,,residential,17.093790586098024
2382971070,2382971059,0,,residential,82.84614444976647
2382971072,2382971078,0,,residential,37.89243914634452
2382971072,2382971077,0,,residential,14.94993878261885
2382971073,2382971083,0,,residential,28.310889174488622
2382971073,988336736,0,,residential,68.80284290727485
2382971077,2382971070,0,,residential,46.93925428197538
2382971078,988336780,0,,residential,113.00417862446011
2382971078,3926855706,0,,residential,88.8371272460009
2382971083,2382971084,0,,residential,6.562763889574694
2382971084,988336809,0,,residential,15.225174386076427
2382971084,988336793,0,,residential,14.593987668574307
2382971091,2382971093,0,,residential,35.631634699720024
2382971091,1005965874,0,Lale Sokağı,residential,106.50456982188514
2382971091,1005965861,0,Lale Sokağı,residential,122.40625669126077
2382971093,2382971091,0,,residential,35.631634699720024
2382971093,1007876563,0,,residential,71.13462988872917
2382971093,1007404583,0,,residential,116.01123117313197
2382971203,1005965602,0,Adnan Kahveci Bulvarı,primary,121.03410979727141
2382971243,12752909098,0,,residential,76.3396836543725
2382971243,1007404499,0,Açık Deniz Sokağı,residential,280.25397290067946
2382971247,12752909095,0,,residential,85.54266681543469
2382971247,2382971252,0,,residential,45.6875409002744
2382971247,2382971252,1,,residential,60.87727148765276
2382971251,2382971252,0,,residential,142.0343672312108
2382971252,2382971247,0,,residential,45.687540900274406
2382971252,2382971247,1,,residential,60.87727148765277
2382971252,2382971251,0,,residential,142.0343672312108
2382977987,1027243453,0,Arslan Sokağı,residential,66.49704665862033
2382977988,4519737439,0,Yasemin Sokağı,residential,63.28909396340118
2382982579,2382982580,0,Eski PTT Sokağı,residential,104.87916714158294
2382982579,1027243807,0,Ekin Sokağı,residential,117.62891353592633
2382982580,2382982579,0,Eski PTT Sokağı,residential,104.87916714158294
2382982580,9046101954,0,Yeşilyurt İstasyon Caddesi,secondary,39.321630209766205
2382982581,1027244084,0,Turgut Reis Sokağı,residential,96.77740573972487
2382982581,1027244963,0,Yeşilyurt İstasyon Caddesi,secondary,87.95578340762438
2385196537,11557252167,0,Liman Sokağı,residential,28.204984291577738
2385196539,11557252167,0,Liman Sokağı,residential,41.975318325562014
2385196539,11557272169,0,Yeşilköy İskele Caddesi,secondary,58.4643904794233
2385196539,11039180792,0,Yeşilköy İskele Caddesi,secondary,32.94436172708015
2385196543,11557252168,0,Liman Sokağı,residential,46.644949092703946
2385196543,1027924137,0,Havan Sokağı,residential,43.424706800034954
2385196565,1027924206,0,Yeşilköy İskele Caddesi,secondary,9.9511672647654
2385196565,1027924243,0,Yeşilköy İskele Caddesi,secondary,63.318427485154075
2385196602,1027174313,0,Eski Havaalanı Caddesi,trunk,422.16658604799477
2385196610,2385196612,0,Yeşilyurt İstasyon Caddesi,secondary,16.41687585682545
2385196610,2385196613,0,,secondary_link,20.464970818488716
2385196612,2382982580,0,Yeşilyurt İstasyon Caddesi,secondary,98.37079088391573
2385196613,1027243690,0,Yeşilyurt İstasyon Caddesi,secondary,107.9962560927671
2385196617,1027244048,0,Ürgüplü Caddesi,residential,66.9133845851512
2385196686,2385196688,0,,primary_link,15.56321093324999
2385196686,3723183912,0,Yeni Havaalanı Caddesi,primary,536.0536924681645
2385196688,1026970818,0,Yeni Havaalanı Caddesi,primary,71.73859891329398
2385196688,2385196686,0,,primary_link,15.56321093324999
2385236873,1027924075,0,Yeşilköy Halkalı Caddesi,secondary,317.2624531780451
2385236888,2244746104,0,Kırserdar Sokağı,secondary,103.06347150594533
2385236890,2385236873,0,,secondary_link,75.30287134965788
2385236890,2385236888,0,,secondary,26.733726385147218
2385258236,1027243873,0,Yeşilyurt İstasyon Caddesi,secondary,132.93753842512825
2385258237,1027244258,0,Yeşilyurt İstasyon Caddesi,secondary,28.72413644306516
2385258240,2385258236,0,Yeşilyurt İstasyon Caddesi,secondary,21.907479072244524
2385258240,2385258237,0,,secondary_link,16.86108257602845
2385258241,1027244209,0,,secondary_link,9.203545497116655
2385258241,2385258240,0,Yeşilyurt İstasyon Caddesi,secondary,85.28168463785659
2498920245,2246163917,0,,unclassified,275.6656381209168
2702515649,918481735,0,,primary_link,502.38627992740965
2810640403,1064675640,0,Onur Sokağı,residential,17.14878039104032
2810640403,1064675656,0,Çimen Sokağı,secondary,76.89556123892183
2810640403,1064675537,0,"['Çimen Sokağı', 'Atayurt Caddesi']",secondary,142.28176771439192
2810650905,1064675651,0,,residential,25.53586802276532
2810650905,1064675688,0,Bilgili Sokağı,residential,79.11640977631973
3153018925,12205869493,0,,trunk_link,516.9182026992013
3153018925,966218689,0,Kennedy Caddesi,trunk,232.5836598279638
3178628117,1026970846,0,,trunk,76.77991534617242
3178628117,1026970610,0,Yeni Havaalanı Caddesi,primary,101.2214643666886
3178628129,1027243711,0,,secondary_link,110.501975809347
3178628129,1026971224,0,,primary,77.46968075343248
3178628131,1141128047,0,Yeni Havaalanı Caddesi,primary,89.35285106809148
3178628132,1141127938,0,Yeni Havaalanı Caddesi,primary,88.90152317387933
3178628132,3178628131,0,,primary_link,93.61985083924846
3178643365,11889586765,0,Rauf Orbay Caddesi,trunk,577.666250356316
3283907246,968158702,0,Çobançeşme Koşuyolu Bulvarı,primary,49.06252457294839
3432185396,2244746268,0,Adakale Sokağı,residential,86.44116187000901
3432185396,2244746235,0,Konaklı Sokağı,residential,213.05485212168531
3448836567,11889861376,0,,tertiary,14.375932052923268
3723183911,3723183912,0,,primary,16.107800392263577
3723183911,2385196688,0,Yeni Havaalanı Caddesi,primary,541.5021884621041
3723183912,3723183911,0,,primary,16.107800392263577
3723183912,1026970692,0,Yeni Havaalanı Caddesi,primary,1013.7710790315753
3926855706,2382971055,0,,residential,94.87842675371729
3968165741,1027243827,0,Demet Sokağı,residential,139.8441043428617
3968165741,1027243837,0,Sahil Yolu Caddesi,secondary,31.08669094383968
3968165741,1027243800,0,Sahil Yolu Caddesi,secondary,74.99926808651267
4104770089,363910202,0,,residential,25.511551717911804
4519705612,1027243752,0,Kuşkonmaz Sokağı,residential,89.18044005021969
4519705613,1027243752,0,Kuşkonmaz Sokağı,residential,50.60678091219839
4519705613,1027244092,0,Ekin Sokağı,residential,201.5887066852
4519705613,1027244278,0,Ürgüplü Caddesi,residential,96.18562766708939
4519737439,2382977988,0,Yasemin Sokağı,residential,63.28909396340118
4519737439,1027243587,0,Çınarlı Sokağı,residential,52.24587141439697
4519737439,1027243582,0,Çınarlı Sokağı,residential,72.333728898822
4586888655,958405109,0,Suna Sokağı,residential,17.058555571437637
4586888655,968158173,0,Suna Sokağı,residential,28.696683437656464
4586888656,958405607,0,Baharlı Bahçe Sokağı,residential,38.777470904533864
4586888656,2245070590,0,Baharlı Bahçe Sokağı,residential,66.74011259352807
4586889197,2364065047,0,,primary_link,20.56145705774976
4589727643,4586889197,0,,primary_link,160.70037162097069
4605476987,958703600,0,Akıncılar Sokağı,living_street,175.12318343715907
4621146980,2382943935,0,,unclassified,13.216377286277664
4621146980,1007404472,0,Uğur Mumcu Bulvarı,secondary,194.8554239461692
4621146983,1007404715,0,Uğur Mumcu Bulvarı,secondary,114.68489302559335
4621146983,2382943953,0,,residential,13.069154335759851
4621154613,2382907934,0,İncirli Caddesi,secondary,55.979855731013885
4621154616,958702878,0,İncirli Caddesi,secondary,49.58393897658728
4621154616,958702798,0,Santral Çıkmazı Sokağı,living_street,168.51471641582998
4859033658,1005965580,0,Adnan Kahveci Bulvarı,primary,710.8001802252384
4859033660,988336780,0,,residential,20.499214337199927
4859033660,2382971077,0,,residential,156.89604872019635
4916333187,959578586,0,Cumhuriyetçi Sokağı,living_street,108.77550994396071
4916333187,959578642,0,Ray Sokağı,living_street,60.398318299795136
4916333187,959578582,0,Ray Sokağı,living_street,109.14958524410345
4966123087,1027924303,0,,residential,91.02863922356416
4966123087,1027924766,0,Kazım Silivrili Sokağı,residential,20.99915050868314
4966123087,1027924214,0,Bestekar İzzet Efendi Sokağı,residential,111.40987231936778
4976726889,1027923819,0,,secondary_link,13.096406244134368
4976726889,1027923880,0,Cevizli Sokağı,residential,100.944755130025
4977193423,8883675952,0,Harman Sokağı,secondary,95.38450684060628
4977193423,1033540182,0,Mektep Sokağı,secondary,112.67085718837713
4977193423,2380790743,0,Mektep Sokağı,secondary,164.23925023993237
4977193423,1033540174,0,Harman Sokağı,secondary,112.19041521487081
4977262023,1027923876,0,Akasya Sokağı,residential,27.109808461820684
4977352579,1064675688,0,Vali Konağı Caddesi,tertiary,21.29371536041514
4977352579,4977352580,0,,secondary_link,10.418206252791673
4977352579,1064675651,0,Bilgili Sokağı,residential,88.74582568008303
4977352580,4977352579,0,,secondary_link,10.418206252791673
4977352580,1064675707,0,Vali Konağı Caddesi,tertiary,128.16720974670758
4977352580,1064675876,0,Derya Önü Sokağı,residential,125.83268669583336
4978760081,988336052,0,,secondary,60.25995611977441
4978760081,8021836408,0,,primary,34.45055984268741
4979278177,4979278179,0,,trunk_link,78.94085624229886
4979278179,1027174754,0,Eski Havaalanı Caddesi,trunk,353.15311021625115
4979278179,1027174546,0,,trunk_link,153.8004815501904
5674276004,12752909085,0,Açık Deniz Sokağı,residential,74.65527721851016
5674276004,2382971203,0,Açık Deniz Sokağı,residential,37.437988746095954
5674276006,2382971203,0,Adnan Kahveci Bulvarı,primary,44.5461770341761
5674276006,5674276004,0,Açık Deniz Sokağı,residential,36.56293661128794
5777569434,1033540405,0,Mektep Sokağı,secondary,40.236901093478224
5777569434,5777569437,0,,residential,58.92702280974772
5777569434,1033540247,0,Mektep Sokağı,secondary,21.361208080736233
5777569436,1033540159,0,Altay Sokağı,residential,6.14391569949298
5777569436,5777569437,0,,residential,60.39254451420534
5777569436,1033540150,0,Altay Sokağı,residential,38.80597550061151
5777569437,5777569434,0,,residential,58.92702280974772
5777569437,5777569436,0,,residential,60.39254451420534
5777569437,10316977890,0,,residential,48.28872784035665
5777925705,5777925709,0,,trunk_link,186.3531689286411
5777925705,918482357,0,,trunk,869.2516932568
5777925709,918481828,0,D-100 Güney Yanyolu,primary,40.16582690248896
6300279742,1005965602,0,,primary_link,28.32644503008571
6300279742,1005965393,0,Adnan Kahveci Bulvarı,primary,66.41440107513148
6367407127,968158125,0,Tez Sokağı,tertiary,10.919493583920717
6367407127,968158131,0,Sugözü Sokağı,residential,118.93027096069164
6367407127,968158137,0,Tez Sokağı,tertiary,104.6853417305563
6367407135,967089977,0,Tez Sokağı,tertiary,28.976699249076116
6367407135,2382892093,0,Tez Sokağı,tertiary,31.080498915175514
6367407135,968172107,0,,residential,69.84375300304089
6392046659,2380790776,0,,unclassified,19.536775832495554
6392046659,1027924701,0,Florya Caddesi,secondary,23.155739161535603
6392046659,1064677024,0,Florya Caddesi,secondary,236.79355929771015
6761742240,6761742242,0,,trunk_link,17.46739612522183
6761742240,1027256583,0,,secondary,15.423158543107476
6761742242,1027256671,0,,trunk_link,43.77549776043395
6761863770,1026970818,0,,primary_link,14.978662508992779
6761863770,2385196686,0,Yeni Havaalanı Caddesi,primary,71.36094984742248
6761863770,13690686464,0,,residential,127.95104107584986
6885004776,12205869493,0,,primary_link,12.023386323908332
6885004776,9954310026,0,,primary_link,6.6945809034332235
6885004776,966218618,0,İstanbul Caddesi,secondary,55.40960908884378
7242709082,12962077039,0,,residential,3.958544980389255
7242709082,12962077042,0,,residential,62.902513363823026
7242709083,12962077041,0,,residential,4.427863902028052
7242709083,7242733586,0,,residential,118.9202794805203
7242733586,12244813312,0,Bedri Rahmi Eyüboğlu Caddesi,tertiary,21.392218309722963
7242733586,12962077041,0,,residential,122.70437635656032
7242733586,7242733589,0,,tertiary,99.6933370649922
7242733589,1859103713,0,Bedri Rahmi Eyüboğlu Caddesi,tertiary,263.8395378401616
7242733589,7242733586,0,,tertiary,99.6933370649922
7631602537,1005964266,0,,primary_link,196.02727126072907
7631602537,1005965072,0,Doktor Remzi Kazancıgil Caddesi,primary,114.76913051548296
7908632925,1033539934,0,Orman Sokağı,residential,41.8799423789981
7908632925,8883675951,0,,secondary_link,30.05479198857192
7968198693,967134105,0,Ali Rıza Efendi Caddesi,secondary,51.54503178947985
7968198693,967134029,0,Ali Rıza Efendi Caddesi,secondary,246.57304357608075
7968198696,8859366405,0,Strasburg Caddesi,primary,192.1986444200231
7968198697,967134470,0,Zübeyde Hanım Caddesi,secondary,59.00041629745005
7968198697,967134077,0,,primary,43.24623407438821
8021836408,988336105,0,Doktor Remzi Kazancıgil Caddesi,primary,207.02422808521936
8021836408,988336233,0,,primary_link,46.84091795362587
8739267330,1027174347,0,Florya Caddesi,secondary,79.43583597864719
8739267330,8837111732,0,Yeşilköy Caddesi,trunk,42.68427342874665
8745873128,4586889197,0,,primary_link,284.6839518159374
8745909513,958136239,0,D-100 Güney Yanyolu,primary,285.1434705113357
8746470341,907179819,0,,trunk,642.840880100964
8746470341,2245030843,0,,trunk_link,187.10826929462414
8746606022,11578631978,0,,primary_link,10.703933048234203
8746606022,1859103852,0,Yenibosna Kavşağı,primary_link,145.01457853480773
8837111732,1027923841,0,Yeşilköy Caddesi,trunk,122.09866766046943
8837111732,1027174457,0,,trunk,44.81910712201969
8857549277,959578696,0,,secondary_link,22.80199611946248
8857549280,11905082898,0,,secondary_link,27.849049161431054
8857549280,959578737,0,Fişekhane Caddesi,secondary,20.870109143345765
8857549288,9750953051,0,Taşevler Sokağı,residential,38.27063735387752
8857549288,959578534,0,Halit Ziya Uşaklıgil Caddesi,secondary,32.827115240588526
8857549298,967134380,0,,secondary_link,5.8993466858673544
8857549298,967134347,0,Zübeyde Hanım Caddesi,secondary,35.89395537171442
8857549308,967134295,0,,secondary_link,8.259104715095448
8857549308,967134356,0,Zübeyde Hanım Caddesi,secondary,22.26618583518147
8857558117,967134196,0,,secondary_link,7.018222530347608
8857558117,988329424,0,Zübeyde Hanım Caddesi,secondary,8.718626758879452
8857558134,959578766,0,Ataköy Galleria Kavşağı,trunk_link,116.86882621427277
8857558134,959578941,0,,primary,52.54116935729086
8859366358,959578541,0,Kennedy Caddesi,trunk,19.409189980945136
8859366389,988336523,0,Conk Bayırı Caddesi,tertiary,64.26925102925416
8859366389,988329369,0,Conk Bayırı Caddesi,tertiary,11.146138523066442
8859366391,4978760081,0,Strasburg Caddesi,primary,190.64180103357901
8859366393,8859366397,0,,primary_link,38.21956980392783
8859366393,988329371,0,,primary_link,24.507353900200734
8859366397,2382930394,0,Strasburg Caddesi,primary,187.70288588804942
8859366405,988329375,0,Strasburg Caddesi,primary,21.23354981332726
8859366405,12205869447,0,,primary_link,27.01803335314061
8859366420,988336662,0,,secondary_link,125.2898398530512
8859366420,8859366425,0,,secondary_link,20.359181678185454
8859366425,8859366459,0,,secondary_link,18.581485468260258
8859366425,988336634,0,Conk Bayırı Caddesi,tertiary,32.51634753718239
8859366459,2382930395,0,,secondary_link,46.75886118324081
8859366459,8859366420,0,,secondary_link,17.529299777366894
8868871213,2382923602,0,,primary_link,54.77554522586199
8868871213,990483757,0,,secondary,28.195174651789042
8868878855,1005965054,0,,primary_link,187.3648832514733
8868878855,1005965048,0,Mustafa Sarıçiçek Bulvarı,primary,155.125575278616
8871992937,12752909081,0,Defne Sokağı,residential,224.02798455080648
8871992938,8871992937,0,,living_street,39.400665793011136
8871992938,1007877440,0,,living_street,52.565151002229705
8871992990,988336947,0,Adnan Kahveci Bulvarı,primary,113.84800208840858
8871992990,248138590,0,Ataköy 5. Kısım Kavşağı,trunk_link,160.0434205435413
8871992995,8871992990,0,Adnan Kahveci Bulvarı,primary,23.589843852011985
8871993006,8871993014,0,Adnan Kahveci Bulvarı,primary,126.09217180623494
8871993006,2246164371,0,Ataköy 5. Kısım Kavşağı,trunk_link,271.23155764893573
8871993014,11889214429,0,Adnan Kahveci Bulvarı,primary,18.322640755943876
8873045392,8873045396,0,,primary_link,48.300795236991476
8873045392,2382971030,0,,primary,27.715615304733028
8873045396,8871992995,0,,primary,12.833799694363494
8875766407,1027924354,0,Uçan Sokağı,residential,129.55417893758414
8875766408,1027924765,0,Naima Sokağı,residential,11.024135348576218
8875766408,1027924273,0,,residential,214.15701166111972
8875766408,1027924236,0,Naima Sokağı,residential,104.19846373610409
8875766412,2380932373,0,Ümran Sokağı,residential,58.327610542273746
8875825617,8875825619,0,,residential,13.873927181243609
8875825618,8875766407,0,Hilmi Naili Sokağı,residential,128.83403315715987
8875825618,8875825617,0,,residential,6.814932103617321
8875825619,1027256635,0,Köse Raif Paşa Sokağı,residential,137.4700233561664
8875825619,1027924854,0,,residential,18.8097478692836
8880083822,1027256967,0,İstanbul Caddesi,secondary,179.6479359058799
8880083825,1027924248,0,Yeşilköy İskele Caddesi,secondary,15.98967418061052
8880083825,1027924160,0,Yeşilköy İskele Caddesi,secondary,129.99926809972345
8880083825,1027243960,0,İstanbul Caddesi,secondary,145.29273515183286
8880083834,1027256715,0,Ümran Sokağı,residential,5.0045226080286875
8880083834,1027256645,0,Dört Kardeşler Sokağı,residential,63.871819683704416
8880083835,1027244278,0,Başak Sokağı,residential,121.9693810160194
8880802727,494078053,0,Germeyan Sokağı,residential,28.92453400766037
8880802727,8880802729,0,,residential,23.802054948460622
8880802729,1033539924,0,,residential,68.84211996948027
8883675950,1033540185,0,Orman Sokağı,residential,121.14390263829249
8883675950,8883675952,0,,secondary_link,4.256885026671866
8883675951,8883675961,0,,secondary_link,10.659968537764863
8883675951,1027924691,0,,secondary_link,25.832522277300633
8883675952,4977193423,0,Harman Sokağı,secondary,95.38450684060628
8883675952,8883675962,0,,secondary_link,8.380783305357607
8883675961,8883675950,0,,secondary_link,6.421920299626285
8883675962,7908632925,0,,secondary_link,34.15303195716422
8883675962,8883675951,0,,secondary_link,10.42359893177743
8883676010,8883679923,0,,secondary,12.810055208722071
8883676016,8883679919,0,,secondary,7.331241986223054
8883679919,8883676010,0,,secondary,11.760686914284943
8883679919,2380758443,0,,secondary,33.633357147616834
8883679923,1064676977,0,,secondary,33.00115133914057
8883679923,8883676016,0,,secondary,13.392906680849505
8883679946,1064675787,0,Tepe Sokağı,secondary,23.582483007264305
8883679946,1064675750,0,Tepe Sokağı,secondary,271.1379399855054
8884099780,1064676038,0,Atayurt Caddesi,secondary,52.153689436577324
8884099780,8884099783,0,,secondary_link,7.7066000453149455
8884099780,1027923964,0,11. Sokak,tertiary,187.58409397791627
8884099783,8884099780,0,,secondary_link,7.7066000453149455
8884099783,1025668939,0,Atayurt Caddesi,secondary,54.8270226929198
8884099787,1064675605,0,,residential,71.21355065329669
8884099787,13341072682,0,,residential,27.95941242331455
8884099807,1027923740,0,Hanımeli Sokağı,residential,48.92091803697496
8887329233,495411182,0,Yamaç Sokağı,residential,7.942644950524822
8887329233,1033541271,0,Yamaç Sokağı,residential,161.0754287253932
8887329233,2380790819,0,Arslanlı Sokağı,residential,165.68868145751267
8887329234,1033540699,0,Acar Sokağı,residential,31.969419473413428
8887329234,1033541055,0,Acar Sokağı,residential,121.7234009300464
8887329234,1033540992,0,Bahçe Sokağı,residential,69.43352392649857
8887329249,11889209191,0,Yeşilköy Caddesi,trunk,101.37111219418716
8887329249,1033541001,0,,secondary,106.52712132474052
8887329270,1033541275,0,,secondary,27.631850699519866
8887329275,2380806721,0,,trunk_link,11.548599565431083
8887329275,8887329281,0,Yeşilköy Caddesi,trunk,51.15085465693933
8887329281,2380806711,0,Yeşilköy Caddesi,trunk,276.34825767310025
8887329310,1027174377,0,1. İnönü Caddesi,secondary,20.034146539914943
8887329310,1027174376,0,1. İnönü Caddesi,secondary,10.324901844765789
9038284123,988329408,0,"['Fişekhane Caddesi', 'Ak Mescit Sokağı']",secondary,276.819191546679
9038284123,959578705,0,,secondary_link,36.73739448516116
9046101954,1027244168,0,Yeşilyurt İstasyon Caddesi,secondary,6.621323933275893
9046101954,1027243884,0,Sipahioğlu Caddesi,secondary,102.85077023238779
9046101961,988337275,0,,tertiary,26.980995055102888
9046101961,988336677,0,,tertiary,11.013404780479036
9346982261,958136029,0,Alem Sokağı,residential,41.118188169954614
9654303386,1007407462,0,,residential,6.716204035759346
9654303386,1007406269,0,Karanfil Sokağı,residential,155.3957559747502
9654303386,1007407683,0,,residential,154.52840203349248
9750953051,959578533,0,Odabaşı Sokağı,residential,32.17649620285125
9750953051,959578536,0,Taşevler Sokağı,residential,52.058106612352475
9750953051,2382909865,0,Odabaşı Sokağı,residential,7.120199041882921
9750953056,959578643,0,"['Ray Sokağı', 'Halkçı Sokağı']","['living_street', 'residential']",244.24494908762262
9750953056,959578428,0,"['Fişekhane Caddesi', 'İstanbul Caddesi']",secondary,152.3222234679755
9769272789,958405490,0,İncirli Caddesi,secondary,102.44284808364968
9769272792,958405820,0,Dr. Tevfik Sağlam,secondary,72.43744986794708
9769272792,958703200,0,,secondary_link,35.47549068602424
9954310026,966218644,0,,trunk_link,127.38450901515546
9954310026,966218689,0,,trunk_link,415.2006263002467
10151772512,1005965431,0,,residential,40.49786819464405
10151772512,10151772513,0,,residential,36.08639614464746
10151772512,2382923588,0,,residential,43.313853695581
10151772513,10151772512,0,,residential,36.08639614464746
10191775409,988336722,0,,residential,166.26040485332868
10191775409,988336814,0,,residential,164.6868344588662
10191775409,988336814,1,,living_street,155.2986700502452
10270443653,959578559,0,Milliyetçi Sokağı,living_street,57.792573618062065
10270443653,10270443655,0,,living_street,48.117433756746905
10270443655,10270443653,0,,living_street,48.117433756746905
10316977890,5777569437,0,,residential,48.28872784035665
10705338489,958136017,0,Olgunlar Sokağı,residential,106.69761386191749
10795855135,2380806710,0,Yeşilköy Caddesi,trunk,582.6514900715258
10795855135,1027174703,0,,trunk_link,57.74800552574182
10884273119,12244813316,0,Bedri Rahmi Eyüboğlu Caddesi,tertiary,121.15916663603227
10884273119,2112679826,0,"['Osman Hamdi Bey Bulvarı', 'Bedri Rahmi Eyüboğlu Caddesi']",tertiary,360.20537172985473
10884273126,2112691561,0,Burhan Doğançay Caddesi,residential,15.542860891613541
10884273126,7242709082,0,,residential,241.90920409367934
11006314365,958405297,0,Çetiner Sokağı,residential,62.65599506496959
11039180792,2385196539,0,Yeşilköy İskele Caddesi,secondary,32.94436172708015
11039180792,11039258010,0,Yeşilköy İskele Caddesi,secondary,18.404027082710268
11039258010,11039180792,0,Yeşilköy İskele Caddesi,secondary,26.622424963448005
11039258010,11595364204,0,Yeşilköy İskele Caddesi,residential,28.05454828994901
11039309419,620077517,0,,residential,53.68769387026676
11039309419,12569484115,0,,tertiary,210.1593600841628
11042234847,1033540470,0,İç Sokağı,residential,88.20325646360246
11042234847,1033540459,0,Avcılar Sokağı,secondary,80.97089711192321
11215618679,2382917903,0,,unclassified,2.2200553929855613
11215618679,967135259,0,,unclassified,25.228122018823594
11215618679,2246164123,0,,unclassified,16.6770334293913
11345677260,11345677264,0,,primary_link,611.0716456078707
11345677260,905151611,0,Basın Ekspress Yolu,primary,262.00739363228314
11345677264,1841824812,0,Basın Ekspress Yolu,primary,542.8598269558133
11556721691,959578675,0,Bestekar Rakim El Kutlu Sokağı,living_street,19.235502970698754
11557252167,2385196537,0,Liman Sokağı,residential,28.204984291577738
11557252167,2385196539,0,Liman Sokağı,residential,41.975318325562014
11557252167,11557252168,0,Liman Sokağı,residential,68.90806824067487
11557252168,11557272169,0,,residential,36.825588147450794
11557252168,2385196543,0,Liman Sokağı,residential,46.644949092703946
11557252168,11557252167,0,Liman Sokağı,residential,68.90806824067485
11557272169,11557252168,0,,residential,36.825588147450794
11557272169,11557272196,0,Yeşilköy İskele Caddesi,secondary,44.60300201907211
11557272169,2385196539,0,Yeşilköy İskele Caddesi,secondary,58.4643904794233
11557272195,2385196543,0,Liman Sokağı,residential,5.923171137986963
11557272195,11592710864,0,,residential,2.833335199343535
11557272196,1027924160,0,Yeşilköy İskele Caddesi,secondary,8.048496221432048
11557272196,11592710865,0,,residential,20.265110989444988
11557272196,11557272169,0,Yeşilköy İskele Caddesi,secondary,44.6030020190721
11572888723,1857917187,0,,trunk_link,204.09920045260324
11572888723,1857917102,0,D-100 Güney Yanyolu,primary,675.2708961988155
11575208050,1027174347,0,,trunk_link,163.6763276492498
11575208050,11575208051,0,Yeşilköy Caddesi,trunk,36.05577083266165
11575208051,8739267330,0,Yeşilköy Caddesi,trunk,65.22310956437097
11575208051,1857734476,0,,trunk_link,53.19142345141182
11579057570,958405938,0,Sayfiye Sokağı,residential,23.10897642471043
11579057577,958405432,0,Pembe Ay Sokağı,residential,63.181452904068394
11592710864,11557272195,0,,residential,2.833335199343535
11592710865,11557272196,0,,residential,20.265110989444988
11595364204,11039258010,0,Yeşilköy İskele Caddesi,residential,28.05454828994901
11599572238,13704296892,0,Eski Edirne Asfaltı Sokağı,tertiary,99.27474772479708
11652894520,1027924525,0,1. İnönü Caddesi,secondary,4.809070343643189
11652894520,1027923680,0,1. İnönü Caddesi,secondary,118.70643278913596
11657362002,1033540438,0,Tezgel Sokağı,residential,82.68377767346134
11826403684,11932587431,0,İsmail Erez Bulvarı,tertiary,29.378316427707066
11826403684,11932587434,0,,residential,40.08826739803219
11826403694,968158622,0,,tertiary,177.92975710866983
11826403694,968158378,0,Ekrem Kurt Bulvarı,primary,332.1697330546075
11826403701,968158046,0,Ekrem Kurt Bulvarı,primary,91.84552372764942
11826403701,968158143,0,,primary,43.279001256233656
11889209191,11889209193,0,,trunk_link,7.620321581517585
11889209191,1033541016,0,Yeşilköy Caddesi,trunk,80.61458152299366
11889209193,13713364915,0,Yeşilköy Caddesi,trunk,527.3873088075181
11889209194,1033541006,0,,trunk_link,9.88712291769729
11889209194,11889209191,0,,trunk_link,22.6586489061995
11889214429,579904564,0,Ataköy 5. Kısım Kavşağı,trunk_link,142.87363592898882
11889214429,8873045392,0,,primary,34.78554581435829
11889214430,8871993014,0,Ataköy 5. Kısım Kavşağı,trunk_link,149.08386506382334
11889214430,2246164371,0,Rauf Orbay Caddesi,trunk,180.0035429037964
11889214431,988336947,0,Ataköy 5. Kısım Kavşağı,trunk_link,194.57819087662466
11889214431,248138590,0,Rauf Orbay Caddesi,trunk,121.01534536489775
11889214432,8871992995,0,Ataköy 5. Kısım Kavşağı,trunk_link,117.60368725952867
11889214432,13845960911,0,Rauf Orbay Caddesi,trunk,135.31968995434158
11889586765,959578789,0,Ataköy Galleria Kavşağı,trunk_link,174.95691135114131
11889586765,959578766,0,Rauf Orbay Caddesi,trunk,111.32010034368614
11889586767,959578899,0,Rauf Orbay Caddesi,trunk,74.38168585804014
11889586767,959578822,0,Ataköy Galleria Kavşağı,trunk_link,127.35927460930856
11889586768,959578808,0,Ataköy Galleria Kavşağı,trunk_link,222.59660326814287
11889586768,959578875,0,Rauf Orbay Caddesi,trunk,145.93060966768533
11889589070,959578859,0,Ataköy Galleria Kavşağı,trunk_link,115.47562657519062
11889589070,959578844,0,Rauf Orbay Caddesi,trunk,110.77111275310466
11889589107,2382034303,0,,trunk_link,124.9583908154828
11889589107,966218653,0,,trunk_link,37.37165237694413
11889861376,4859033658,0,,tertiary_link,51.983491523739076
11889861376,988336963,0,,tertiary,40.73262463016614
11889861376,988336903,0,,tertiary_link,19.238552344845196
11889861377,988336903,0,,tertiary,46.577606398652904
11889861377,988336963,0,Adnan Kahveci Bulvarı,primary,34.2769161971737
11889861379,959578844,0,Ataköy Galleria Kavşağı,trunk_link,166.01517299719004
11889861379,959578859,0,,primary,87.08597425962525
11889861380,959578875,0,Ataköy Galleria Kavşağı,trunk_link,107.65832459864112
11889861380,959578808,0,,primary,77.835137738304
11905082898,8857549277,0,,secondary_link,8.96932910283431
11905082898,959578737,0,Zübeyde Hanım Caddesi,secondary,10.6321207544053
11905082929,9750953056,0,Fişekhane Caddesi,secondary,60.956717593186184
11905082929,959578587,0,Türkçü Sokağı,residential,82.90106203216098
11930643228,958405120,0,İsmail Erez Bulvarı,tertiary,320.41697053407944
11932587431,968158835,0,İsmail Erez Bulvarı,residential,7.235695301084361
11932587431,11930643228,0,İsmail Erez Bulvarı,tertiary,22.595709874447046
11932587431,11932587434,0,,residential,22.303289733136413
11932587432,11930643228,0,,residential,37.62480847239294
11932587432,11932587431,0,,residential,30.503676130219805
11932587434,11932587447,0,,residential,65.67877705887247
11932587435,11932587447,0,,residential,14.111377376333994
11932587447,11932587435,0,,residential,14.111377376333994
11932587447,11932587432,0,,residential,59.9728110126548
12142728022,1859108033,0,,trunk_link,142.350894479038
12142728022,8746470341,0,,trunk,606.5076738854369
12143279067,1007403343,0,,residential,72.57082088099546
12143279067,12143279068,0,,residential,24.845159563696335
12143279067,1005965861,0,,residential,22.8301335335652
12143279068,12143279067,0,,residential,24.845159563696335
12143279068,1005965861,0,Lale Sokağı,residential,19.615333340701163
12143279068,1005965720,0,,residential,566.0690481338274
12205869447,988329379,0,,tertiary,15.177912341749426
12205869468,988336083,0,,residential,301.3986288331265
12205869468,988336052,0,Behçet Kemal Çağlar Caddesi,secondary,23.821430632828125
12205869468,959578651,0,Behçet Kemal Çağlar Caddesi,secondary,177.12334646462028
12205869491,966218642,0,Tayyare Meydanı Sokağı,residential,44.85756823888404
12205869493,969160829,0,Abay Caddesi,secondary,90.3565239438961
12205869493,969160869,0,,primary,89.29557488412686
12242082786,968158722,0,,residential,39.397268454389625
12242082786,968158835,0,İsmail Erez Bulvarı,tertiary,69.48520155035875
12244813312,10884273119,0,Bedri Rahmi Eyüboğlu Caddesi,tertiary,118.43202836898158
12244813312,12244813316,0,Bedri Rahmi Eyüboğlu Caddesi,tertiary,13.707589209170314
12244813316,7242733589,0,Bedri Rahmi Eyüboğlu Caddesi,tertiary,104.87311173422344
12244813340,2370422433,0,İbrahim Çallı Caddesi,residential,204.41415550407498
12244813340,2245056676,0,"['Nuri İyem Caddesi', 'Osman Hamdi Bey Bulvarı']",residential,235.64634820443868
12244813340,12244813341,0,Nuri İyem Caddesi,residential,87.94587936937629
12244813341,13609786206,0,D-100 Güney Yanyolu,primary,187.15708969800892
12244813341,12244813340,0,Nuri İyem Caddesi,residential,87.94587936937629
12246600527,958703006,0,Vankulu Sokağı,residential,53.78880542735788
12246600527,958702983,0,Yüce Tarla Caddesi,secondary,116.71816485595366
12569484115,12569484143,0,,tertiary,17.731899796022578
12569484118,967135266,0,,residential,37.77219128585629
12569484118,967135055,0,,tertiary,35.214371920067975
12569484124,12569484127,0,,tertiary,20.458057403898533
12569484124,967135035,0,,tertiary,26.522398319100702
12569484127,12569484128,0,,tertiary,6.5418279621395214
12569484128,12569484115,0,,tertiary,27.889738200753143
12569484128,959578957,0,,tertiary,620.8726079967954
12569484143,12569484118,0,,tertiary,3.566649484399079
12569484143,2382917895,0,,unclassified,176.72371423431395
12574401376,1005965388,0,Mimoza Sokağı,residential,264.78089006379025
12574401376,12574401377,0,Mimoza Sokağı,residential,8.029478440651255
12574401377,12574401376,0,Mimoza Sokağı,residential,8.029478440651255
12574401377,1005965361,0,Mimoza Sokağı,residential,123.64148977428576
12574401377,2382923600,0,,residential,22.109153360043045
12582488652,1027923841,0,,trunk_link,25.070711780262013
12582488652,1027923836,0,Çevre Sokağı,residential,176.33652087911517
12752909081,1007404522,0,Defne Sokağı,residential,103.50798005471559
12752909085,5674276004,0,Açık Deniz Sokağı,residential,74.65527721851016
12752909085,1007404522,0,Açık Deniz Sokağı,residential,27.652825062306135
12752909085,1007877814,0,,residential,57.911801221635244
12752909095,2382971247,0,,residential,85.54266681543469
12752909095,12752909096,0,,residential,9.601209322688469
12752909095,12752909098,0,,residential,11.871072608142757
12752909096,1007877597,0,,residential,104.3321274624558
12752909096,12752909097,0,,residential,11.3595985565772
12752909096,12752909095,0,,residential,9.601209322688469
12752909097,1007877351,0,,residential,68.48754532213394
12752909097,12752909098,0,,residential,9.667035668962363
12752909097,12752909096,0,,residential,11.3595985565772
12752909098,2382971243,0,,residential,76.3396836543725
12752909098,12752909095,0,,residential,11.871072608142757
12752909098,12752909097,0,,residential,9.667035668962363
12782217605,2112679826,0,Osman Hamdi Bey Bulvarı,tertiary,330.2895875908913
12782217605,13976347216,0,,tertiary,76.35332756579164
12847157439,2380790718,0,,secondary_link,11.892899415522757
12847157439,2380790713,0,,secondary_link,40.71625512440513
12961201767,2245030261,0,,primary_link,283.1936199341498
12961201767,2245030156,0,,primary,24.679681093254334
12961201782,2245030117,0,,primary,34.00342941076382
12962077039,7242709082,0,,residential,3.958544980389255
12962077039,2245056706,0,,residential,232.40293691461986
12962077039,10884273126,0,,residential,240.4613744777326
12962077041,7242709083,0,,residential,4.427863902028052
12962077041,12962077043,0,,residential,81.66861459925528
12962077041,2245056702,0,,residential,214.8544920511257
12962077042,7242709083,0,,residential,81.65663884384098
12962077042,12962077043,0,,residential,4.16060139931262
12962077043,12962077042,0,,residential,4.16060139931262
12962077043,12962077039,0,,residential,63.02478826345006
12962078634,1026991640,0,,residential,253.22603808761423
12962184049,1007404665,0,,residential,36.75153581021348
12962184049,12962184054,0,,secondary,26.35311830107525
12962184054,1007407579,0,,secondary,2.482433400060747
12962184056,1007407598,0,,secondary,2.896964932511829
13196342379,10795855135,0,Yeşilköy Caddesi,trunk,73.02872628152073
13288785258,1027174707,0,Yeşilköy Caddesi,trunk,102.07205907746176
13288785258,13196342379,0,,trunk,60.161753438933914
13291322693,1931523090,0,Ahmet Yesevi Caddesi,tertiary,17.888644467010785
13291322693,905192864,0,Ahmet Yesevi Caddesi,tertiary,52.36909521788712
13299221377,6300279742,0,,primary_link,2.1972508241704527
13341072682,13704300104,0,Ahmet Cevdet İkdam Sokağı,tertiary,53.13163779501042
13341072689,1033539782,0,Ekşi Nar Sokağı,residential,528.5017397440004
13341072689,1027923964,0,Şehit Muammer Yüzsüren Sokağı,residential,32.308857843249925
13341072689,1033539871,0,Şehit Muammer Yüzsüren Sokağı,residential,150.55262102947026
13370167352,968158061,0,,unclassified,714.3247036463781
13609786203,2245056706,0,D-100 Güney Yanyolu,primary,216.18885108487007
13609786206,13609786203,0,D-100 Güney Yanyolu,primary,15.638245271184129
13609786206,2370422433,0,Fikret Mualla Caddesi,residential,164.40707175411686
13690671176,13690686458,0,,residential,47.21816032116597
13690671176,13690686406,0,,residential,32.91183729532345
13690671176,13690686430,0,,residential,63.731614069849066
13690671187,13690686415,0,,residential,150.96879464624817
13690671187,13690686449,0,,residential,75.27717399233137
13690671187,13690686456,0,,residential,78.02582388669065
13690671188,13690686404,0,,residential,216.22722377624814
13690671188,13690686404,1,,residential,127.57579740727854
13690671188,13690686480,0,,residential,113.90278531853264
13690686404,13690671188,0,,residential,216.22722377624808
13690686404,13690671188,1,,residential,127.57579740727854
13690686404,13690686464,0,,residential,67.40176108576269
13690686406,13690686411,0,,residential,61.84126522642961
13690686406,13690671176,0,,residential,32.91183729532345
13690686406,13690686464,0,,residential,32.75254281709316
13690686407,13690686408,0,,residential,46.525540738037584
13690686407,13690686415,0,,residential,48.28708724173152
13690686407,13690686456,0,,residential,45.62934993665658
13690686408,13690686407,0,,residential,46.525540738037584
13690686408,13690686409,0,,residential,56.668942834215166
13690686408,13690686457,0,,residential,47.506451071230636
13690686408,13690686414,0,,residential,45.42398255122363
13690686409,13690686458,0,,residential,49.946803381778025
13690686409,13690686408,0,,residential,56.668942834215166
13690686409,13690686411,0,,residential,9.072225612162192
13690686411,13690686406,0,,residential,61.84126522642961
13690686411,13690686409,0,,residential,9.072225612162192
13690686411,13690686413,0,,residential,43.33773991116987
13690686413,13690686419,0,,residential,39.19097075076916
13690686413,13690686411,0,,residential,43.33773991116987
13690686413,13690686418,0,,residential,37.45533076964566
13690686414,13690686408,0,,residential,45.42398255122363
13690686414,13690686415,0,,residential,48.06188182714015
13690686414,13690686419,0,,residential,46.95386578160168
13690686415,13690686414,0,,residential,48.06188182714015
13690686415,13690686407,0,,residential,48.28708724173152
13690686415,13690671187,0,,residential,150.96879464624817
13690686415,13690686420,0,,residential,146.45084804788274
13690686418,13690686413,0,,residential,37.45533076964566
13690686419,13690686414,0,,residential,46.95386578160168
13690686419,13690686413,0,,residential,39.19097075076916
13690686419,13690686420,0,,residential,48.44843432646031
13690686420,13690686419,0,,residential,48.44843432646031
13690686420,13690686415,0,,residential,146.45084804788274
13690686420,13690686424,0,,residential,80.91132259602007
13690686424,13690686420,0,,residential,80.91132259602007
13690686425,13690686426,0,,residential,45.89556439954267
13690686425,13690686427,0,,residential,87.63152356388287
13690686425,13690686431,0,,residential,41.28162502623268
13690686426,13690686425,0,,residential,45.89556439954267
13690686426,13690686457,0,,residential,47.12205873406334
13690686426,13690686429,0,,residential,40.534119244406355
13690686426,13690686427,0,,residential,47.23306759298966
13690686427,13690686426,0,,residential,47.23306759298966
13690686427,13690686456,0,,residential,45.561825015909704
13690686427,13690686425,0,,residential,87.63152356388287
13690686429,13690686426,0,,residential,40.534119244406355
13690686429,13690686430,0,,residential,42.431903256245434
13690686429,13690686431,0,,residential,46.122318040473104
13690686429,13690686458,0,,residential,50.0862715735865
13690686430,13690686429,0,,residential,42.431903256245434
13690686430,13690671176,0,,residential,63.73161406984906
13690686430,13690686469,0,,residential,47.14580579215421
13690686431,13690686429,0,,residential,46.122318040473104
13690686431,13690686469,0,,residential,44.20182262319932
13690686431,13690686425,0,,residential,41.28162502623268
13690686449,1026970893,0,,trunk_link,100.6456491372311
13690686449,13690671187,0,,residential,75.27717399233138
13690686456,13690686407,0,,residential,45.62934993665658
13690686456,13690686457,0,,residential,45.02601603421755
13690686456,13690686427,0,,residential,45.561825015909704
13690686456,13690671187,0,,residential,78.02582388669065
13690686457,13690686408,0,,residential,47.506451071230636
13690686457,13690686426,0,,residential,47.12205873406334
13690686457,13690686456,0,,residential,45.02601603421755
13690686457,13690686458,0,,residential,43.8024614343108
13690686458,13690686409,0,,residential,49.946803381778025
13690686458,13690686429,0,,residential,50.0862715735865
13690686458,13690686457,0,,residential,43.8024614343108
13690686458,13690671176,0,,residential,47.21816032116597
13690686464,13690686404,0,,residential,67.40176108576269
13690686464,13690686406,0,,residential,32.75254281709316
13690686464,13690686480,0,,residential,94.00364653634963
13690686464,6761863770,0,,residential,127.95104107584984
13690686469,13690686431,0,,residential,44.20182262319932
13690686469,13690686430,0,,residential,47.14580579215421
13690686469,13690686480,0,,residential,98.20095873039125
13690686480,13690671188,0,,residential,113.90278531853265
13690686480,13690686469,0,,residential,98.20095873039124
13690686480,13690686464,0,,residential,94.00364653634963
13704296865,13704296866,0,,tertiary,18.03096274293173
13704296866,13704296873,0,,tertiary,163.98574845904523
13704296866,13704296879,0,,tertiary,192.81845312669373
13704296873,1857603477,0,D-100 Güney Yanyolu,primary,265.6886965331701
13704296892,13704300122,0,Ahmet Cevdet İkdam Sokağı,tertiary,12.792999995945111
13704300104,1027923964,0,,tertiary,55.726727103703254
13704300104,13704296865,0,,tertiary,33.5872185600379
13704300122,1064675609,0,Ahmet Cevdet İkdam Sokağı,tertiary,76.59117131131802
13713364854,13713364883,0,,residential,7.443967588673406
13713364862,13713364890,0,,residential,10.051499197593515
13713364864,1027174617,0,Yeşilköy Caddesi,trunk,2.7601414435045957
13713364883,13713364862,0,,residential,16.42872505190971
13713364883,13713364864,0,,residential,191.15129280353554
13713364890,13713364854,0,,residential,15.544888856637275
13713364890,13713364916,0,,residential,36.984894821110295
13713364915,13713364864,0,Yeşilköy Caddesi,trunk,184.6033881672497
13713364915,13713364862,0,,residential,192.11423571657164
13713364916,2371873288,0,,residential,555.6119132408231
13713364916,13713364854,0,,residential,29.25029331957705
13713396013,958405184,0,Aydın Yuva Sokağı,residential,2.6355290493567973
13713396013,13713396016,0,,residential,80.0807627708616
13713396016,13713396013,0,,residential,80.0807627708616
13716437556,958405595,0,Kireç Ocağı Yolu Kavşağı,tertiary,2.596103971505177
13716437556,4586888656,0,,residential,53.92979980026112
13736826260,958405458,0,Sugözü Sokağı,residential,5.4066714909880575
13736826260,968158233,0,Sugözü Sokağı,residential,89.08889040345358
13736826260,13736826264,0,,residential,97.34544327942935
13736826264,958405255,0,Tez Sokağı,tertiary,120.67523955877311
13736826264,958405065,0,Tez Sokağı,tertiary,40.53733055607608
13736826264,13736826260,0,,residential,97.34544327942935
13736829416,966218399,0,Yakup Şevki Sokağı,residential,34.9090534173721
13736829416,966218398,0,Yakup Şevki Sokağı,residential,20.861373107573204
13736829416,13736829420,0,,residential,140.70709483967104
13736829420,966218716,0,Rıfkı Işık Sokağı,residential,7.081535762441973
13736829420,966218430,0,Rıfkı Işık Sokağı,residential,23.760095707064533
13736829420,13736829416,0,,residential,140.70709483967104
13745426358,988336543,0,,residential,35.130979810384844
13752009287,1027243321,0,Menekşe Sokağı,residential,47.103568803029376
13785147621,13785147628,0,,residential,7.101832770586428
13785147628,13785147646,0,,residential,16.929498540934798
13785147628,1005965681,0,,residential,33.31941241663489
13785147631,13785147621,0,,residential,17.00688692960886
13785147631,1005965733,0,Kilitbahir Sokağı,residential,20.329893150657412
13785147633,13785147631,0,,residential,6.803030912484203
13785147646,13785147648,0,,residential,2.9009608819738286
13785147648,13785147633,0,,residential,16.26155419226604
13785147648,1005965720,0,,residential,30.178223525544265
13845960911,3178643365,0,Rauf Orbay Caddesi,trunk,298.1950873029974
13845960911,13845960915,0,,trunk_link,60.688576411742886
13845960915,3178643365,0,,trunk_link,239.5717989174443
13881850738,966218547,0,Koşuyolu Caddesi,tertiary,37.27715273547747
13881850738,966218471,0,Şanlı Asker Sokağı,residential,16.870993799947968
13891516134,958405385,0,Dr. Tevfik Sağlam,secondary,29.507931513797516
13891516134,958405334,0,Turanlı Sokağı,residential,123.89529772476953
13891532709,13891532722,0,Demirkapı Caddesi,tertiary,26.525049209046365
13891532709,13891532718,0,,tertiary,17.9822089546599
13891532713,13891532716,0,Zuhuratbaba Caddesi,tertiary,4.289736946591346
13891532716,13891532718,0,,tertiary_link,10.163911444391868
13891532716,958703283,0,Zuhuratbaba Caddesi,tertiary,36.89545030048223
13891532718,2382891993,0,,tertiary,10.747848835441962
13891532718,13891532722,0,,tertiary_link,16.999012491461407
13891532722,2382891996,0,Demirkapı Caddesi,tertiary,12.30327456719429
13914561021,959578620,0,General Şükrü Kanatlı Caddesi,residential,81.630881180046
13914561026,966218431,0,Rıfkı Işık Sokağı,residential,53.11712444628869
13921153584,2380758447,0,Hat Üstü Sokağı,residential,184.7434145410828
13921153595,1033540174,0,,secondary,84.97073941238715
13921153595,1027924701,0,,secondary,17.93009649918744
13921153822,2380790713,0,Yeşilköy Halkalı Caddesi,secondary,13.20818520096702
13921153834,1027924714,0,Florya Caddesi,secondary,84.17747868670776
13976347216,14075576914,0,,tertiary,12.095074745760357
13976347216,12782217605,0,,tertiary,77.65625294189266
14075576914,13976347216,0,,tertiary,12.095074745760357
14075576914,1007406271,0,Yüzücü Talat Yüzmen Sokağı,tertiary,222.89771230501083
14075576914,1007407748,0,Yüzücü Talat Yüzmen Sokağı,tertiary,7.352474640210272
